job_title,category,question
AI Engineer,Experience,What experience do you have with fine-tuning models in past projects and what was the outcome?
Data Scientist,Leadership,Explain how you would handle conflict between team members over approaches to time series forecasting.
Cyber Security Engineer,Behavioral,Describe how you manage competing priorities when working on secure coding practices tasks.
Interactive Media Specialist,Problem Solving,Here's a problem: how would you approach optimizing interactive storytelling for a large-scale Interactive Media Specialist system? (with limited budget and time).
Network Engineer,Technical,How would you design a solution for network monitoring in the context of a Network Engineer position?
UX/UI Designer,Behavioral,Share an example when you had to learn a new tool or technique for user research methods quickly (while ensuring accessibility).
Backend Developer,Technical,Explain the key concepts of scalability and how you would apply them in a Backend Developer role.
Frontend Developer,Technical,What are common pitfalls when working with CSS layout techniques and how do you avoid them? (with limited budget and time).
Network Engineer,Leadership,How do you foster a culture of quality and security around VPNs in your team? (while ensuring accessibility).
Information Systems Engineer,Problem Solving,Design an algorithm or approach to solve business process modeling in a Information Systems Engineer setting. Explain complexity.
Backend Developer,Leadership,Share your strategy to prioritize work and align stakeholders when implementing scalability.
Backend Developer,Behavioral,Describe a situation where you had to collaborate with others to solve a problem related to microservices (in a cloud-native environment).
Computer Scientist,Behavioral,Describe a situation where you had to collaborate with others to solve a problem related to computational theory (for a legacy system).
Full Stack Developer,Problem Solving,How would you break down a complex frontend-backend integration problem into smaller tasks for a Full Stack Developer team? (in a cloud-native environment).
Full Stack Developer,Technical,Walk me through the steps to implement performance optimization for a Full Stack Developer project.
Data Scientist,Experience,Describe a project where you used deep learning architectures and the role you played in it.
Network Engineer,Leadership,Describe how you'd mentor junior engineers/designers on best practices for network troubleshooting.
Backend Developer,Problem Solving,Propose a solution to improve asynchronous processing when faced with limited resources in a Backend Developer project.
Computer Scientist,Behavioral,Have you ever had to persuade stakeholders about an approach to data structures? What happened?
Data Scientist,Technical,Walk me through the steps to implement machine learning model selection for a Data Scientist project.
Information Systems Engineer,Problem Solving,Design an algorithm or approach to solve systems analysis in a Information Systems Engineer setting. Explain complexity.
UX/UI Designer,Leadership,How would you lead a team building a information architecture feature from concept to production in a UX/UI Designer context? (while ensuring accessibility).
Information Systems Engineer,Leadership,Share your strategy to prioritize work and align stakeholders when implementing ERP systems.
Computer Scientist,Leadership,Share your strategy to prioritize work and align stakeholders when implementing distributed systems.
Full Stack Developer,Behavioral,Describe a situation where you had to collaborate with others to solve a problem related to performance optimization.
Full Stack Developer,Problem Solving,Design an algorithm or approach to solve frontend-backend integration in a Full Stack Developer setting. Explain complexity.
Data Scientist,Experience,Discuss a system you built that relied on deep learning architectures and the biggest lessons learned.
Computer Scientist,Leadership,Explain how you would handle conflict between team members over approaches to computational theory.
Information Systems Engineer,Technical,Explain the key concepts of IT governance and how you would apply them in a Information Systems Engineer role.
Network Engineer,Problem Solving,Here's a problem: how would you approach optimizing routing protocols for a large-scale Network Engineer system?
Backend Developer,Problem Solving,"Given a scenario with microservices failures, outline your debugging and mitigation steps for a Backend Developer role (with limited budget and time)."
Full Stack Developer,Experience,Which tools or frameworks have you used for frontend-backend integration and which did you prefer? Why? (in a cloud-native environment).
Cyber Security Engineer,Technical,Explain the key concepts of threat modeling and how you would apply them in a Cyber Security Engineer role (in a cloud-native environment).
Information Systems Engineer,Technical,What are common pitfalls when working with IT governance and how do you avoid them?
Frontend Developer,Technical,What are common pitfalls when working with web performance and how do you avoid them?
Interactive Media Specialist,Experience,Discuss a system you built that relied on multimedia authoring tools and the biggest lessons learned.
Information Systems Engineer,Behavioral,Describe how you manage competing priorities when working on business process modeling tasks.
Backend Developer,Leadership,How would you lead a team building a caching strategies feature from concept to production in a Backend Developer context? (while ensuring accessibility).
Cyber Security Engineer,Problem Solving,Design an algorithm or approach to solve network security in a Cyber Security Engineer setting. Explain complexity.
Backend Developer,Technical,What are common pitfalls when working with microservices and how do you avoid them?
AI Engineer,Leadership,Share your strategy to prioritize work and align stakeholders when implementing continuously learning systems (with limited budget and time).
Information Systems Engineer,Experience,What experience do you have with database management in past projects and what was the outcome? (in a cloud-native environment).
Information Systems Engineer,Technical,How would you design a solution for requirements gathering in the context of a Information Systems Engineer position?
AI Engineer,Technical,Explain the key concepts of prompt engineering and how you would apply them in a AI Engineer role.
Network Engineer,Technical,What are common pitfalls when working with QoS and how do you avoid them? (considering performance at scale).
Backend Developer,Problem Solving,"Given a scenario with microservices failures, outline your debugging and mitigation steps for a Backend Developer role (considering performance at scale)."
Backend Developer,Problem Solving,Propose a solution to improve asynchronous processing when faced with limited resources in a Backend Developer project.
Information Systems Engineer,Problem Solving,Design an algorithm or approach to solve business process modeling in a Information Systems Engineer setting. Explain complexity.
Backend Developer,Experience,How have you measured success when working on asynchronous processing initiatives? (in a cloud-native environment).
Backend Developer,Leadership,Share your strategy to prioritize work and align stakeholders when implementing scalability.
Interactive Media Specialist,Experience,Which tools or frameworks have you used for AR/VR basics and which did you prefer? Why?
Backend Developer,Problem Solving,"Given a scenario with scalability failures, outline your debugging and mitigation steps for a Backend Developer role."
Full Stack Developer,Leadership,How would you lead a team building a authentication feature from concept to production in a Full Stack Developer context?
Full Stack Developer,Behavioral,Have you ever had to persuade stakeholders about an approach to authentication? What happened? (for a legacy system).
Data Scientist,Behavioral,Share an example when you had to learn a new tool or technique for feature engineering quickly (considering performance at scale).
Cyber Security Engineer,Experience,How have you measured success when working on encryption and cryptography initiatives?
UX/UI Designer,Problem Solving,"Given a scenario with design systems failures, outline your debugging and mitigation steps for a UX/UI Designer role."
Data Scientist,Technical,Explain the key concepts of time series forecasting and how you would apply them in a Data Scientist role.
Network Engineer,Behavioral,Share an example when you had to learn a new tool or technique for subnetting and CIDR quickly.
Network Engineer,Technical,Explain the key concepts of QoS and how you would apply them in a Network Engineer role (considering performance at scale).
Backend Developer,Leadership,Share your strategy to prioritize work and align stakeholders when implementing API versioning.
Interactive Media Specialist,Problem Solving,Propose a solution to improve performance optimization for media when faced with limited resources in a Interactive Media Specialist project (in a cloud-native environment).
Information Systems Engineer,Leadership,How do you foster a culture of quality and security around business process modeling in your team?
AI Engineer,Behavioral,Share an example when you had to learn a new tool or technique for continuously learning systems quickly.
Computer Scientist,Technical,What are common pitfalls when working with operating systems and how do you avoid them?
Information Systems Engineer,Problem Solving,Here's a problem: how would you approach optimizing database management for a large-scale Information Systems Engineer system?
Network Engineer,Leadership,How would you lead a team building a QoS feature from concept to production in a Network Engineer context?
Computer Scientist,Technical,Explain the key concepts of data structures and how you would apply them in a Computer Scientist role.
Information Systems Engineer,Behavioral,Have you ever had to persuade stakeholders about an approach to ERP systems? What happened? (in a cloud-native environment).
UX/UI Designer,Problem Solving,How would you break down a complex user research methods problem into smaller tasks for a UX/UI Designer team?
UX/UI Designer,Experience,How have you measured success when working on design systems initiatives? (with limited budget and time).
UX/UI Designer,Problem Solving,Here's a problem: how would you approach optimizing prototyping tools for a large-scale UX/UI Designer system?
UX/UI Designer,Leadership,Describe how you'd mentor junior engineers/designers on best practices for accessibility design.
Frontend Developer,Problem Solving,"Given a scenario with responsive design failures, outline your debugging and mitigation steps for a Frontend Developer role (with limited budget and time)."
Interactive Media Specialist,Technical,Describe the trade-offs between different approaches to game mechanics for a Interactive Media Specialist (while ensuring accessibility).
Network Engineer,Leadership,Explain how you would handle conflict between team members over approaches to VPNs (in a cloud-native environment).
Data Scientist,Experience,How have you measured success when working on deep learning architectures initiatives?
Frontend Developer,Experience,How have you measured success when working on JavaScript event handling initiatives?
Interactive Media Specialist,Experience,Which tools or frameworks have you used for AR/VR basics and which did you prefer? Why?
Interactive Media Specialist,Behavioral,Describe how you manage competing priorities when working on UX for interactive media tasks.
Network Engineer,Leadership,How do you foster a culture of quality and security around network monitoring in your team?
UX/UI Designer,Leadership,Share your strategy to prioritize work and align stakeholders when implementing usability testing (while ensuring accessibility).
AI Engineer,Technical,Explain the key concepts of model interpretability and how you would apply them in a AI Engineer role (considering performance at scale).
Cyber Security Engineer,Behavioral,Describe how you manage competing priorities when working on network security tasks.
AI Engineer,Technical,Explain the key concepts of model deployment and how you would apply them in a AI Engineer role (considering performance at scale).
Network Engineer,Experience,Describe a project where you used routing protocols and the role you played in it (while ensuring accessibility).
Full Stack Developer,Problem Solving,"Given a scenario with performance optimization failures, outline your debugging and mitigation steps for a Full Stack Developer role (while ensuring accessibility)."
UX/UI Designer,Leadership,Share your strategy to prioritize work and align stakeholders when implementing user research methods.
Frontend Developer,Technical,How would you design a solution for responsive design in the context of a Frontend Developer position? (while ensuring accessibility).
Backend Developer,Experience,Describe a project where you used API versioning and the role you played in it (in a cloud-native environment).
Frontend Developer,Experience,How have you measured success when working on accessibility (a11y) initiatives?
Interactive Media Specialist,Experience,Describe a project where you used AR/VR basics and the role you played in it.
Network Engineer,Behavioral,Share an example when you had to learn a new tool or technique for network troubleshooting quickly.
Full Stack Developer,Experience,Which tools or frameworks have you used for deployment and which did you prefer? Why?
Network Engineer,Leadership,Explain how you would handle conflict between team members over approaches to VPNs.
Data Scientist,Leadership,Describe how you'd mentor junior engineers/designers on best practices for A/B testing.
Interactive Media Specialist,Leadership,How would you lead a team building a audio-visual synchronization feature from concept to production in a Interactive Media Specialist context?
Cyber Security Engineer,Technical,Explain the key concepts of encryption and cryptography and how you would apply them in a Cyber Security Engineer role (for a legacy system).
Computer Scientist,Experience,Describe a project where you used compiler design and the role you played in it.
Computer Scientist,Leadership,Explain how you would handle conflict between team members over approaches to concurrency.
Frontend Developer,Experience,Describe a project where you used cross-browser compatibility and the role you played in it (for a legacy system).
Backend Developer,Technical,What are common pitfalls when working with database transactions and how do you avoid them?
Data Scientist,Behavioral,Have you ever had to persuade stakeholders about an approach to machine learning model selection? What happened?
Full Stack Developer,Experience,Which tools or frameworks have you used for database schema design and which did you prefer? Why?
Cyber Security Engineer,Leadership,How would you lead a team building a incident response feature from concept to production in a Cyber Security Engineer context?
Information Systems Engineer,Technical,How would you design a solution for ERP systems in the context of a Information Systems Engineer position?
Full Stack Developer,Behavioral,Tell me about a time you faced a challenge involving RESTful API design and how you handled it.
Computer Scientist,Problem Solving,How would you break down a complex computational theory problem into smaller tasks for a Computer Scientist team?
AI Engineer,Technical,Explain the key concepts of prompt engineering and how you would apply them in a AI Engineer role.
Backend Developer,Problem Solving,Here's a problem: how would you approach optimizing API versioning for a large-scale Backend Developer system?
AI Engineer,Technical,What are common pitfalls when working with continuously learning systems and how do you avoid them?
Interactive Media Specialist,Technical,Walk me through the steps to implement interactive storytelling for a Interactive Media Specialist project.
Backend Developer,Experience,Discuss a system you built that relied on security best practices and the biggest lessons learned.
Backend Developer,Behavioral,Tell me about a time you faced a challenge involving caching strategies and how you handled it (while ensuring accessibility).
AI Engineer,Technical,How would you design a solution for fine-tuning models in the context of a AI Engineer position? (considering performance at scale).
UX/UI Designer,Problem Solving,Design an algorithm or approach to solve information architecture in a UX/UI Designer setting. Explain complexity.
Network Engineer,Problem Solving,"Given a scenario with QoS failures, outline your debugging and mitigation steps for a Network Engineer role."
Interactive Media Specialist,Behavioral,Describe a situation where you had to collaborate with others to solve a problem related to game mechanics.
Full Stack Developer,Leadership,How would you lead a team building a RESTful API design feature from concept to production in a Full Stack Developer context?
Information Systems Engineer,Leadership,How would you lead a team building a database management feature from concept to production in a Information Systems Engineer context?
Frontend Developer,Experience,Which tools or frameworks have you used for web performance and which did you prefer? Why?
Backend Developer,Technical,Explain the key concepts of security best practices and how you would apply them in a Backend Developer role (with limited budget and time).
Data Scientist,Experience,How have you measured success when working on machine learning model selection initiatives?
Information Systems Engineer,Leadership,Describe how you'd mentor junior engineers/designers on best practices for requirements gathering.
Full Stack Developer,Behavioral,Have you ever had to persuade stakeholders about an approach to deployment? What happened?
Backend Developer,Problem Solving,How would you break down a complex asynchronous processing problem into smaller tasks for a Backend Developer team?
AI Engineer,Technical,Walk me through the steps to implement fine-tuning models for a AI Engineer project.
AI Engineer,Technical,Explain the key concepts of transformers and how you would apply them in a AI Engineer role.
UX/UI Designer,Experience,Describe a project where you used usability testing and the role you played in it.
Computer Scientist,Problem Solving,How would you break down a complex data structures problem into smaller tasks for a Computer Scientist team? (while ensuring accessibility).
Backend Developer,Behavioral,Have you ever had to persuade stakeholders about an approach to database transactions? What happened?
UX/UI Designer,Technical,How would you design a solution for information architecture in the context of a UX/UI Designer position? (with limited budget and time).
Cyber Security Engineer,Experience,Which tools or frameworks have you used for IAM (Identity and Access Management) and which did you prefer? Why?
Full Stack Developer,Technical,What are common pitfalls when working with RESTful API design and how do you avoid them?
Full Stack Developer,Technical,How would you design a solution for RESTful API design in the context of a Full Stack Developer position?
Data Scientist,Behavioral,Describe a situation where you had to collaborate with others to solve a problem related to machine learning model selection.
Information Systems Engineer,Technical,Walk me through the steps to implement enterprise architecture for a Information Systems Engineer project.
Cyber Security Engineer,Leadership,Explain how you would handle conflict between team members over approaches to incident response.
Frontend Developer,Problem Solving,Design an algorithm or approach to solve JavaScript event handling in a Frontend Developer setting. Explain complexity (in a cloud-native environment).
AI Engineer,Behavioral,Describe how you manage competing priorities when working on prompt engineering tasks.
AI Engineer,Leadership,How do you foster a culture of quality and security around fine-tuning models in your team?
Computer Scientist,Problem Solving,Propose a solution to improve operating systems when faced with limited resources in a Computer Scientist project.
Frontend Developer,Leadership,How would you lead a team building a web performance feature from concept to production in a Frontend Developer context?
Computer Scientist,Leadership,How would you lead a team building a compiler design feature from concept to production in a Computer Scientist context?
Computer Scientist,Technical,Explain the key concepts of computational theory and how you would apply them in a Computer Scientist role (for a legacy system).
Data Scientist,Leadership,Share your strategy to prioritize work and align stakeholders when implementing feature engineering.
Full Stack Developer,Problem Solving,Design an algorithm or approach to solve deployment in a Full Stack Developer setting. Explain complexity.
UX/UI Designer,Leadership,Explain how you would handle conflict between team members over approaches to wireframing (while ensuring accessibility).
Network Engineer,Technical,Walk me through the steps to implement switching concepts for a Network Engineer project.
UX/UI Designer,Behavioral,Share an example when you had to learn a new tool or technique for wireframing quickly.
Cyber Security Engineer,Technical,What are common pitfalls when working with secure coding practices and how do you avoid them?
Backend Developer,Technical,What are common pitfalls when working with caching strategies and how do you avoid them?
Information Systems Engineer,Technical,How would you design a solution for business process modeling in the context of a Information Systems Engineer position? (while ensuring accessibility).
AI Engineer,Leadership,Describe how you'd mentor junior engineers/designers on best practices for model interpretability (considering performance at scale).
UX/UI Designer,Technical,Describe the trade-offs between different approaches to prototyping tools for a UX/UI Designer.
Network Engineer,Experience,Describe a project where you used network troubleshooting and the role you played in it (while ensuring accessibility).
AI Engineer,Problem Solving,Here's a problem: how would you approach optimizing model interpretability for a large-scale AI Engineer system? (considering performance at scale).
Cyber Security Engineer,Leadership,Share your strategy to prioritize work and align stakeholders when implementing encryption and cryptography.
UX/UI Designer,Behavioral,Tell me about a time you faced a challenge involving design systems and how you handled it.
Data Scientist,Leadership,How do you foster a culture of quality and security around deep learning architectures in your team?
Full Stack Developer,Leadership,Describe how you'd mentor junior engineers/designers on best practices for state management (in a cloud-native environment).
Cyber Security Engineer,Experience,What experience do you have with encryption and cryptography in past projects and what was the outcome?
Full Stack Developer,Technical,Explain the key concepts of authentication and how you would apply them in a Full Stack Developer role.
Frontend Developer,Technical,Walk me through the steps to implement CSS layout techniques for a Frontend Developer project (for a legacy system).
Interactive Media Specialist,Leadership,Describe how you'd mentor junior engineers/designers on best practices for audio-visual synchronization.
Backend Developer,Leadership,Describe how you'd mentor junior engineers/designers on best practices for scalability.
Information Systems Engineer,Problem Solving,Here's a problem: how would you approach optimizing systems analysis for a large-scale Information Systems Engineer system?
Information Systems Engineer,Leadership,Explain how you would handle conflict between team members over approaches to IT governance.
Information Systems Engineer,Leadership,How do you foster a culture of quality and security around database management in your team?
Full Stack Developer,Technical,Walk me through the steps to implement performance optimization for a Full Stack Developer project.
Cyber Security Engineer,Technical,How would you design a solution for secure coding practices in the context of a Cyber Security Engineer position?
Network Engineer,Behavioral,Have you ever had to persuade stakeholders about an approach to network troubleshooting? What happened?
Computer Scientist,Leadership,How would you lead a team building a computational theory feature from concept to production in a Computer Scientist context?
Information Systems Engineer,Technical,Explain the key concepts of enterprise architecture and how you would apply them in a Information Systems Engineer role.
Frontend Developer,Technical,Explain the key concepts of cross-browser compatibility and how you would apply them in a Frontend Developer role.
Interactive Media Specialist,Technical,Walk me through the steps to implement game mechanics for a Interactive Media Specialist project.
Computer Scientist,Technical,How would you design a solution for concurrency in the context of a Computer Scientist position?
Frontend Developer,Problem Solving,"Given a scenario with JavaScript event handling failures, outline your debugging and mitigation steps for a Frontend Developer role (for a legacy system)."
Network Engineer,Technical,Walk me through the steps to implement subnetting and CIDR for a Network Engineer project.
Information Systems Engineer,Behavioral,Share an example when you had to learn a new tool or technique for systems analysis quickly (for a legacy system).
Cyber Security Engineer,Leadership,How would you lead a team building a threat modeling feature from concept to production in a Cyber Security Engineer context? (with limited budget and time).
Interactive Media Specialist,Problem Solving,Propose a solution to improve interactive storytelling when faced with limited resources in a Interactive Media Specialist project.
Full Stack Developer,Experience,Which tools or frameworks have you used for RESTful API design and which did you prefer? Why?
Network Engineer,Problem Solving,"Given a scenario with subnetting and CIDR failures, outline your debugging and mitigation steps for a Network Engineer role."
AI Engineer,Problem Solving,Design an algorithm or approach to solve model interpretability in a AI Engineer setting. Explain complexity.
Data Scientist,Experience,How have you measured success when working on deep learning architectures initiatives?
Data Scientist,Leadership,How would you lead a team building a time series forecasting feature from concept to production in a Data Scientist context? (for a legacy system).
Data Scientist,Leadership,How do you foster a culture of quality and security around deep learning architectures in your team?
Network Engineer,Leadership,How do you foster a culture of quality and security around network monitoring in your team?
AI Engineer,Experience,Describe a project where you used MLOps and the role you played in it (while ensuring accessibility).
Data Scientist,Problem Solving,Design an algorithm or approach to solve model evaluation metrics in a Data Scientist setting. Explain complexity.
Data Scientist,Problem Solving,Propose a solution to improve data preprocessing when faced with limited resources in a Data Scientist project.
Computer Scientist,Leadership,How do you foster a culture of quality and security around computational theory in your team?
Data Scientist,Behavioral,Tell me about a time you faced a challenge involving deep learning architectures and how you handled it.
Cyber Security Engineer,Behavioral,Describe how you manage competing priorities when working on secure coding practices tasks (considering performance at scale).
Network Engineer,Experience,How have you measured success when working on switching concepts initiatives?
Frontend Developer,Behavioral,Describe a situation where you had to collaborate with others to solve a problem related to cross-browser compatibility.
Computer Scientist,Problem Solving,Design an algorithm or approach to solve concurrency in a Computer Scientist setting. Explain complexity.
Data Scientist,Behavioral,Describe how you manage competing priorities when working on model evaluation metrics tasks.
Information Systems Engineer,Experience,Discuss a system you built that relied on business process modeling and the biggest lessons learned (for a legacy system).
Full Stack Developer,Behavioral,Share an example when you had to learn a new tool or technique for authentication quickly (for a legacy system).
Network Engineer,Behavioral,Share an example when you had to learn a new tool or technique for network troubleshooting quickly.
Backend Developer,Leadership,Explain how you would handle conflict between team members over approaches to scalability (in a cloud-native environment).
AI Engineer,Leadership,Explain how you would handle conflict between team members over approaches to prompt engineering (in a cloud-native environment).
Cyber Security Engineer,Leadership,Explain how you would handle conflict between team members over approaches to encryption and cryptography.
Data Scientist,Experience,Discuss a system you built that relied on deep learning architectures and the biggest lessons learned (with limited budget and time).
Cyber Security Engineer,Technical,How would you design a solution for encryption and cryptography in the context of a Cyber Security Engineer position?
Network Engineer,Leadership,How would you lead a team building a network monitoring feature from concept to production in a Network Engineer context? (considering performance at scale).
UX/UI Designer,Technical,How would you design a solution for accessibility design in the context of a UX/UI Designer position?
Full Stack Developer,Leadership,Explain how you would handle conflict between team members over approaches to performance optimization.
Cyber Security Engineer,Experience,Describe a project where you used encryption and cryptography and the role you played in it (with limited budget and time).
AI Engineer,Technical,What are common pitfalls when working with fine-tuning models and how do you avoid them? (considering performance at scale).
AI Engineer,Experience,Which tools or frameworks have you used for model interpretability and which did you prefer? Why?
AI Engineer,Leadership,Share your strategy to prioritize work and align stakeholders when implementing model deployment.
Full Stack Developer,Experience,What experience do you have with database schema design in past projects and what was the outcome?
Information Systems Engineer,Problem Solving,Propose a solution to improve requirements gathering when faced with limited resources in a Information Systems Engineer project (in a cloud-native environment).
Full Stack Developer,Experience,Which tools or frameworks have you used for authentication and which did you prefer? Why?
Full Stack Developer,Leadership,Explain how you would handle conflict between team members over approaches to performance optimization (with limited budget and time).
Data Scientist,Technical,What are common pitfalls when working with A/B testing and how do you avoid them? (for a legacy system).
Data Scientist,Experience,What experience do you have with model evaluation metrics in past projects and what was the outcome?
Frontend Developer,Leadership,Share your strategy to prioritize work and align stakeholders when implementing cross-browser compatibility.
AI Engineer,Leadership,Describe how you'd mentor junior engineers/designers on best practices for MLOps.
Full Stack Developer,Problem Solving,How would you break down a complex performance optimization problem into smaller tasks for a Full Stack Developer team?
Network Engineer,Leadership,How do you foster a culture of quality and security around network monitoring in your team? (considering performance at scale).
Cyber Security Engineer,Behavioral,Describe a situation where you had to collaborate with others to solve a problem related to IAM (Identity and Access Management).
Backend Developer,Problem Solving,Design an algorithm or approach to solve asynchronous processing in a Backend Developer setting. Explain complexity.
Computer Scientist,Experience,Discuss a system you built that relied on distributed systems and the biggest lessons learned (for a legacy system).
Computer Scientist,Problem Solving,Propose a solution to improve algorithms complexity when faced with limited resources in a Computer Scientist project (considering performance at scale).
Computer Scientist,Leadership,How would you lead a team building a algorithms complexity feature from concept to production in a Computer Scientist context?
Cyber Security Engineer,Behavioral,Have you ever had to persuade stakeholders about an approach to encryption and cryptography? What happened?
Backend Developer,Problem Solving,Here's a problem: how would you approach optimizing security best practices for a large-scale Backend Developer system?
AI Engineer,Technical,What are common pitfalls when working with model deployment and how do you avoid them?
Network Engineer,Technical,Describe the trade-offs between different approaches to network troubleshooting for a Network Engineer.
Interactive Media Specialist,Technical,Walk me through the steps to implement game mechanics for a Interactive Media Specialist project.
Computer Scientist,Experience,Describe a project where you used computational theory and the role you played in it.
Backend Developer,Behavioral,Share an example when you had to learn a new tool or technique for microservices quickly.
AI Engineer,Technical,How would you design a solution for MLOps in the context of a AI Engineer position?
Information Systems Engineer,Technical,What are common pitfalls when working with business process modeling and how do you avoid them? (while ensuring accessibility).
Information Systems Engineer,Experience,Discuss a system you built that relied on requirements gathering and the biggest lessons learned.
Data Scientist,Behavioral,Describe a situation where you had to collaborate with others to solve a problem related to model evaluation metrics (considering performance at scale).
Information Systems Engineer,Technical,How would you design a solution for systems analysis in the context of a Information Systems Engineer position?
Interactive Media Specialist,Behavioral,Have you ever had to persuade stakeholders about an approach to interactive storytelling? What happened?
Interactive Media Specialist,Experience,Describe a project where you used UX for interactive media and the role you played in it.
AI Engineer,Problem Solving,Propose a solution to improve transformers when faced with limited resources in a AI Engineer project.
Interactive Media Specialist,Leadership,Explain how you would handle conflict between team members over approaches to interactive storytelling.
Interactive Media Specialist,Leadership,How do you foster a culture of quality and security around audio-visual synchronization in your team?
Backend Developer,Technical,How would you design a solution for database transactions in the context of a Backend Developer position?
AI Engineer,Behavioral,Have you ever had to persuade stakeholders about an approach to prompt engineering? What happened?
Full Stack Developer,Experience,What experience do you have with RESTful API design in past projects and what was the outcome? (while ensuring accessibility).
Network Engineer,Experience,What experience do you have with network troubleshooting in past projects and what was the outcome? (for a legacy system).
UX/UI Designer,Technical,Walk me through the steps to implement user research methods for a UX/UI Designer project.
AI Engineer,Behavioral,Describe how you manage competing priorities when working on model interpretability tasks.
AI Engineer,Problem Solving,Design an algorithm or approach to solve MLOps in a AI Engineer setting. Explain complexity.
Network Engineer,Leadership,Explain how you would handle conflict between team members over approaches to network troubleshooting.
Backend Developer,Leadership,How do you foster a culture of quality and security around API versioning in your team?
AI Engineer,Problem Solving,Here's a problem: how would you approach optimizing model interpretability for a large-scale AI Engineer system?
UX/UI Designer,Problem Solving,How would you break down a complex user research methods problem into smaller tasks for a UX/UI Designer team?
Network Engineer,Problem Solving,How would you break down a complex routing protocols problem into smaller tasks for a Network Engineer team?
Computer Scientist,Leadership,Explain how you would handle conflict between team members over approaches to data structures (with limited budget and time).
UX/UI Designer,Technical,Explain the key concepts of user research methods and how you would apply them in a UX/UI Designer role.
Data Scientist,Leadership,Describe how you'd mentor junior engineers/designers on best practices for machine learning model selection (for a legacy system).
Full Stack Developer,Technical,What are common pitfalls when working with frontend-backend integration and how do you avoid them?
Network Engineer,Problem Solving,Propose a solution to improve switching concepts when faced with limited resources in a Network Engineer project.
Data Scientist,Problem Solving,How would you break down a complex machine learning model selection problem into smaller tasks for a Data Scientist team?
Network Engineer,Experience,Describe a project where you used QoS and the role you played in it.
Frontend Developer,Behavioral,Share an example when you had to learn a new tool or technique for responsive design quickly (with limited budget and time).
Network Engineer,Experience,How have you measured success when working on QoS initiatives?
Data Scientist,Problem Solving,Design an algorithm or approach to solve deep learning architectures in a Data Scientist setting. Explain complexity (considering performance at scale).
Frontend Developer,Behavioral,Share an example when you had to learn a new tool or technique for react hooks quickly (considering performance at scale).
Interactive Media Specialist,Problem Solving,Here's a problem: how would you approach optimizing AR/VR basics for a large-scale Interactive Media Specialist system? (for a legacy system).
Interactive Media Specialist,Problem Solving,Design an algorithm or approach to solve multimedia authoring tools in a Interactive Media Specialist setting. Explain complexity.
Cyber Security Engineer,Leadership,How would you lead a team building a IAM (Identity and Access Management) feature from concept to production in a Cyber Security Engineer context? (while ensuring accessibility).
Computer Scientist,Problem Solving,Design an algorithm or approach to solve compiler design in a Computer Scientist setting. Explain complexity.
Network Engineer,Experience,Discuss a system you built that relied on network troubleshooting and the biggest lessons learned (with limited budget and time).
Data Scientist,Behavioral,Tell me about a time you faced a challenge involving feature engineering and how you handled it.
Cyber Security Engineer,Behavioral,Describe a situation where you had to collaborate with others to solve a problem related to threat modeling.
Backend Developer,Technical,Walk me through the steps to implement security best practices for a Backend Developer project.
Backend Developer,Experience,How have you measured success when working on database transactions initiatives?
Full Stack Developer,Technical,What are common pitfalls when working with authentication and how do you avoid them?
Interactive Media Specialist,Behavioral,Describe how you manage competing priorities when working on UX for interactive media tasks.
Cyber Security Engineer,Problem Solving,Design an algorithm or approach to solve incident response in a Cyber Security Engineer setting. Explain complexity.
Information Systems Engineer,Leadership,Describe how you'd mentor junior engineers/designers on best practices for database management (considering performance at scale).
Network Engineer,Behavioral,Tell me about a time you faced a challenge involving VPNs and how you handled it.
Interactive Media Specialist,Leadership,How do you foster a culture of quality and security around audio-visual synchronization in your team? (while ensuring accessibility).
Full Stack Developer,Behavioral,Share an example when you had to learn a new tool or technique for performance optimization quickly.
UX/UI Designer,Problem Solving,How would you break down a complex user research methods problem into smaller tasks for a UX/UI Designer team?
Full Stack Developer,Behavioral,Tell me about a time you faced a challenge involving database schema design and how you handled it.
Network Engineer,Experience,Describe a project where you used subnetting and CIDR and the role you played in it.
Cyber Security Engineer,Behavioral,Have you ever had to persuade stakeholders about an approach to IAM (Identity and Access Management)? What happened?
UX/UI Designer,Leadership,Describe how you'd mentor junior engineers/designers on best practices for prototyping tools (while ensuring accessibility).
Data Scientist,Behavioral,Share an example when you had to learn a new tool or technique for data preprocessing quickly.
Information Systems Engineer,Behavioral,Have you ever had to persuade stakeholders about an approach to requirements gathering? What happened?
Interactive Media Specialist,Problem Solving,Propose a solution to improve game mechanics when faced with limited resources in a Interactive Media Specialist project.
Data Scientist,Technical,Walk me through the steps to implement model evaluation metrics for a Data Scientist project (while ensuring accessibility).
UX/UI Designer,Problem Solving,Propose a solution to improve accessibility design when faced with limited resources in a UX/UI Designer project (in a cloud-native environment).
Backend Developer,Behavioral,Tell me about a time you faced a challenge involving database transactions and how you handled it.
Full Stack Developer,Problem Solving,"Given a scenario with frontend-backend integration failures, outline your debugging and mitigation steps for a Full Stack Developer role."
Full Stack Developer,Problem Solving,Design an algorithm or approach to solve performance optimization in a Full Stack Developer setting. Explain complexity.
Full Stack Developer,Leadership,How would you lead a team building a frontend-backend integration feature from concept to production in a Full Stack Developer context?
Information Systems Engineer,Leadership,How do you foster a culture of quality and security around systems analysis in your team?
Backend Developer,Behavioral,Describe how you manage competing priorities when working on caching strategies tasks (in a cloud-native environment).
UX/UI Designer,Behavioral,Share an example when you had to learn a new tool or technique for usability testing quickly (with limited budget and time).
Data Scientist,Behavioral,Describe a situation where you had to collaborate with others to solve a problem related to A/B testing.
Full Stack Developer,Behavioral,Describe a situation where you had to collaborate with others to solve a problem related to authentication.
Full Stack Developer,Behavioral,Tell me about a time you faced a challenge involving database schema design and how you handled it.
Information Systems Engineer,Experience,Which tools or frameworks have you used for database management and which did you prefer? Why? (in a cloud-native environment).
Backend Developer,Problem Solving,Propose a solution to improve security best practices when faced with limited resources in a Backend Developer project.
Cyber Security Engineer,Technical,Explain the key concepts of encryption and cryptography and how you would apply them in a Cyber Security Engineer role.
Network Engineer,Behavioral,Have you ever had to persuade stakeholders about an approach to routing protocols? What happened?
Full Stack Developer,Technical,How would you design a solution for database schema design in the context of a Full Stack Developer position? (with limited budget and time).
AI Engineer,Experience,Describe a project where you used model deployment and the role you played in it.
Information Systems Engineer,Technical,What are common pitfalls when working with ERP systems and how do you avoid them? (with limited budget and time).
Network Engineer,Leadership,How would you lead a team building a routing protocols feature from concept to production in a Network Engineer context?
Computer Scientist,Experience,Describe a project where you used computational theory and the role you played in it.
Full Stack Developer,Technical,Describe the trade-offs between different approaches to database schema design for a Full Stack Developer.
Data Scientist,Experience,Discuss a system you built that relied on time series forecasting and the biggest lessons learned.
Network Engineer,Experience,How have you measured success when working on network monitoring initiatives?
Information Systems Engineer,Leadership,How would you lead a team building a database management feature from concept to production in a Information Systems Engineer context?
UX/UI Designer,Problem Solving,Propose a solution to improve wireframing when faced with limited resources in a UX/UI Designer project.
Frontend Developer,Technical,How would you design a solution for CSS layout techniques in the context of a Frontend Developer position?
UX/UI Designer,Experience,Which tools or frameworks have you used for design systems and which did you prefer? Why? (in a cloud-native environment).
Information Systems Engineer,Technical,How would you design a solution for systems analysis in the context of a Information Systems Engineer position?
Information Systems Engineer,Leadership,Explain how you would handle conflict between team members over approaches to ERP systems.
Data Scientist,Experience,What experience do you have with machine learning model selection in past projects and what was the outcome?
Information Systems Engineer,Leadership,Share your strategy to prioritize work and align stakeholders when implementing systems analysis.
Data Scientist,Technical,What are common pitfalls when working with A/B testing and how do you avoid them? (for a legacy system).
Data Scientist,Behavioral,Tell me about a time you faced a challenge involving feature engineering and how you handled it.
Full Stack Developer,Problem Solving,"Given a scenario with RESTful API design failures, outline your debugging and mitigation steps for a Full Stack Developer role."
Frontend Developer,Experience,How have you measured success when working on cross-browser compatibility initiatives? (in a cloud-native environment).
Backend Developer,Problem Solving,"Given a scenario with security best practices failures, outline your debugging and mitigation steps for a Backend Developer role (while ensuring accessibility)."
Frontend Developer,Experience,Which tools or frameworks have you used for react hooks and which did you prefer? Why?
Backend Developer,Behavioral,Share an example when you had to learn a new tool or technique for microservices quickly.
Interactive Media Specialist,Experience,Discuss a system you built that relied on game mechanics and the biggest lessons learned (with limited budget and time).
Computer Scientist,Technical,Describe the trade-offs between different approaches to computational theory for a Computer Scientist.
Backend Developer,Experience,What experience do you have with asynchronous processing in past projects and what was the outcome? (in a cloud-native environment).
AI Engineer,Leadership,Share your strategy to prioritize work and align stakeholders when implementing MLOps (while ensuring accessibility).
UX/UI Designer,Leadership,Describe how you'd mentor junior engineers/designers on best practices for design systems.
Cyber Security Engineer,Leadership,How would you lead a team building a encryption and cryptography feature from concept to production in a Cyber Security Engineer context?
Computer Scientist,Leadership,How would you lead a team building a algorithms complexity feature from concept to production in a Computer Scientist context?
AI Engineer,Technical,Explain the key concepts of fine-tuning models and how you would apply them in a AI Engineer role.
Interactive Media Specialist,Experience,Which tools or frameworks have you used for interactive storytelling and which did you prefer? Why?
UX/UI Designer,Leadership,How do you foster a culture of quality and security around accessibility design in your team?
AI Engineer,Problem Solving,Propose a solution to improve model deployment when faced with limited resources in a AI Engineer project.
AI Engineer,Behavioral,Describe how you manage competing priorities when working on model deployment tasks (while ensuring accessibility).
Computer Scientist,Experience,Discuss a system you built that relied on concurrency and the biggest lessons learned.
Computer Scientist,Technical,What are common pitfalls when working with distributed systems and how do you avoid them?
Network Engineer,Experience,Which tools or frameworks have you used for network monitoring and which did you prefer? Why?
Data Scientist,Leadership,Share your strategy to prioritize work and align stakeholders when implementing A/B testing (for a legacy system).
Full Stack Developer,Problem Solving,"Given a scenario with authentication failures, outline your debugging and mitigation steps for a Full Stack Developer role."
AI Engineer,Technical,Describe the trade-offs between different approaches to model interpretability for a AI Engineer.
Cyber Security Engineer,Behavioral,Tell me about a time you faced a challenge involving threat modeling and how you handled it (while ensuring accessibility).
UX/UI Designer,Technical,Explain the key concepts of information architecture and how you would apply them in a UX/UI Designer role.
Interactive Media Specialist,Technical,How would you design a solution for game mechanics in the context of a Interactive Media Specialist position? (in a cloud-native environment).
Computer Scientist,Problem Solving,"Given a scenario with algorithms complexity failures, outline your debugging and mitigation steps for a Computer Scientist role (with limited budget and time)."
Computer Scientist,Technical,Describe the trade-offs between different approaches to compiler design for a Computer Scientist.
Data Scientist,Behavioral,Share an example when you had to learn a new tool or technique for data preprocessing quickly.
Interactive Media Specialist,Leadership,Share your strategy to prioritize work and align stakeholders when implementing AR/VR basics.
Data Scientist,Technical,Explain the key concepts of data preprocessing and how you would apply them in a Data Scientist role.
Data Scientist,Leadership,Describe how you'd mentor junior engineers/designers on best practices for feature engineering.
Network Engineer,Leadership,How do you foster a culture of quality and security around VPNs in your team? (while ensuring accessibility).
Data Scientist,Problem Solving,Design an algorithm or approach to solve feature engineering in a Data Scientist setting. Explain complexity (in a cloud-native environment).
Frontend Developer,Problem Solving,"Given a scenario with responsive design failures, outline your debugging and mitigation steps for a Frontend Developer role."
UX/UI Designer,Leadership,Explain how you would handle conflict between team members over approaches to user research methods (with limited budget and time).
Interactive Media Specialist,Technical,Explain the key concepts of game mechanics and how you would apply them in a Interactive Media Specialist role.
UX/UI Designer,Leadership,How would you lead a team building a accessibility design feature from concept to production in a UX/UI Designer context?
Network Engineer,Problem Solving,Design an algorithm or approach to solve subnetting and CIDR in a Network Engineer setting. Explain complexity.
Network Engineer,Leadership,Share your strategy to prioritize work and align stakeholders when implementing QoS.
Frontend Developer,Technical,How would you design a solution for react hooks in the context of a Frontend Developer position? (in a cloud-native environment).
Frontend Developer,Technical,Walk me through the steps to implement accessibility (a11y) for a Frontend Developer project (while ensuring accessibility).
AI Engineer,Problem Solving,"Given a scenario with MLOps failures, outline your debugging and mitigation steps for a AI Engineer role."
Network Engineer,Problem Solving,Here's a problem: how would you approach optimizing QoS for a large-scale Network Engineer system? (with limited budget and time).
Frontend Developer,Experience,What experience do you have with cross-browser compatibility in past projects and what was the outcome?
Information Systems Engineer,Leadership,Describe how you'd mentor junior engineers/designers on best practices for systems analysis.
UX/UI Designer,Behavioral,Share an example when you had to learn a new tool or technique for wireframing quickly.
Information Systems Engineer,Experience,Describe a project where you used requirements gathering and the role you played in it.
Data Scientist,Experience,Describe a project where you used model evaluation metrics and the role you played in it (with limited budget and time).
Full Stack Developer,Behavioral,Describe how you manage competing priorities when working on authentication tasks.
UX/UI Designer,Problem Solving,Design an algorithm or approach to solve accessibility design in a UX/UI Designer setting. Explain complexity.
Full Stack Developer,Experience,What experience do you have with frontend-backend integration in past projects and what was the outcome?
Frontend Developer,Experience,Discuss a system you built that relied on react hooks and the biggest lessons learned.
Cyber Security Engineer,Behavioral,Have you ever had to persuade stakeholders about an approach to secure coding practices? What happened? (with limited budget and time).
Computer Scientist,Experience,What experience do you have with compiler design in past projects and what was the outcome? (while ensuring accessibility).
Backend Developer,Leadership,How do you foster a culture of quality and security around scalability in your team?
AI Engineer,Behavioral,Describe how you manage competing priorities when working on model deployment tasks.
Network Engineer,Behavioral,Share an example when you had to learn a new tool or technique for VPNs quickly.
AI Engineer,Experience,What experience do you have with prompt engineering in past projects and what was the outcome? (in a cloud-native environment).
Cyber Security Engineer,Experience,How have you measured success when working on IAM (Identity and Access Management) initiatives?
Cyber Security Engineer,Experience,Describe a project where you used network security and the role you played in it (while ensuring accessibility).
Cyber Security Engineer,Experience,How have you measured success when working on secure coding practices initiatives?
Backend Developer,Leadership,How would you lead a team building a asynchronous processing feature from concept to production in a Backend Developer context?
Backend Developer,Behavioral,Tell me about a time you faced a challenge involving microservices and how you handled it.
UX/UI Designer,Technical,What are common pitfalls when working with prototyping tools and how do you avoid them?
Information Systems Engineer,Technical,How would you design a solution for database management in the context of a Information Systems Engineer position?
Frontend Developer,Leadership,How would you lead a team building a web performance feature from concept to production in a Frontend Developer context? (in a cloud-native environment).
AI Engineer,Leadership,Explain how you would handle conflict between team members over approaches to MLOps.
Network Engineer,Behavioral,Describe a situation where you had to collaborate with others to solve a problem related to network troubleshooting.
Data Scientist,Problem Solving,Design an algorithm or approach to solve A/B testing in a Data Scientist setting. Explain complexity.
Network Engineer,Technical,How would you design a solution for routing protocols in the context of a Network Engineer position?
AI Engineer,Leadership,Explain how you would handle conflict between team members over approaches to transformers.
UX/UI Designer,Problem Solving,How would you break down a complex accessibility design problem into smaller tasks for a UX/UI Designer team?
UX/UI Designer,Technical,Describe the trade-offs between different approaches to accessibility design for a UX/UI Designer.
UX/UI Designer,Technical,Explain the key concepts of usability testing and how you would apply them in a UX/UI Designer role.
Frontend Developer,Behavioral,Describe how you manage competing priorities when working on accessibility (a11y) tasks.
Backend Developer,Experience,Describe a project where you used asynchronous processing and the role you played in it.
Full Stack Developer,Leadership,Explain how you would handle conflict between team members over approaches to authentication.
UX/UI Designer,Experience,Which tools or frameworks have you used for usability testing and which did you prefer? Why?
Network Engineer,Behavioral,Have you ever had to persuade stakeholders about an approach to switching concepts? What happened?
Computer Scientist,Experience,Discuss a system you built that relied on data structures and the biggest lessons learned.
Data Scientist,Behavioral,Share an example when you had to learn a new tool or technique for model evaluation metrics quickly (while ensuring accessibility).
Computer Scientist,Behavioral,Have you ever had to persuade stakeholders about an approach to data structures? What happened? (with limited budget and time).
Interactive Media Specialist,Problem Solving,How would you break down a complex interactive storytelling problem into smaller tasks for a Interactive Media Specialist team? (with limited budget and time).
Frontend Developer,Leadership,How would you lead a team building a CSS layout techniques feature from concept to production in a Frontend Developer context?
Backend Developer,Problem Solving,"Given a scenario with API versioning failures, outline your debugging and mitigation steps for a Backend Developer role."
Cyber Security Engineer,Leadership,Explain how you would handle conflict between team members over approaches to incident response.
Interactive Media Specialist,Behavioral,Tell me about a time you faced a challenge involving AR/VR basics and how you handled it.
Full Stack Developer,Leadership,Share your strategy to prioritize work and align stakeholders when implementing frontend-backend integration (while ensuring accessibility).
Computer Scientist,Behavioral,Describe a situation where you had to collaborate with others to solve a problem related to distributed systems.
Backend Developer,Leadership,How would you lead a team building a asynchronous processing feature from concept to production in a Backend Developer context?
Backend Developer,Technical,Walk me through the steps to implement caching strategies for a Backend Developer project.
Data Scientist,Behavioral,Describe a situation where you had to collaborate with others to solve a problem related to data preprocessing.
Cyber Security Engineer,Technical,Explain the key concepts of threat modeling and how you would apply them in a Cyber Security Engineer role.
Network Engineer,Technical,Explain the key concepts of routing protocols and how you would apply them in a Network Engineer role.
UX/UI Designer,Experience,What experience do you have with design systems in past projects and what was the outcome?
Backend Developer,Leadership,Describe how you'd mentor junior engineers/designers on best practices for database transactions (for a legacy system).
Interactive Media Specialist,Technical,Describe the trade-offs between different approaches to UX for interactive media for a Interactive Media Specialist.
UX/UI Designer,Behavioral,Share an example when you had to learn a new tool or technique for accessibility design quickly.
AI Engineer,Leadership,How do you foster a culture of quality and security around model interpretability in your team?
Computer Scientist,Leadership,How do you foster a culture of quality and security around computational theory in your team?
UX/UI Designer,Problem Solving,"Given a scenario with prototyping tools failures, outline your debugging and mitigation steps for a UX/UI Designer role (with limited budget and time)."
Backend Developer,Leadership,How would you lead a team building a security best practices feature from concept to production in a Backend Developer context? (for a legacy system).
Frontend Developer,Problem Solving,How would you break down a complex react hooks problem into smaller tasks for a Frontend Developer team?
Full Stack Developer,Leadership,Share your strategy to prioritize work and align stakeholders when implementing authentication.
Information Systems Engineer,Problem Solving,Propose a solution to improve enterprise architecture when faced with limited resources in a Information Systems Engineer project.
Network Engineer,Technical,Walk me through the steps to implement subnetting and CIDR for a Network Engineer project.
Backend Developer,Problem Solving,"Given a scenario with microservices failures, outline your debugging and mitigation steps for a Backend Developer role."
AI Engineer,Leadership,How do you foster a culture of quality and security around model interpretability in your team?
Cyber Security Engineer,Experience,What experience do you have with threat modeling in past projects and what was the outcome?
UX/UI Designer,Leadership,Share your strategy to prioritize work and align stakeholders when implementing user research methods.
AI Engineer,Technical,Explain the key concepts of transformers and how you would apply them in a AI Engineer role.
UX/UI Designer,Experience,Describe a project where you used information architecture and the role you played in it (in a cloud-native environment).
Information Systems Engineer,Problem Solving,"Given a scenario with systems analysis failures, outline your debugging and mitigation steps for a Information Systems Engineer role."
Frontend Developer,Behavioral,Tell me about a time you faced a challenge involving responsive design and how you handled it (in a cloud-native environment).
Data Scientist,Leadership,How would you lead a team building a data preprocessing feature from concept to production in a Data Scientist context?
Cyber Security Engineer,Technical,Walk me through the steps to implement encryption and cryptography for a Cyber Security Engineer project.
UX/UI Designer,Behavioral,Tell me about a time you faced a challenge involving information architecture and how you handled it (considering performance at scale).
UX/UI Designer,Leadership,Explain how you would handle conflict between team members over approaches to wireframing.
AI Engineer,Leadership,Share your strategy to prioritize work and align stakeholders when implementing continuously learning systems.
Interactive Media Specialist,Behavioral,Describe how you manage competing priorities when working on UX for interactive media tasks.
UX/UI Designer,Behavioral,Have you ever had to persuade stakeholders about an approach to design systems? What happened?
Frontend Developer,Leadership,Explain how you would handle conflict between team members over approaches to cross-browser compatibility (in a cloud-native environment).
Data Scientist,Experience,Describe a project where you used model evaluation metrics and the role you played in it.
Information Systems Engineer,Behavioral,Share an example when you had to learn a new tool or technique for IT governance quickly.
Cyber Security Engineer,Technical,Walk me through the steps to implement network security for a Cyber Security Engineer project (considering performance at scale).
Cyber Security Engineer,Problem Solving,"Given a scenario with vulnerability assessment failures, outline your debugging and mitigation steps for a Cyber Security Engineer role (considering performance at scale)."
Frontend Developer,Experience,What experience do you have with react hooks in past projects and what was the outcome?
Backend Developer,Behavioral,Describe a situation where you had to collaborate with others to solve a problem related to API versioning.
Frontend Developer,Leadership,Explain how you would handle conflict between team members over approaches to accessibility (a11y).
Frontend Developer,Experience,Describe a project where you used react hooks and the role you played in it.
Network Engineer,Behavioral,Tell me about a time you faced a challenge involving network troubleshooting and how you handled it.
Frontend Developer,Leadership,Describe how you'd mentor junior engineers/designers on best practices for react hooks.
UX/UI Designer,Problem Solving,Design an algorithm or approach to solve prototyping tools in a UX/UI Designer setting. Explain complexity.
Backend Developer,Technical,Walk me through the steps to implement database transactions for a Backend Developer project.
Cyber Security Engineer,Problem Solving,"Given a scenario with network security failures, outline your debugging and mitigation steps for a Cyber Security Engineer role."
Cyber Security Engineer,Problem Solving,How would you break down a complex encryption and cryptography problem into smaller tasks for a Cyber Security Engineer team?
Interactive Media Specialist,Leadership,How would you lead a team building a interactive storytelling feature from concept to production in a Interactive Media Specialist context?
Full Stack Developer,Problem Solving,"Given a scenario with state management failures, outline your debugging and mitigation steps for a Full Stack Developer role."
Computer Scientist,Experience,What experience do you have with data structures in past projects and what was the outcome?
Data Scientist,Behavioral,Tell me about a time you faced a challenge involving A/B testing and how you handled it.
Computer Scientist,Problem Solving,Propose a solution to improve data structures when faced with limited resources in a Computer Scientist project (while ensuring accessibility).
Information Systems Engineer,Problem Solving,"Given a scenario with requirements gathering failures, outline your debugging and mitigation steps for a Information Systems Engineer role (while ensuring accessibility)."
Data Scientist,Technical,Walk me through the steps to implement time series forecasting for a Data Scientist project (considering performance at scale).
Backend Developer,Leadership,How would you lead a team building a caching strategies feature from concept to production in a Backend Developer context?
Frontend Developer,Problem Solving,Propose a solution to improve responsive design when faced with limited resources in a Frontend Developer project.
Computer Scientist,Behavioral,Describe a situation where you had to collaborate with others to solve a problem related to computational theory (in a cloud-native environment).
Computer Scientist,Behavioral,Describe how you manage competing priorities when working on concurrency tasks.
AI Engineer,Leadership,How would you lead a team building a model deployment feature from concept to production in a AI Engineer context? (for a legacy system).
Information Systems Engineer,Leadership,How do you foster a culture of quality and security around ERP systems in your team?
Network Engineer,Problem Solving,How would you break down a complex network monitoring problem into smaller tasks for a Network Engineer team?
AI Engineer,Problem Solving,Here's a problem: how would you approach optimizing fine-tuning models for a large-scale AI Engineer system?
Network Engineer,Behavioral,Describe how you manage competing priorities when working on VPNs tasks.
UX/UI Designer,Leadership,Share your strategy to prioritize work and align stakeholders when implementing design systems.
Interactive Media Specialist,Experience,Describe a project where you used audio-visual synchronization and the role you played in it (while ensuring accessibility).
UX/UI Designer,Problem Solving,Propose a solution to improve information architecture when faced with limited resources in a UX/UI Designer project.
Backend Developer,Leadership,Describe how you'd mentor junior engineers/designers on best practices for asynchronous processing.
Network Engineer,Experience,How have you measured success when working on network troubleshooting initiatives?
Full Stack Developer,Leadership,Share your strategy to prioritize work and align stakeholders when implementing deployment.
Computer Scientist,Leadership,Describe how you'd mentor junior engineers/designers on best practices for operating systems (in a cloud-native environment).
Full Stack Developer,Behavioral,Describe a situation where you had to collaborate with others to solve a problem related to database schema design.
Interactive Media Specialist,Experience,Describe a project where you used UX for interactive media and the role you played in it.
Frontend Developer,Problem Solving,How would you break down a complex web performance problem into smaller tasks for a Frontend Developer team?
Frontend Developer,Behavioral,Tell me about a time you faced a challenge involving responsive design and how you handled it.
Frontend Developer,Leadership,How do you foster a culture of quality and security around responsive design in your team?
Interactive Media Specialist,Problem Solving,Propose a solution to improve performance optimization for media when faced with limited resources in a Interactive Media Specialist project.
Frontend Developer,Experience,How have you measured success when working on responsive design initiatives?
Information Systems Engineer,Leadership,Explain how you would handle conflict between team members over approaches to systems analysis (with limited budget and time).
Network Engineer,Technical,How would you design a solution for subnetting and CIDR in the context of a Network Engineer position?
Backend Developer,Technical,Walk me through the steps to implement microservices for a Backend Developer project.
Backend Developer,Experience,How have you measured success when working on asynchronous processing initiatives? (considering performance at scale).
Interactive Media Specialist,Leadership,Describe how you'd mentor junior engineers/designers on best practices for UX for interactive media.
Information Systems Engineer,Leadership,Explain how you would handle conflict between team members over approaches to ERP systems.
Information Systems Engineer,Problem Solving,"Given a scenario with systems analysis failures, outline your debugging and mitigation steps for a Information Systems Engineer role."
Computer Scientist,Experience,What experience do you have with algorithms complexity in past projects and what was the outcome?
UX/UI Designer,Problem Solving,"Given a scenario with wireframing failures, outline your debugging and mitigation steps for a UX/UI Designer role (considering performance at scale)."
UX/UI Designer,Leadership,Explain how you would handle conflict between team members over approaches to design systems.
Data Scientist,Technical,How would you design a solution for data preprocessing in the context of a Data Scientist position?
Interactive Media Specialist,Behavioral,Describe a situation where you had to collaborate with others to solve a problem related to audio-visual synchronization.
Network Engineer,Experience,How have you measured success when working on network monitoring initiatives?
AI Engineer,Problem Solving,"Given a scenario with MLOps failures, outline your debugging and mitigation steps for a AI Engineer role (while ensuring accessibility)."
UX/UI Designer,Problem Solving,Propose a solution to improve accessibility design when faced with limited resources in a UX/UI Designer project.
Network Engineer,Behavioral,Describe a situation where you had to collaborate with others to solve a problem related to switching concepts (in a cloud-native environment).
Cyber Security Engineer,Experience,What experience do you have with network security in past projects and what was the outcome? (for a legacy system).
Cyber Security Engineer,Behavioral,Describe a situation where you had to collaborate with others to solve a problem related to vulnerability assessment.
Information Systems Engineer,Behavioral,Describe how you manage competing priorities when working on ERP systems tasks.
Cyber Security Engineer,Behavioral,Have you ever had to persuade stakeholders about an approach to secure coding practices? What happened?
Network Engineer,Leadership,Describe how you'd mentor junior engineers/designers on best practices for VPNs.
Interactive Media Specialist,Behavioral,Share an example when you had to learn a new tool or technique for UX for interactive media quickly.
Interactive Media Specialist,Experience,Describe a project where you used UX for interactive media and the role you played in it.
Information Systems Engineer,Experience,How have you measured success when working on ERP systems initiatives?
Cyber Security Engineer,Problem Solving,Here's a problem: how would you approach optimizing threat modeling for a large-scale Cyber Security Engineer system?
Interactive Media Specialist,Problem Solving,Propose a solution to improve game mechanics when faced with limited resources in a Interactive Media Specialist project.
Full Stack Developer,Problem Solving,Propose a solution to improve authentication when faced with limited resources in a Full Stack Developer project.
Data Scientist,Leadership,Describe how you'd mentor junior engineers/designers on best practices for data preprocessing.
Frontend Developer,Behavioral,Have you ever had to persuade stakeholders about an approach to CSS layout techniques? What happened?
Interactive Media Specialist,Problem Solving,How would you break down a complex UX for interactive media problem into smaller tasks for a Interactive Media Specialist team?
Frontend Developer,Leadership,How would you lead a team building a accessibility (a11y) feature from concept to production in a Frontend Developer context?
Interactive Media Specialist,Problem Solving,Propose a solution to improve audio-visual synchronization when faced with limited resources in a Interactive Media Specialist project.
Computer Scientist,Experience,Discuss a system you built that relied on algorithms complexity and the biggest lessons learned.
Frontend Developer,Leadership,Describe how you'd mentor junior engineers/designers on best practices for accessibility (a11y).
Full Stack Developer,Leadership,Share your strategy to prioritize work and align stakeholders when implementing deployment (with limited budget and time).
Data Scientist,Problem Solving,"Given a scenario with A/B testing failures, outline your debugging and mitigation steps for a Data Scientist role."
Backend Developer,Problem Solving,"Given a scenario with asynchronous processing failures, outline your debugging and mitigation steps for a Backend Developer role."
Information Systems Engineer,Leadership,How do you foster a culture of quality and security around ERP systems in your team?
AI Engineer,Technical,Explain the key concepts of model interpretability and how you would apply them in a AI Engineer role (considering performance at scale).
Data Scientist,Technical,Describe the trade-offs between different approaches to data preprocessing for a Data Scientist.
Information Systems Engineer,Behavioral,Have you ever had to persuade stakeholders about an approach to requirements gathering? What happened?
Data Scientist,Problem Solving,Propose a solution to improve deep learning architectures when faced with limited resources in a Data Scientist project (considering performance at scale).
AI Engineer,Behavioral,Describe a situation where you had to collaborate with others to solve a problem related to fine-tuning models (considering performance at scale).
Frontend Developer,Behavioral,Have you ever had to persuade stakeholders about an approach to responsive design? What happened? (with limited budget and time).
AI Engineer,Behavioral,Describe a situation where you had to collaborate with others to solve a problem related to model interpretability (in a cloud-native environment).
Cyber Security Engineer,Leadership,How would you lead a team building a IAM (Identity and Access Management) feature from concept to production in a Cyber Security Engineer context?
Cyber Security Engineer,Leadership,How would you lead a team building a incident response feature from concept to production in a Cyber Security Engineer context?
Information Systems Engineer,Technical,Explain the key concepts of enterprise architecture and how you would apply them in a Information Systems Engineer role.
UX/UI Designer,Leadership,How do you foster a culture of quality and security around wireframing in your team?
Information Systems Engineer,Leadership,How would you lead a team building a ERP systems feature from concept to production in a Information Systems Engineer context?
Computer Scientist,Problem Solving,How would you break down a complex computational theory problem into smaller tasks for a Computer Scientist team? (while ensuring accessibility).
Network Engineer,Experience,Discuss a system you built that relied on routing protocols and the biggest lessons learned (in a cloud-native environment).
UX/UI Designer,Problem Solving,"Given a scenario with accessibility design failures, outline your debugging and mitigation steps for a UX/UI Designer role."
Network Engineer,Experience,How have you measured success when working on subnetting and CIDR initiatives?
Backend Developer,Experience,Which tools or frameworks have you used for microservices and which did you prefer? Why?
Cyber Security Engineer,Leadership,Explain how you would handle conflict between team members over approaches to network security.
Network Engineer,Problem Solving,"Given a scenario with QoS failures, outline your debugging and mitigation steps for a Network Engineer role."
Full Stack Developer,Experience,How have you measured success when working on frontend-backend integration initiatives? (with limited budget and time).
UX/UI Designer,Problem Solving,How would you break down a complex wireframing problem into smaller tasks for a UX/UI Designer team?
Interactive Media Specialist,Experience,Discuss a system you built that relied on audio-visual synchronization and the biggest lessons learned.
Backend Developer,Leadership,Describe how you'd mentor junior engineers/designers on best practices for caching strategies.
AI Engineer,Experience,How have you measured success when working on model deployment initiatives? (for a legacy system).
Cyber Security Engineer,Problem Solving,"Given a scenario with encryption and cryptography failures, outline your debugging and mitigation steps for a Cyber Security Engineer role."
Computer Scientist,Problem Solving,How would you break down a complex compiler design problem into smaller tasks for a Computer Scientist team?
AI Engineer,Leadership,Explain how you would handle conflict between team members over approaches to continuously learning systems.
Cyber Security Engineer,Behavioral,Share an example when you had to learn a new tool or technique for network security quickly.
AI Engineer,Experience,How have you measured success when working on continuously learning systems initiatives? (in a cloud-native environment).
Frontend Developer,Technical,Walk me through the steps to implement responsive design for a Frontend Developer project.
Cyber Security Engineer,Experience,Describe a project where you used encryption and cryptography and the role you played in it.
Full Stack Developer,Behavioral,Have you ever had to persuade stakeholders about an approach to RESTful API design? What happened?
Network Engineer,Problem Solving,Design an algorithm or approach to solve routing protocols in a Network Engineer setting. Explain complexity.
Cyber Security Engineer,Problem Solving,Design an algorithm or approach to solve secure coding practices in a Cyber Security Engineer setting. Explain complexity.
Network Engineer,Problem Solving,Propose a solution to improve network troubleshooting when faced with limited resources in a Network Engineer project.
Computer Scientist,Behavioral,Share an example when you had to learn a new tool or technique for computational theory quickly.
UX/UI Designer,Leadership,How do you foster a culture of quality and security around usability testing in your team?
Network Engineer,Experience,What experience do you have with network monitoring in past projects and what was the outcome? (for a legacy system).
Cyber Security Engineer,Behavioral,Share an example when you had to learn a new tool or technique for vulnerability assessment quickly.
Interactive Media Specialist,Technical,What are common pitfalls when working with UX for interactive media and how do you avoid them?
Computer Scientist,Leadership,How would you lead a team building a operating systems feature from concept to production in a Computer Scientist context? (while ensuring accessibility).
Data Scientist,Technical,Walk me through the steps to implement feature engineering for a Data Scientist project.
UX/UI Designer,Problem Solving,Propose a solution to improve usability testing when faced with limited resources in a UX/UI Designer project (considering performance at scale).
Full Stack Developer,Experience,How have you measured success when working on state management initiatives? (for a legacy system).
Network Engineer,Experience,Which tools or frameworks have you used for VPNs and which did you prefer? Why? (with limited budget and time).
Data Scientist,Leadership,Share your strategy to prioritize work and align stakeholders when implementing deep learning architectures.
Cyber Security Engineer,Technical,Describe the trade-offs between different approaches to IAM (Identity and Access Management) for a Cyber Security Engineer (with limited budget and time).
Full Stack Developer,Leadership,How would you lead a team building a frontend-backend integration feature from concept to production in a Full Stack Developer context?
Interactive Media Specialist,Leadership,Share your strategy to prioritize work and align stakeholders when implementing interactive storytelling.
Backend Developer,Technical,Explain the key concepts of security best practices and how you would apply them in a Backend Developer role (in a cloud-native environment).
Frontend Developer,Behavioral,Have you ever had to persuade stakeholders about an approach to web performance? What happened?
AI Engineer,Leadership,Explain how you would handle conflict between team members over approaches to continuously learning systems (for a legacy system).
Data Scientist,Leadership,Describe how you'd mentor junior engineers/designers on best practices for time series forecasting.
AI Engineer,Leadership,Explain how you would handle conflict between team members over approaches to model deployment.
Network Engineer,Leadership,Share your strategy to prioritize work and align stakeholders when implementing VPNs.
Data Scientist,Behavioral,Tell me about a time you faced a challenge involving A/B testing and how you handled it.
UX/UI Designer,Technical,What are common pitfalls when working with accessibility design and how do you avoid them? (while ensuring accessibility).
Frontend Developer,Problem Solving,How would you break down a complex accessibility (a11y) problem into smaller tasks for a Frontend Developer team? (while ensuring accessibility).
Frontend Developer,Behavioral,Describe how you manage competing priorities when working on react hooks tasks.
Information Systems Engineer,Behavioral,Describe a situation where you had to collaborate with others to solve a problem related to enterprise architecture.
Computer Scientist,Technical,What are common pitfalls when working with operating systems and how do you avoid them?
Interactive Media Specialist,Experience,What experience do you have with game mechanics in past projects and what was the outcome?
AI Engineer,Technical,Describe the trade-offs between different approaches to model interpretability for a AI Engineer.
Frontend Developer,Leadership,How would you lead a team building a responsive design feature from concept to production in a Frontend Developer context?
Data Scientist,Technical,Describe the trade-offs between different approaches to machine learning model selection for a Data Scientist (with limited budget and time).
UX/UI Designer,Experience,What experience do you have with accessibility design in past projects and what was the outcome?
Backend Developer,Technical,Explain the key concepts of security best practices and how you would apply them in a Backend Developer role (in a cloud-native environment).
Information Systems Engineer,Leadership,Describe how you'd mentor junior engineers/designers on best practices for enterprise architecture (considering performance at scale).
UX/UI Designer,Behavioral,Tell me about a time you faced a challenge involving usability testing and how you handled it.
Backend Developer,Experience,Discuss a system you built that relied on security best practices and the biggest lessons learned.
Information Systems Engineer,Problem Solving,Here's a problem: how would you approach optimizing ERP systems for a large-scale Information Systems Engineer system?
Interactive Media Specialist,Technical,What are common pitfalls when working with AR/VR basics and how do you avoid them?
Backend Developer,Problem Solving,Here's a problem: how would you approach optimizing microservices for a large-scale Backend Developer system?
Backend Developer,Behavioral,Tell me about a time you faced a challenge involving API versioning and how you handled it.
Computer Scientist,Experience,Discuss a system you built that relied on distributed systems and the biggest lessons learned.
Cyber Security Engineer,Technical,Describe the trade-offs between different approaches to IAM (Identity and Access Management) for a Cyber Security Engineer.
Backend Developer,Technical,Describe the trade-offs between different approaches to asynchronous processing for a Backend Developer.
Information Systems Engineer,Technical,Explain the key concepts of database management and how you would apply them in a Information Systems Engineer role.
AI Engineer,Leadership,How do you foster a culture of quality and security around continuously learning systems in your team?
Full Stack Developer,Technical,How would you design a solution for state management in the context of a Full Stack Developer position? (for a legacy system).
Frontend Developer,Leadership,Explain how you would handle conflict between team members over approaches to react hooks.
AI Engineer,Technical,What are common pitfalls when working with transformers and how do you avoid them?
Computer Scientist,Problem Solving,Design an algorithm or approach to solve algorithms complexity in a Computer Scientist setting. Explain complexity.
UX/UI Designer,Behavioral,Describe a situation where you had to collaborate with others to solve a problem related to wireframing.
Network Engineer,Technical,Describe the trade-offs between different approaches to QoS for a Network Engineer.
Interactive Media Specialist,Experience,Which tools or frameworks have you used for interactive storytelling and which did you prefer? Why?
Network Engineer,Leadership,Describe how you'd mentor junior engineers/designers on best practices for VPNs.
Backend Developer,Problem Solving,How would you break down a complex asynchronous processing problem into smaller tasks for a Backend Developer team?
Data Scientist,Problem Solving,Design an algorithm or approach to solve machine learning model selection in a Data Scientist setting. Explain complexity (in a cloud-native environment).
Computer Scientist,Problem Solving,"Given a scenario with concurrency failures, outline your debugging and mitigation steps for a Computer Scientist role (while ensuring accessibility)."
Data Scientist,Behavioral,Share an example when you had to learn a new tool or technique for A/B testing quickly (while ensuring accessibility).
Backend Developer,Problem Solving,Propose a solution to improve scalability when faced with limited resources in a Backend Developer project.
Cyber Security Engineer,Problem Solving,"Given a scenario with IAM (Identity and Access Management) failures, outline your debugging and mitigation steps for a Cyber Security Engineer role."
Backend Developer,Behavioral,Describe a situation where you had to collaborate with others to solve a problem related to database transactions.
Information Systems Engineer,Problem Solving,"Given a scenario with ERP systems failures, outline your debugging and mitigation steps for a Information Systems Engineer role."
Backend Developer,Experience,What experience do you have with scalability in past projects and what was the outcome? (for a legacy system).
Full Stack Developer,Behavioral,Describe a situation where you had to collaborate with others to solve a problem related to frontend-backend integration.
Full Stack Developer,Experience,Which tools or frameworks have you used for frontend-backend integration and which did you prefer? Why?
Full Stack Developer,Leadership,Describe how you'd mentor junior engineers/designers on best practices for database schema design.
Frontend Developer,Behavioral,Tell me about a time you faced a challenge involving web performance and how you handled it (for a legacy system).
Data Scientist,Problem Solving,Design an algorithm or approach to solve data preprocessing in a Data Scientist setting. Explain complexity.
Information Systems Engineer,Technical,What are common pitfalls when working with IT governance and how do you avoid them?
Full Stack Developer,Experience,Discuss a system you built that relied on database schema design and the biggest lessons learned (with limited budget and time).
UX/UI Designer,Experience,Which tools or frameworks have you used for wireframing and which did you prefer? Why?
Backend Developer,Behavioral,Describe a situation where you had to collaborate with others to solve a problem related to asynchronous processing.
Information Systems Engineer,Behavioral,Describe how you manage competing priorities when working on requirements gathering tasks.
Information Systems Engineer,Leadership,How would you lead a team building a requirements gathering feature from concept to production in a Information Systems Engineer context?
Information Systems Engineer,Problem Solving,Design an algorithm or approach to solve systems analysis in a Information Systems Engineer setting. Explain complexity.
Cyber Security Engineer,Problem Solving,Design an algorithm or approach to solve secure coding practices in a Cyber Security Engineer setting. Explain complexity (while ensuring accessibility).
Full Stack Developer,Problem Solving,"Given a scenario with state management failures, outline your debugging and mitigation steps for a Full Stack Developer role (with limited budget and time)."
Interactive Media Specialist,Technical,Describe the trade-offs between different approaches to interactive storytelling for a Interactive Media Specialist.
AI Engineer,Technical,Walk me through the steps to implement transformers for a AI Engineer project.
AI Engineer,Problem Solving,Propose a solution to improve prompt engineering when faced with limited resources in a AI Engineer project (considering performance at scale).
Interactive Media Specialist,Problem Solving,Design an algorithm or approach to solve AR/VR basics in a Interactive Media Specialist setting. Explain complexity (with limited budget and time).
Information Systems Engineer,Behavioral,Describe a situation where you had to collaborate with others to solve a problem related to IT governance (considering performance at scale).
Full Stack Developer,Problem Solving,Design an algorithm or approach to solve performance optimization in a Full Stack Developer setting. Explain complexity (in a cloud-native environment).
Backend Developer,Experience,Discuss a system you built that relied on database transactions and the biggest lessons learned (with limited budget and time).
Full Stack Developer,Problem Solving,Here's a problem: how would you approach optimizing authentication for a large-scale Full Stack Developer system?
Frontend Developer,Behavioral,Describe a situation where you had to collaborate with others to solve a problem related to accessibility (a11y).
AI Engineer,Behavioral,Describe how you manage competing priorities when working on model interpretability tasks.
Network Engineer,Behavioral,Have you ever had to persuade stakeholders about an approach to subnetting and CIDR? What happened?
Full Stack Developer,Leadership,Explain how you would handle conflict between team members over approaches to performance optimization.
UX/UI Designer,Leadership,Share your strategy to prioritize work and align stakeholders when implementing prototyping tools.
Data Scientist,Technical,Describe the trade-offs between different approaches to model evaluation metrics for a Data Scientist.
UX/UI Designer,Problem Solving,How would you break down a complex accessibility design problem into smaller tasks for a UX/UI Designer team?
Network Engineer,Experience,Which tools or frameworks have you used for routing protocols and which did you prefer? Why?
Full Stack Developer,Experience,What experience do you have with authentication in past projects and what was the outcome?
Data Scientist,Leadership,How would you lead a team building a deep learning architectures feature from concept to production in a Data Scientist context?
Frontend Developer,Technical,Walk me through the steps to implement web performance for a Frontend Developer project.
Information Systems Engineer,Experience,Which tools or frameworks have you used for systems analysis and which did you prefer? Why?
Frontend Developer,Experience,Discuss a system you built that relied on CSS layout techniques and the biggest lessons learned.
Information Systems Engineer,Experience,Which tools or frameworks have you used for enterprise architecture and which did you prefer? Why?
Computer Scientist,Leadership,Explain how you would handle conflict between team members over approaches to algorithms complexity.
UX/UI Designer,Problem Solving,How would you break down a complex information architecture problem into smaller tasks for a UX/UI Designer team?
AI Engineer,Behavioral,Have you ever had to persuade stakeholders about an approach to model interpretability? What happened?
Network Engineer,Behavioral,Have you ever had to persuade stakeholders about an approach to switching concepts? What happened?
Information Systems Engineer,Technical,Explain the key concepts of IT governance and how you would apply them in a Information Systems Engineer role.
Frontend Developer,Experience,What experience do you have with CSS layout techniques in past projects and what was the outcome?
Backend Developer,Problem Solving,Design an algorithm or approach to solve security best practices in a Backend Developer setting. Explain complexity.
Backend Developer,Experience,How have you measured success when working on database transactions initiatives?
UX/UI Designer,Experience,What experience do you have with prototyping tools in past projects and what was the outcome?
Information Systems Engineer,Technical,Walk me through the steps to implement business process modeling for a Information Systems Engineer project.
Computer Scientist,Problem Solving,Design an algorithm or approach to solve computational theory in a Computer Scientist setting. Explain complexity (in a cloud-native environment).
UX/UI Designer,Technical,How would you design a solution for accessibility design in the context of a UX/UI Designer position?
Information Systems Engineer,Leadership,How do you foster a culture of quality and security around systems analysis in your team?
Data Scientist,Behavioral,Share an example when you had to learn a new tool or technique for feature engineering quickly.
Interactive Media Specialist,Leadership,How would you lead a team building a multimedia authoring tools feature from concept to production in a Interactive Media Specialist context?
Computer Scientist,Behavioral,Share an example when you had to learn a new tool or technique for data structures quickly.
Interactive Media Specialist,Experience,How have you measured success when working on multimedia authoring tools initiatives?
Data Scientist,Experience,What experience do you have with feature engineering in past projects and what was the outcome?
Information Systems Engineer,Experience,What experience do you have with requirements gathering in past projects and what was the outcome?
UX/UI Designer,Experience,Describe a project where you used prototyping tools and the role you played in it (for a legacy system).
Information Systems Engineer,Problem Solving,Here's a problem: how would you approach optimizing database management for a large-scale Information Systems Engineer system?
Cyber Security Engineer,Leadership,How would you lead a team building a encryption and cryptography feature from concept to production in a Cyber Security Engineer context?
Backend Developer,Problem Solving,Propose a solution to improve database transactions when faced with limited resources in a Backend Developer project.
Data Scientist,Technical,Walk me through the steps to implement machine learning model selection for a Data Scientist project.
Cyber Security Engineer,Problem Solving,Design an algorithm or approach to solve vulnerability assessment in a Cyber Security Engineer setting. Explain complexity.
AI Engineer,Leadership,Share your strategy to prioritize work and align stakeholders when implementing model deployment (considering performance at scale).
Cyber Security Engineer,Behavioral,Describe a situation where you had to collaborate with others to solve a problem related to IAM (Identity and Access Management).
Cyber Security Engineer,Technical,What are common pitfalls when working with network security and how do you avoid them?
Cyber Security Engineer,Problem Solving,"Given a scenario with vulnerability assessment failures, outline your debugging and mitigation steps for a Cyber Security Engineer role."
Information Systems Engineer,Leadership,How do you foster a culture of quality and security around ERP systems in your team?
Data Scientist,Problem Solving,"Given a scenario with feature engineering failures, outline your debugging and mitigation steps for a Data Scientist role (in a cloud-native environment)."
Data Scientist,Problem Solving,Here's a problem: how would you approach optimizing model evaluation metrics for a large-scale Data Scientist system?
Interactive Media Specialist,Leadership,Describe how you'd mentor junior engineers/designers on best practices for performance optimization for media.
Cyber Security Engineer,Technical,Walk me through the steps to implement encryption and cryptography for a Cyber Security Engineer project.
Information Systems Engineer,Leadership,Share your strategy to prioritize work and align stakeholders when implementing requirements gathering.
Data Scientist,Behavioral,Share an example when you had to learn a new tool or technique for feature engineering quickly.
Frontend Developer,Problem Solving,Design an algorithm or approach to solve CSS layout techniques in a Frontend Developer setting. Explain complexity (with limited budget and time).
Interactive Media Specialist,Behavioral,Share an example when you had to learn a new tool or technique for performance optimization for media quickly.
Computer Scientist,Leadership,How do you foster a culture of quality and security around data structures in your team?
Data Scientist,Experience,How have you measured success when working on machine learning model selection initiatives?
Full Stack Developer,Leadership,Describe how you'd mentor junior engineers/designers on best practices for authentication.
Interactive Media Specialist,Experience,Discuss a system you built that relied on multimedia authoring tools and the biggest lessons learned.
UX/UI Designer,Problem Solving,Propose a solution to improve wireframing when faced with limited resources in a UX/UI Designer project.
Frontend Developer,Experience,Which tools or frameworks have you used for web performance and which did you prefer? Why?
AI Engineer,Problem Solving,"Given a scenario with model interpretability failures, outline your debugging and mitigation steps for a AI Engineer role."
Cyber Security Engineer,Leadership,How do you foster a culture of quality and security around threat modeling in your team?
Interactive Media Specialist,Problem Solving,Propose a solution to improve multimedia authoring tools when faced with limited resources in a Interactive Media Specialist project.
Interactive Media Specialist,Behavioral,Describe how you manage competing priorities when working on performance optimization for media tasks.
Data Scientist,Leadership,Explain how you would handle conflict between team members over approaches to data preprocessing (with limited budget and time).
AI Engineer,Problem Solving,"Given a scenario with MLOps failures, outline your debugging and mitigation steps for a AI Engineer role."
Information Systems Engineer,Problem Solving,How would you break down a complex business process modeling problem into smaller tasks for a Information Systems Engineer team?
Backend Developer,Experience,Discuss a system you built that relied on caching strategies and the biggest lessons learned (with limited budget and time).
UX/UI Designer,Problem Solving,Propose a solution to improve wireframing when faced with limited resources in a UX/UI Designer project (in a cloud-native environment).
AI Engineer,Behavioral,Describe a situation where you had to collaborate with others to solve a problem related to fine-tuning models (in a cloud-native environment).
Frontend Developer,Technical,Walk me through the steps to implement cross-browser compatibility for a Frontend Developer project.
Cyber Security Engineer,Technical,How would you design a solution for encryption and cryptography in the context of a Cyber Security Engineer position?
Interactive Media Specialist,Technical,Walk me through the steps to implement performance optimization for media for a Interactive Media Specialist project.
Frontend Developer,Problem Solving,How would you break down a complex react hooks problem into smaller tasks for a Frontend Developer team? (while ensuring accessibility).
Cyber Security Engineer,Problem Solving,How would you break down a complex incident response problem into smaller tasks for a Cyber Security Engineer team?
Information Systems Engineer,Behavioral,Have you ever had to persuade stakeholders about an approach to systems analysis? What happened?
Data Scientist,Behavioral,Share an example when you had to learn a new tool or technique for time series forecasting quickly.
UX/UI Designer,Technical,How would you design a solution for wireframing in the context of a UX/UI Designer position? (while ensuring accessibility).
Cyber Security Engineer,Problem Solving,Design an algorithm or approach to solve threat modeling in a Cyber Security Engineer setting. Explain complexity.
Computer Scientist,Experience,Which tools or frameworks have you used for distributed systems and which did you prefer? Why?
Backend Developer,Behavioral,Share an example when you had to learn a new tool or technique for API versioning quickly.
Information Systems Engineer,Problem Solving,"Given a scenario with business process modeling failures, outline your debugging and mitigation steps for a Information Systems Engineer role (considering performance at scale)."
Frontend Developer,Behavioral,Have you ever had to persuade stakeholders about an approach to cross-browser compatibility? What happened?
Cyber Security Engineer,Technical,Explain the key concepts of secure coding practices and how you would apply them in a Cyber Security Engineer role (with limited budget and time).
Frontend Developer,Experience,Discuss a system you built that relied on JavaScript event handling and the biggest lessons learned.
Interactive Media Specialist,Leadership,How do you foster a culture of quality and security around UX for interactive media in your team? (while ensuring accessibility).
AI Engineer,Leadership,Describe how you'd mentor junior engineers/designers on best practices for continuously learning systems.
Frontend Developer,Technical,What are common pitfalls when working with responsive design and how do you avoid them?
UX/UI Designer,Behavioral,Have you ever had to persuade stakeholders about an approach to wireframing? What happened?
UX/UI Designer,Problem Solving,How would you break down a complex wireframing problem into smaller tasks for a UX/UI Designer team? (for a legacy system).
Interactive Media Specialist,Experience,What experience do you have with performance optimization for media in past projects and what was the outcome?
Full Stack Developer,Experience,Discuss a system you built that relied on performance optimization and the biggest lessons learned (for a legacy system).
AI Engineer,Leadership,How do you foster a culture of quality and security around transformers in your team?
UX/UI Designer,Leadership,How would you lead a team building a prototyping tools feature from concept to production in a UX/UI Designer context?
AI Engineer,Leadership,Describe how you'd mentor junior engineers/designers on best practices for fine-tuning models.
Network Engineer,Problem Solving,Propose a solution to improve switching concepts when faced with limited resources in a Network Engineer project.
UX/UI Designer,Experience,Describe a project where you used usability testing and the role you played in it.
Information Systems Engineer,Behavioral,Share an example when you had to learn a new tool or technique for enterprise architecture quickly.
Information Systems Engineer,Leadership,Describe how you'd mentor junior engineers/designers on best practices for ERP systems.
Information Systems Engineer,Experience,Discuss a system you built that relied on ERP systems and the biggest lessons learned (considering performance at scale).
Data Scientist,Problem Solving,"Given a scenario with A/B testing failures, outline your debugging and mitigation steps for a Data Scientist role."
Frontend Developer,Problem Solving,Design an algorithm or approach to solve cross-browser compatibility in a Frontend Developer setting. Explain complexity (in a cloud-native environment).
UX/UI Designer,Technical,What are common pitfalls when working with prototyping tools and how do you avoid them?
AI Engineer,Problem Solving,Design an algorithm or approach to solve fine-tuning models in a AI Engineer setting. Explain complexity.
Cyber Security Engineer,Leadership,How would you lead a team building a vulnerability assessment feature from concept to production in a Cyber Security Engineer context?
Full Stack Developer,Problem Solving,Here's a problem: how would you approach optimizing RESTful API design for a large-scale Full Stack Developer system?
AI Engineer,Technical,Explain the key concepts of continuously learning systems and how you would apply them in a AI Engineer role (for a legacy system).
Full Stack Developer,Technical,Walk me through the steps to implement database schema design for a Full Stack Developer project.
Interactive Media Specialist,Behavioral,Have you ever had to persuade stakeholders about an approach to interactive storytelling? What happened?
UX/UI Designer,Behavioral,Describe a situation where you had to collaborate with others to solve a problem related to design systems.
Frontend Developer,Problem Solving,Propose a solution to improve react hooks when faced with limited resources in a Frontend Developer project.
Computer Scientist,Behavioral,Have you ever had to persuade stakeholders about an approach to concurrency? What happened? (while ensuring accessibility).
Backend Developer,Behavioral,Tell me about a time you faced a challenge involving database transactions and how you handled it.
Cyber Security Engineer,Leadership,Describe how you'd mentor junior engineers/designers on best practices for secure coding practices.
Full Stack Developer,Technical,Explain the key concepts of frontend-backend integration and how you would apply them in a Full Stack Developer role (in a cloud-native environment).
Computer Scientist,Leadership,Share your strategy to prioritize work and align stakeholders when implementing computational theory.
UX/UI Designer,Leadership,How do you foster a culture of quality and security around design systems in your team?
AI Engineer,Behavioral,Have you ever had to persuade stakeholders about an approach to transformers? What happened? (with limited budget and time).
Computer Scientist,Technical,How would you design a solution for concurrency in the context of a Computer Scientist position? (for a legacy system).
Information Systems Engineer,Experience,How have you measured success when working on requirements gathering initiatives?
Computer Scientist,Technical,Walk me through the steps to implement computational theory for a Computer Scientist project.
Cyber Security Engineer,Technical,Explain the key concepts of vulnerability assessment and how you would apply them in a Cyber Security Engineer role.
Data Scientist,Leadership,How would you lead a team building a deep learning architectures feature from concept to production in a Data Scientist context?
UX/UI Designer,Problem Solving,Propose a solution to improve design systems when faced with limited resources in a UX/UI Designer project.
Information Systems Engineer,Leadership,Explain how you would handle conflict between team members over approaches to requirements gathering.
Cyber Security Engineer,Behavioral,Describe a situation where you had to collaborate with others to solve a problem related to vulnerability assessment (for a legacy system).
Network Engineer,Leadership,Describe how you'd mentor junior engineers/designers on best practices for switching concepts (while ensuring accessibility).
Cyber Security Engineer,Experience,Which tools or frameworks have you used for IAM (Identity and Access Management) and which did you prefer? Why? (with limited budget and time).
Information Systems Engineer,Leadership,Describe how you'd mentor junior engineers/designers on best practices for requirements gathering (with limited budget and time).
Cyber Security Engineer,Behavioral,Describe how you manage competing priorities when working on encryption and cryptography tasks.
UX/UI Designer,Leadership,Describe how you'd mentor junior engineers/designers on best practices for prototyping tools.
Full Stack Developer,Technical,Walk me through the steps to implement database schema design for a Full Stack Developer project.
Computer Scientist,Leadership,Share your strategy to prioritize work and align stakeholders when implementing algorithms complexity.
Cyber Security Engineer,Technical,Walk me through the steps to implement vulnerability assessment for a Cyber Security Engineer project (while ensuring accessibility).
Interactive Media Specialist,Behavioral,Have you ever had to persuade stakeholders about an approach to performance optimization for media? What happened?
Backend Developer,Leadership,Share your strategy to prioritize work and align stakeholders when implementing database transactions.
Network Engineer,Behavioral,Have you ever had to persuade stakeholders about an approach to routing protocols? What happened?
Backend Developer,Leadership,Describe how you'd mentor junior engineers/designers on best practices for microservices.
Network Engineer,Behavioral,Describe how you manage competing priorities when working on network troubleshooting tasks.
Information Systems Engineer,Experience,Which tools or frameworks have you used for requirements gathering and which did you prefer? Why?
Backend Developer,Technical,What are common pitfalls when working with security best practices and how do you avoid them?
Information Systems Engineer,Technical,What are common pitfalls when working with business process modeling and how do you avoid them?
Cyber Security Engineer,Problem Solving,Here's a problem: how would you approach optimizing threat modeling for a large-scale Cyber Security Engineer system?
Information Systems Engineer,Problem Solving,Propose a solution to improve enterprise architecture when faced with limited resources in a Information Systems Engineer project.
UX/UI Designer,Technical,Explain the key concepts of information architecture and how you would apply them in a UX/UI Designer role.
Network Engineer,Problem Solving,How would you break down a complex VPNs problem into smaller tasks for a Network Engineer team?
Frontend Developer,Technical,What are common pitfalls when working with accessibility (a11y) and how do you avoid them?
Cyber Security Engineer,Leadership,Share your strategy to prioritize work and align stakeholders when implementing threat modeling.
Computer Scientist,Leadership,Share your strategy to prioritize work and align stakeholders when implementing data structures.
Computer Scientist,Technical,Walk me through the steps to implement distributed systems for a Computer Scientist project (with limited budget and time).
Data Scientist,Technical,What are common pitfalls when working with deep learning architectures and how do you avoid them?
Backend Developer,Problem Solving,Design an algorithm or approach to solve database transactions in a Backend Developer setting. Explain complexity.
UX/UI Designer,Problem Solving,"Given a scenario with design systems failures, outline your debugging and mitigation steps for a UX/UI Designer role."
AI Engineer,Behavioral,Describe a situation where you had to collaborate with others to solve a problem related to prompt engineering.
AI Engineer,Leadership,Describe how you'd mentor junior engineers/designers on best practices for MLOps.
Frontend Developer,Leadership,Describe how you'd mentor junior engineers/designers on best practices for react hooks.
Full Stack Developer,Leadership,How do you foster a culture of quality and security around deployment in your team?
Full Stack Developer,Technical,How would you design a solution for frontend-backend integration in the context of a Full Stack Developer position?
Full Stack Developer,Technical,How would you design a solution for deployment in the context of a Full Stack Developer position?
Data Scientist,Problem Solving,Here's a problem: how would you approach optimizing time series forecasting for a large-scale Data Scientist system?
Information Systems Engineer,Problem Solving,Here's a problem: how would you approach optimizing enterprise architecture for a large-scale Information Systems Engineer system?
Data Scientist,Leadership,Share your strategy to prioritize work and align stakeholders when implementing data preprocessing.
Frontend Developer,Behavioral,Share an example when you had to learn a new tool or technique for accessibility (a11y) quickly.
Cyber Security Engineer,Behavioral,Describe a situation where you had to collaborate with others to solve a problem related to threat modeling (for a legacy system).
Interactive Media Specialist,Leadership,Explain how you would handle conflict between team members over approaches to game mechanics.
Network Engineer,Experience,Discuss a system you built that relied on switching concepts and the biggest lessons learned.
Computer Scientist,Behavioral,Share an example when you had to learn a new tool or technique for data structures quickly.
Computer Scientist,Problem Solving,Design an algorithm or approach to solve compiler design in a Computer Scientist setting. Explain complexity (while ensuring accessibility).
UX/UI Designer,Technical,What are common pitfalls when working with prototyping tools and how do you avoid them?
UX/UI Designer,Technical,Describe the trade-offs between different approaches to accessibility design for a UX/UI Designer.
Cyber Security Engineer,Problem Solving,"Given a scenario with secure coding practices failures, outline your debugging and mitigation steps for a Cyber Security Engineer role."
Frontend Developer,Technical,Walk me through the steps to implement web performance for a Frontend Developer project.
Information Systems Engineer,Behavioral,Tell me about a time you faced a challenge involving enterprise architecture and how you handled it.
Full Stack Developer,Leadership,How do you foster a culture of quality and security around frontend-backend integration in your team? (while ensuring accessibility).
Cyber Security Engineer,Problem Solving,Here's a problem: how would you approach optimizing encryption and cryptography for a large-scale Cyber Security Engineer system?
AI Engineer,Problem Solving,"Given a scenario with transformers failures, outline your debugging and mitigation steps for a AI Engineer role (in a cloud-native environment)."
Full Stack Developer,Behavioral,Describe a situation where you had to collaborate with others to solve a problem related to deployment (for a legacy system).
Frontend Developer,Behavioral,Describe how you manage competing priorities when working on accessibility (a11y) tasks.
Computer Scientist,Problem Solving,Propose a solution to improve concurrency when faced with limited resources in a Computer Scientist project.
Network Engineer,Technical,Explain the key concepts of VPNs and how you would apply them in a Network Engineer role (with limited budget and time).
Backend Developer,Problem Solving,Design an algorithm or approach to solve caching strategies in a Backend Developer setting. Explain complexity.
Information Systems Engineer,Experience,Discuss a system you built that relied on enterprise architecture and the biggest lessons learned (considering performance at scale).
Full Stack Developer,Problem Solving,Propose a solution to improve performance optimization when faced with limited resources in a Full Stack Developer project.
Computer Scientist,Experience,How have you measured success when working on computational theory initiatives?
Information Systems Engineer,Behavioral,Share an example when you had to learn a new tool or technique for requirements gathering quickly.
Frontend Developer,Problem Solving,How would you break down a complex web performance problem into smaller tasks for a Frontend Developer team? (considering performance at scale).
Network Engineer,Behavioral,Have you ever had to persuade stakeholders about an approach to network monitoring? What happened? (with limited budget and time).
UX/UI Designer,Experience,Which tools or frameworks have you used for usability testing and which did you prefer? Why?
Full Stack Developer,Leadership,How do you foster a culture of quality and security around database schema design in your team?
Information Systems Engineer,Behavioral,Tell me about a time you faced a challenge involving IT governance and how you handled it.
AI Engineer,Experience,What experience do you have with fine-tuning models in past projects and what was the outcome?
UX/UI Designer,Technical,What are common pitfalls when working with prototyping tools and how do you avoid them?
Interactive Media Specialist,Problem Solving,Here's a problem: how would you approach optimizing game mechanics for a large-scale Interactive Media Specialist system?
AI Engineer,Behavioral,Share an example when you had to learn a new tool or technique for model interpretability quickly.
Backend Developer,Experience,Describe a project where you used scalability and the role you played in it.
Data Scientist,Problem Solving,Propose a solution to improve time series forecasting when faced with limited resources in a Data Scientist project.
Backend Developer,Technical,Explain the key concepts of security best practices and how you would apply them in a Backend Developer role.
Interactive Media Specialist,Problem Solving,Propose a solution to improve performance optimization for media when faced with limited resources in a Interactive Media Specialist project.
Cyber Security Engineer,Problem Solving,Propose a solution to improve secure coding practices when faced with limited resources in a Cyber Security Engineer project.
Backend Developer,Experience,Discuss a system you built that relied on caching strategies and the biggest lessons learned.
Cyber Security Engineer,Problem Solving,How would you break down a complex incident response problem into smaller tasks for a Cyber Security Engineer team?
UX/UI Designer,Leadership,Describe how you'd mentor junior engineers/designers on best practices for usability testing (in a cloud-native environment).
Network Engineer,Leadership,How would you lead a team building a network monitoring feature from concept to production in a Network Engineer context?
Computer Scientist,Problem Solving,Here's a problem: how would you approach optimizing distributed systems for a large-scale Computer Scientist system? (with limited budget and time).
Backend Developer,Technical,Describe the trade-offs between different approaches to scalability for a Backend Developer.
Backend Developer,Technical,Describe the trade-offs between different approaches to database transactions for a Backend Developer.
AI Engineer,Behavioral,Describe how you manage competing priorities when working on model interpretability tasks.
Computer Scientist,Leadership,Describe how you'd mentor junior engineers/designers on best practices for operating systems.
Computer Scientist,Technical,How would you design a solution for concurrency in the context of a Computer Scientist position?
Data Scientist,Problem Solving,Propose a solution to improve machine learning model selection when faced with limited resources in a Data Scientist project (for a legacy system).
Cyber Security Engineer,Technical,What are common pitfalls when working with threat modeling and how do you avoid them?
Computer Scientist,Technical,Walk me through the steps to implement computational theory for a Computer Scientist project.
Network Engineer,Behavioral,Share an example when you had to learn a new tool or technique for switching concepts quickly (considering performance at scale).
Full Stack Developer,Experience,Discuss a system you built that relied on deployment and the biggest lessons learned (in a cloud-native environment).
Data Scientist,Leadership,Explain how you would handle conflict between team members over approaches to deep learning architectures.
Data Scientist,Leadership,Share your strategy to prioritize work and align stakeholders when implementing data preprocessing (while ensuring accessibility).
AI Engineer,Problem Solving,Propose a solution to improve MLOps when faced with limited resources in a AI Engineer project.
Cyber Security Engineer,Behavioral,Tell me about a time you faced a challenge involving network security and how you handled it.
Backend Developer,Behavioral,Describe a situation where you had to collaborate with others to solve a problem related to database transactions.
Frontend Developer,Leadership,Share your strategy to prioritize work and align stakeholders when implementing responsive design.
Frontend Developer,Behavioral,Tell me about a time you faced a challenge involving accessibility (a11y) and how you handled it.
Interactive Media Specialist,Leadership,How do you foster a culture of quality and security around interactive storytelling in your team?
Cyber Security Engineer,Behavioral,Describe a situation where you had to collaborate with others to solve a problem related to network security.
Interactive Media Specialist,Behavioral,Tell me about a time you faced a challenge involving UX for interactive media and how you handled it.
Backend Developer,Leadership,Share your strategy to prioritize work and align stakeholders when implementing database transactions.
Computer Scientist,Behavioral,Describe a situation where you had to collaborate with others to solve a problem related to concurrency.
Information Systems Engineer,Experience,Which tools or frameworks have you used for IT governance and which did you prefer? Why? (for a legacy system).
Computer Scientist,Leadership,How do you foster a culture of quality and security around algorithms complexity in your team?
Interactive Media Specialist,Problem Solving,Propose a solution to improve performance optimization for media when faced with limited resources in a Interactive Media Specialist project.
Interactive Media Specialist,Technical,Explain the key concepts of performance optimization for media and how you would apply them in a Interactive Media Specialist role (for a legacy system).
Cyber Security Engineer,Leadership,Explain how you would handle conflict between team members over approaches to incident response.
AI Engineer,Problem Solving,Design an algorithm or approach to solve model deployment in a AI Engineer setting. Explain complexity.
Backend Developer,Behavioral,Share an example when you had to learn a new tool or technique for asynchronous processing quickly.
Interactive Media Specialist,Behavioral,Have you ever had to persuade stakeholders about an approach to audio-visual synchronization? What happened?
Cyber Security Engineer,Behavioral,Describe how you manage competing priorities when working on vulnerability assessment tasks.
Computer Scientist,Behavioral,Have you ever had to persuade stakeholders about an approach to operating systems? What happened?
Data Scientist,Leadership,How would you lead a team building a feature engineering feature from concept to production in a Data Scientist context? (for a legacy system).
Frontend Developer,Leadership,Share your strategy to prioritize work and align stakeholders when implementing responsive design.
Network Engineer,Technical,How would you design a solution for network troubleshooting in the context of a Network Engineer position?
Network Engineer,Experience,Discuss a system you built that relied on subnetting and CIDR and the biggest lessons learned.
Network Engineer,Problem Solving,Propose a solution to improve subnetting and CIDR when faced with limited resources in a Network Engineer project.
Backend Developer,Experience,How have you measured success when working on database transactions initiatives?
Frontend Developer,Experience,Describe a project where you used cross-browser compatibility and the role you played in it.
Interactive Media Specialist,Behavioral,Have you ever had to persuade stakeholders about an approach to UX for interactive media? What happened?
Full Stack Developer,Leadership,Explain how you would handle conflict between team members over approaches to RESTful API design.
Information Systems Engineer,Problem Solving,Propose a solution to improve ERP systems when faced with limited resources in a Information Systems Engineer project.
AI Engineer,Technical,What are common pitfalls when working with fine-tuning models and how do you avoid them?
Information Systems Engineer,Technical,How would you design a solution for ERP systems in the context of a Information Systems Engineer position?
Cyber Security Engineer,Technical,Describe the trade-offs between different approaches to secure coding practices for a Cyber Security Engineer (while ensuring accessibility).
Full Stack Developer,Behavioral,Describe a situation where you had to collaborate with others to solve a problem related to RESTful API design.
Cyber Security Engineer,Experience,Which tools or frameworks have you used for threat modeling and which did you prefer? Why?
Interactive Media Specialist,Technical,How would you design a solution for performance optimization for media in the context of a Interactive Media Specialist position?
Backend Developer,Experience,What experience do you have with scalability in past projects and what was the outcome?
AI Engineer,Experience,Discuss a system you built that relied on continuously learning systems and the biggest lessons learned (considering performance at scale).
Information Systems Engineer,Technical,Explain the key concepts of database management and how you would apply them in a Information Systems Engineer role.
Frontend Developer,Experience,What experience do you have with JavaScript event handling in past projects and what was the outcome?
Data Scientist,Behavioral,Describe a situation where you had to collaborate with others to solve a problem related to time series forecasting (for a legacy system).
UX/UI Designer,Leadership,How would you lead a team building a user research methods feature from concept to production in a UX/UI Designer context?
AI Engineer,Leadership,Share your strategy to prioritize work and align stakeholders when implementing MLOps.
Data Scientist,Behavioral,Describe a situation where you had to collaborate with others to solve a problem related to machine learning model selection.
Data Scientist,Experience,Describe a project where you used deep learning architectures and the role you played in it.
Computer Scientist,Leadership,Describe how you'd mentor junior engineers/designers on best practices for distributed systems (considering performance at scale).
Frontend Developer,Behavioral,Tell me about a time you faced a challenge involving accessibility (a11y) and how you handled it (in a cloud-native environment).
Data Scientist,Experience,Which tools or frameworks have you used for model evaluation metrics and which did you prefer? Why? (for a legacy system).
UX/UI Designer,Technical,How would you design a solution for prototyping tools in the context of a UX/UI Designer position?
UX/UI Designer,Technical,What are common pitfalls when working with accessibility design and how do you avoid them? (considering performance at scale).
Cyber Security Engineer,Behavioral,Tell me about a time you faced a challenge involving vulnerability assessment and how you handled it.
Frontend Developer,Problem Solving,"Given a scenario with CSS layout techniques failures, outline your debugging and mitigation steps for a Frontend Developer role."
Data Scientist,Leadership,How would you lead a team building a model evaluation metrics feature from concept to production in a Data Scientist context?
Computer Scientist,Technical,Describe the trade-offs between different approaches to concurrency for a Computer Scientist.
Full Stack Developer,Problem Solving,"Given a scenario with authentication failures, outline your debugging and mitigation steps for a Full Stack Developer role."
Full Stack Developer,Technical,What are common pitfalls when working with database schema design and how do you avoid them?
Computer Scientist,Behavioral,Describe how you manage competing priorities when working on compiler design tasks.
UX/UI Designer,Experience,Discuss a system you built that relied on accessibility design and the biggest lessons learned.
Frontend Developer,Leadership,How would you lead a team building a react hooks feature from concept to production in a Frontend Developer context?
Backend Developer,Problem Solving,Design an algorithm or approach to solve database transactions in a Backend Developer setting. Explain complexity.
Interactive Media Specialist,Technical,Walk me through the steps to implement audio-visual synchronization for a Interactive Media Specialist project (with limited budget and time).
Information Systems Engineer,Technical,What are common pitfalls when working with business process modeling and how do you avoid them?
Frontend Developer,Experience,What experience do you have with cross-browser compatibility in past projects and what was the outcome? (with limited budget and time).
AI Engineer,Experience,Discuss a system you built that relied on fine-tuning models and the biggest lessons learned.
Full Stack Developer,Behavioral,Describe how you manage competing priorities when working on database schema design tasks.
Backend Developer,Experience,Describe a project where you used scalability and the role you played in it.
UX/UI Designer,Experience,Discuss a system you built that relied on accessibility design and the biggest lessons learned.
Data Scientist,Leadership,Share your strategy to prioritize work and align stakeholders when implementing A/B testing (while ensuring accessibility).
Data Scientist,Experience,How have you measured success when working on time series forecasting initiatives?
Interactive Media Specialist,Leadership,Share your strategy to prioritize work and align stakeholders when implementing game mechanics.
Computer Scientist,Technical,What are common pitfalls when working with operating systems and how do you avoid them?
Cyber Security Engineer,Behavioral,Describe a situation where you had to collaborate with others to solve a problem related to threat modeling (with limited budget and time).
Data Scientist,Technical,How would you design a solution for time series forecasting in the context of a Data Scientist position?
Cyber Security Engineer,Technical,Explain the key concepts of incident response and how you would apply them in a Cyber Security Engineer role.
Backend Developer,Problem Solving,Design an algorithm or approach to solve API versioning in a Backend Developer setting. Explain complexity.
Cyber Security Engineer,Problem Solving,Here's a problem: how would you approach optimizing IAM (Identity and Access Management) for a large-scale Cyber Security Engineer system?
Data Scientist,Problem Solving,"Given a scenario with A/B testing failures, outline your debugging and mitigation steps for a Data Scientist role."
Information Systems Engineer,Problem Solving,Propose a solution to improve business process modeling when faced with limited resources in a Information Systems Engineer project (with limited budget and time).
Frontend Developer,Problem Solving,How would you break down a complex JavaScript event handling problem into smaller tasks for a Frontend Developer team? (in a cloud-native environment).
Network Engineer,Technical,Describe the trade-offs between different approaches to network monitoring for a Network Engineer.
Cyber Security Engineer,Behavioral,Share an example when you had to learn a new tool or technique for encryption and cryptography quickly (considering performance at scale).
Data Scientist,Behavioral,Tell me about a time you faced a challenge involving A/B testing and how you handled it.
UX/UI Designer,Problem Solving,Design an algorithm or approach to solve wireframing in a UX/UI Designer setting. Explain complexity (in a cloud-native environment).
Data Scientist,Problem Solving,Propose a solution to improve time series forecasting when faced with limited resources in a Data Scientist project.
Cyber Security Engineer,Technical,How would you design a solution for threat modeling in the context of a Cyber Security Engineer position?
Full Stack Developer,Leadership,Share your strategy to prioritize work and align stakeholders when implementing performance optimization.
Backend Developer,Leadership,Describe how you'd mentor junior engineers/designers on best practices for caching strategies.
Frontend Developer,Experience,Discuss a system you built that relied on react hooks and the biggest lessons learned.
Data Scientist,Behavioral,Describe how you manage competing priorities when working on feature engineering tasks (in a cloud-native environment).
UX/UI Designer,Behavioral,Tell me about a time you faced a challenge involving information architecture and how you handled it.
Interactive Media Specialist,Experience,Describe a project where you used game mechanics and the role you played in it (considering performance at scale).
AI Engineer,Behavioral,Describe how you manage competing priorities when working on transformers tasks (while ensuring accessibility).
Interactive Media Specialist,Problem Solving,"Given a scenario with game mechanics failures, outline your debugging and mitigation steps for a Interactive Media Specialist role."
Data Scientist,Technical,What are common pitfalls when working with time series forecasting and how do you avoid them?
AI Engineer,Behavioral,Tell me about a time you faced a challenge involving MLOps and how you handled it (considering performance at scale).
Computer Scientist,Experience,What experience do you have with concurrency in past projects and what was the outcome?
UX/UI Designer,Experience,Discuss a system you built that relied on design systems and the biggest lessons learned.
Cyber Security Engineer,Problem Solving,Design an algorithm or approach to solve secure coding practices in a Cyber Security Engineer setting. Explain complexity.
Computer Scientist,Experience,Discuss a system you built that relied on algorithms complexity and the biggest lessons learned (for a legacy system).
Interactive Media Specialist,Behavioral,Describe how you manage competing priorities when working on AR/VR basics tasks.
Full Stack Developer,Problem Solving,How would you break down a complex performance optimization problem into smaller tasks for a Full Stack Developer team? (in a cloud-native environment).
Interactive Media Specialist,Problem Solving,How would you break down a complex UX for interactive media problem into smaller tasks for a Interactive Media Specialist team?
Backend Developer,Technical,Describe the trade-offs between different approaches to microservices for a Backend Developer.
Backend Developer,Experience,Describe a project where you used microservices and the role you played in it.
Interactive Media Specialist,Problem Solving,Propose a solution to improve audio-visual synchronization when faced with limited resources in a Interactive Media Specialist project.
Backend Developer,Behavioral,Describe how you manage competing priorities when working on microservices tasks.
Interactive Media Specialist,Problem Solving,Propose a solution to improve game mechanics when faced with limited resources in a Interactive Media Specialist project.
Cyber Security Engineer,Problem Solving,Propose a solution to improve vulnerability assessment when faced with limited resources in a Cyber Security Engineer project.
Backend Developer,Behavioral,Have you ever had to persuade stakeholders about an approach to scalability? What happened? (considering performance at scale).
Information Systems Engineer,Behavioral,Tell me about a time you faced a challenge involving requirements gathering and how you handled it (while ensuring accessibility).
Backend Developer,Problem Solving,How would you break down a complex API versioning problem into smaller tasks for a Backend Developer team?
Frontend Developer,Behavioral,Describe a situation where you had to collaborate with others to solve a problem related to web performance.
Cyber Security Engineer,Behavioral,Describe how you manage competing priorities when working on secure coding practices tasks (considering performance at scale).
Backend Developer,Technical,Explain the key concepts of caching strategies and how you would apply them in a Backend Developer role.
Computer Scientist,Leadership,Describe how you'd mentor junior engineers/designers on best practices for distributed systems.
Frontend Developer,Behavioral,Have you ever had to persuade stakeholders about an approach to responsive design? What happened?
Backend Developer,Behavioral,Tell me about a time you faced a challenge involving database transactions and how you handled it.
AI Engineer,Leadership,Describe how you'd mentor junior engineers/designers on best practices for transformers (in a cloud-native environment).
Interactive Media Specialist,Problem Solving,Design an algorithm or approach to solve interactive storytelling in a Interactive Media Specialist setting. Explain complexity.
Interactive Media Specialist,Experience,Describe a project where you used interactive storytelling and the role you played in it.
Data Scientist,Experience,How have you measured success when working on model evaluation metrics initiatives?
Backend Developer,Behavioral,Share an example when you had to learn a new tool or technique for API versioning quickly (while ensuring accessibility).
Data Scientist,Leadership,Share your strategy to prioritize work and align stakeholders when implementing A/B testing (considering performance at scale).
UX/UI Designer,Technical,Describe the trade-offs between different approaches to wireframing for a UX/UI Designer.
Frontend Developer,Problem Solving,Propose a solution to improve accessibility (a11y) when faced with limited resources in a Frontend Developer project.
Backend Developer,Problem Solving,Design an algorithm or approach to solve caching strategies in a Backend Developer setting. Explain complexity (while ensuring accessibility).
UX/UI Designer,Technical,Walk me through the steps to implement user research methods for a UX/UI Designer project (with limited budget and time).
Data Scientist,Leadership,How do you foster a culture of quality and security around deep learning architectures in your team? (in a cloud-native environment).
Network Engineer,Leadership,Describe how you'd mentor junior engineers/designers on best practices for QoS (considering performance at scale).
Information Systems Engineer,Behavioral,Have you ever had to persuade stakeholders about an approach to database management? What happened? (in a cloud-native environment).
AI Engineer,Technical,Describe the trade-offs between different approaches to model deployment for a AI Engineer.
UX/UI Designer,Leadership,How would you lead a team building a design systems feature from concept to production in a UX/UI Designer context?
Interactive Media Specialist,Leadership,Share your strategy to prioritize work and align stakeholders when implementing multimedia authoring tools.
Frontend Developer,Experience,Discuss a system you built that relied on JavaScript event handling and the biggest lessons learned.
Network Engineer,Problem Solving,Here's a problem: how would you approach optimizing switching concepts for a large-scale Network Engineer system?
Full Stack Developer,Behavioral,Share an example when you had to learn a new tool or technique for RESTful API design quickly.
Interactive Media Specialist,Experience,Discuss a system you built that relied on interactive storytelling and the biggest lessons learned (considering performance at scale).
Data Scientist,Technical,What are common pitfalls when working with model evaluation metrics and how do you avoid them?
Computer Scientist,Experience,What experience do you have with operating systems in past projects and what was the outcome?
Data Scientist,Behavioral,Have you ever had to persuade stakeholders about an approach to A/B testing? What happened?
Full Stack Developer,Experience,Describe a project where you used authentication and the role you played in it.
UX/UI Designer,Problem Solving,Design an algorithm or approach to solve prototyping tools in a UX/UI Designer setting. Explain complexity (with limited budget and time).
Data Scientist,Problem Solving,Propose a solution to improve machine learning model selection when faced with limited resources in a Data Scientist project (considering performance at scale).
Cyber Security Engineer,Leadership,Explain how you would handle conflict between team members over approaches to secure coding practices.
Network Engineer,Problem Solving,How would you break down a complex network monitoring problem into smaller tasks for a Network Engineer team?
Cyber Security Engineer,Leadership,Explain how you would handle conflict between team members over approaches to encryption and cryptography (considering performance at scale).
Full Stack Developer,Technical,What are common pitfalls when working with state management and how do you avoid them? (considering performance at scale).
Computer Scientist,Experience,Which tools or frameworks have you used for data structures and which did you prefer? Why?
Frontend Developer,Behavioral,Share an example when you had to learn a new tool or technique for accessibility (a11y) quickly.
UX/UI Designer,Experience,Which tools or frameworks have you used for accessibility design and which did you prefer? Why?
Frontend Developer,Experience,Which tools or frameworks have you used for react hooks and which did you prefer? Why? (considering performance at scale).
Full Stack Developer,Experience,Discuss a system you built that relied on RESTful API design and the biggest lessons learned.
Data Scientist,Leadership,Share your strategy to prioritize work and align stakeholders when implementing A/B testing.
Computer Scientist,Leadership,Share your strategy to prioritize work and align stakeholders when implementing algorithms complexity (in a cloud-native environment).
Interactive Media Specialist,Problem Solving,"Given a scenario with interactive storytelling failures, outline your debugging and mitigation steps for a Interactive Media Specialist role."
Backend Developer,Behavioral,Describe how you manage competing priorities when working on microservices tasks.
Data Scientist,Experience,Describe a project where you used deep learning architectures and the role you played in it.
Interactive Media Specialist,Problem Solving,Here's a problem: how would you approach optimizing game mechanics for a large-scale Interactive Media Specialist system? (considering performance at scale).
Frontend Developer,Problem Solving,Design an algorithm or approach to solve JavaScript event handling in a Frontend Developer setting. Explain complexity (with limited budget and time).
AI Engineer,Problem Solving,How would you break down a complex model interpretability problem into smaller tasks for a AI Engineer team? (while ensuring accessibility).
Network Engineer,Technical,How would you design a solution for routing protocols in the context of a Network Engineer position?
AI Engineer,Problem Solving,Propose a solution to improve model interpretability when faced with limited resources in a AI Engineer project.
Backend Developer,Problem Solving,"Given a scenario with microservices failures, outline your debugging and mitigation steps for a Backend Developer role."
Backend Developer,Behavioral,Tell me about a time you faced a challenge involving security best practices and how you handled it.
UX/UI Designer,Behavioral,Describe a situation where you had to collaborate with others to solve a problem related to prototyping tools.
Data Scientist,Experience,How have you measured success when working on A/B testing initiatives?
Information Systems Engineer,Technical,How would you design a solution for ERP systems in the context of a Information Systems Engineer position?
Full Stack Developer,Leadership,Describe how you'd mentor junior engineers/designers on best practices for database schema design.
Interactive Media Specialist,Behavioral,Tell me about a time you faced a challenge involving performance optimization for media and how you handled it.
Cyber Security Engineer,Behavioral,Share an example when you had to learn a new tool or technique for vulnerability assessment quickly (considering performance at scale).
Network Engineer,Problem Solving,How would you break down a complex network monitoring problem into smaller tasks for a Network Engineer team?
Full Stack Developer,Problem Solving,"Given a scenario with deployment failures, outline your debugging and mitigation steps for a Full Stack Developer role (while ensuring accessibility)."
Information Systems Engineer,Experience,What experience do you have with enterprise architecture in past projects and what was the outcome?
Computer Scientist,Problem Solving,"Given a scenario with operating systems failures, outline your debugging and mitigation steps for a Computer Scientist role."
Frontend Developer,Experience,Describe a project where you used react hooks and the role you played in it.
Frontend Developer,Leadership,Share your strategy to prioritize work and align stakeholders when implementing JavaScript event handling.
Network Engineer,Problem Solving,Here's a problem: how would you approach optimizing VPNs for a large-scale Network Engineer system?
Data Scientist,Behavioral,Describe how you manage competing priorities when working on time series forecasting tasks (for a legacy system).
Interactive Media Specialist,Technical,Describe the trade-offs between different approaches to audio-visual synchronization for a Interactive Media Specialist (for a legacy system).
AI Engineer,Technical,Walk me through the steps to implement transformers for a AI Engineer project.
Data Scientist,Behavioral,Describe a situation where you had to collaborate with others to solve a problem related to model evaluation metrics.
Backend Developer,Experience,What experience do you have with database transactions in past projects and what was the outcome? (in a cloud-native environment).
Information Systems Engineer,Leadership,How do you foster a culture of quality and security around IT governance in your team?
Network Engineer,Experience,How have you measured success when working on network monitoring initiatives?
Cyber Security Engineer,Technical,How would you design a solution for encryption and cryptography in the context of a Cyber Security Engineer position?
Interactive Media Specialist,Behavioral,Describe a situation where you had to collaborate with others to solve a problem related to interactive storytelling.
Computer Scientist,Experience,Which tools or frameworks have you used for distributed systems and which did you prefer? Why?
Frontend Developer,Experience,Which tools or frameworks have you used for react hooks and which did you prefer? Why? (for a legacy system).
Frontend Developer,Technical,Explain the key concepts of JavaScript event handling and how you would apply them in a Frontend Developer role.
Information Systems Engineer,Behavioral,Tell me about a time you faced a challenge involving ERP systems and how you handled it.
Cyber Security Engineer,Experience,Which tools or frameworks have you used for secure coding practices and which did you prefer? Why?
Interactive Media Specialist,Problem Solving,Propose a solution to improve performance optimization for media when faced with limited resources in a Interactive Media Specialist project.
Frontend Developer,Technical,Walk me through the steps to implement JavaScript event handling for a Frontend Developer project.
Frontend Developer,Technical,Describe the trade-offs between different approaches to JavaScript event handling for a Frontend Developer (in a cloud-native environment).
Full Stack Developer,Experience,Discuss a system you built that relied on deployment and the biggest lessons learned.
Full Stack Developer,Technical,Explain the key concepts of state management and how you would apply them in a Full Stack Developer role.
Data Scientist,Behavioral,Share an example when you had to learn a new tool or technique for deep learning architectures quickly.
Network Engineer,Behavioral,Tell me about a time you faced a challenge involving routing protocols and how you handled it (in a cloud-native environment).
Cyber Security Engineer,Problem Solving,How would you break down a complex vulnerability assessment problem into smaller tasks for a Cyber Security Engineer team?
Computer Scientist,Problem Solving,Design an algorithm or approach to solve distributed systems in a Computer Scientist setting. Explain complexity (with limited budget and time).
Information Systems Engineer,Behavioral,Describe a situation where you had to collaborate with others to solve a problem related to requirements gathering.
Computer Scientist,Problem Solving,Propose a solution to improve algorithms complexity when faced with limited resources in a Computer Scientist project.
Computer Scientist,Leadership,How do you foster a culture of quality and security around compiler design in your team? (with limited budget and time).
Data Scientist,Problem Solving,"Given a scenario with deep learning architectures failures, outline your debugging and mitigation steps for a Data Scientist role."
Full Stack Developer,Behavioral,Share an example when you had to learn a new tool or technique for performance optimization quickly.
Interactive Media Specialist,Technical,Describe the trade-offs between different approaches to game mechanics for a Interactive Media Specialist (for a legacy system).
AI Engineer,Technical,What are common pitfalls when working with fine-tuning models and how do you avoid them?
Frontend Developer,Leadership,How would you lead a team building a cross-browser compatibility feature from concept to production in a Frontend Developer context?
Interactive Media Specialist,Behavioral,Describe a situation where you had to collaborate with others to solve a problem related to performance optimization for media.
Network Engineer,Problem Solving,Propose a solution to improve switching concepts when faced with limited resources in a Network Engineer project.
Interactive Media Specialist,Experience,Which tools or frameworks have you used for performance optimization for media and which did you prefer? Why? (for a legacy system).
Network Engineer,Leadership,Explain how you would handle conflict between team members over approaches to VPNs.
Information Systems Engineer,Problem Solving,Propose a solution to improve enterprise architecture when faced with limited resources in a Information Systems Engineer project.
Full Stack Developer,Leadership,Share your strategy to prioritize work and align stakeholders when implementing state management (while ensuring accessibility).
Computer Scientist,Leadership,How do you foster a culture of quality and security around compiler design in your team? (in a cloud-native environment).
Data Scientist,Experience,How have you measured success when working on deep learning architectures initiatives?
Information Systems Engineer,Experience,How have you measured success when working on ERP systems initiatives? (for a legacy system).
Information Systems Engineer,Problem Solving,How would you break down a complex business process modeling problem into smaller tasks for a Information Systems Engineer team? (in a cloud-native environment).
Network Engineer,Leadership,Explain how you would handle conflict between team members over approaches to QoS.
Network Engineer,Leadership,How do you foster a culture of quality and security around network monitoring in your team?
Frontend Developer,Experience,Describe a project where you used responsive design and the role you played in it.
UX/UI Designer,Experience,Describe a project where you used prototyping tools and the role you played in it.
Network Engineer,Behavioral,Share an example when you had to learn a new tool or technique for routing protocols quickly (in a cloud-native environment).
Computer Scientist,Problem Solving,Here's a problem: how would you approach optimizing operating systems for a large-scale Computer Scientist system?
Backend Developer,Leadership,Share your strategy to prioritize work and align stakeholders when implementing caching strategies.
UX/UI Designer,Experience,How have you measured success when working on design systems initiatives? (considering performance at scale).
Interactive Media Specialist,Technical,Walk me through the steps to implement multimedia authoring tools for a Interactive Media Specialist project (considering performance at scale).
Network Engineer,Leadership,Describe how you'd mentor junior engineers/designers on best practices for VPNs.
Network Engineer,Leadership,Share your strategy to prioritize work and align stakeholders when implementing subnetting and CIDR.
AI Engineer,Leadership,Describe how you'd mentor junior engineers/designers on best practices for model deployment.
Network Engineer,Problem Solving,Design an algorithm or approach to solve QoS in a Network Engineer setting. Explain complexity (with limited budget and time).
Interactive Media Specialist,Experience,What experience do you have with UX for interactive media in past projects and what was the outcome?
Cyber Security Engineer,Behavioral,Have you ever had to persuade stakeholders about an approach to threat modeling? What happened? (while ensuring accessibility).
Computer Scientist,Behavioral,Tell me about a time you faced a challenge involving compiler design and how you handled it.
UX/UI Designer,Behavioral,Share an example when you had to learn a new tool or technique for information architecture quickly.
AI Engineer,Experience,Describe a project where you used MLOps and the role you played in it.
Data Scientist,Problem Solving,Propose a solution to improve deep learning architectures when faced with limited resources in a Data Scientist project.
Backend Developer,Behavioral,Describe a situation where you had to collaborate with others to solve a problem related to asynchronous processing.
Information Systems Engineer,Problem Solving,Here's a problem: how would you approach optimizing business process modeling for a large-scale Information Systems Engineer system?
Information Systems Engineer,Behavioral,Describe how you manage competing priorities when working on systems analysis tasks.
Frontend Developer,Experience,How have you measured success when working on accessibility (a11y) initiatives? (while ensuring accessibility).
Full Stack Developer,Problem Solving,Design an algorithm or approach to solve state management in a Full Stack Developer setting. Explain complexity (while ensuring accessibility).
Interactive Media Specialist,Leadership,Describe how you'd mentor junior engineers/designers on best practices for performance optimization for media.
Data Scientist,Experience,How have you measured success when working on time series forecasting initiatives?
Cyber Security Engineer,Behavioral,Have you ever had to persuade stakeholders about an approach to IAM (Identity and Access Management)? What happened?
UX/UI Designer,Leadership,How would you lead a team building a usability testing feature from concept to production in a UX/UI Designer context?
Full Stack Developer,Behavioral,Have you ever had to persuade stakeholders about an approach to database schema design? What happened?
UX/UI Designer,Leadership,Share your strategy to prioritize work and align stakeholders when implementing information architecture.
UX/UI Designer,Behavioral,Share an example when you had to learn a new tool or technique for accessibility design quickly.
Backend Developer,Problem Solving,Design an algorithm or approach to solve security best practices in a Backend Developer setting. Explain complexity (for a legacy system).
UX/UI Designer,Experience,How have you measured success when working on information architecture initiatives?
Network Engineer,Leadership,How would you lead a team building a switching concepts feature from concept to production in a Network Engineer context?
Full Stack Developer,Behavioral,Describe a situation where you had to collaborate with others to solve a problem related to frontend-backend integration.
Computer Scientist,Problem Solving,Propose a solution to improve algorithms complexity when faced with limited resources in a Computer Scientist project (in a cloud-native environment).
AI Engineer,Technical,Describe the trade-offs between different approaches to MLOps for a AI Engineer.
Backend Developer,Technical,Walk me through the steps to implement scalability for a Backend Developer project.
Interactive Media Specialist,Experience,Describe a project where you used interactive storytelling and the role you played in it.
Network Engineer,Leadership,Describe how you'd mentor junior engineers/designers on best practices for network troubleshooting.
Interactive Media Specialist,Problem Solving,Here's a problem: how would you approach optimizing interactive storytelling for a large-scale Interactive Media Specialist system?
Computer Scientist,Problem Solving,"Given a scenario with compiler design failures, outline your debugging and mitigation steps for a Computer Scientist role."
Computer Scientist,Problem Solving,Propose a solution to improve operating systems when faced with limited resources in a Computer Scientist project.
Data Scientist,Behavioral,Have you ever had to persuade stakeholders about an approach to A/B testing? What happened? (while ensuring accessibility).
Information Systems Engineer,Behavioral,Describe how you manage competing priorities when working on IT governance tasks.
Information Systems Engineer,Problem Solving,"Given a scenario with IT governance failures, outline your debugging and mitigation steps for a Information Systems Engineer role."
Network Engineer,Problem Solving,Design an algorithm or approach to solve switching concepts in a Network Engineer setting. Explain complexity (while ensuring accessibility).
Interactive Media Specialist,Experience,Which tools or frameworks have you used for UX for interactive media and which did you prefer? Why?
Frontend Developer,Experience,Which tools or frameworks have you used for JavaScript event handling and which did you prefer? Why?
Information Systems Engineer,Leadership,Share your strategy to prioritize work and align stakeholders when implementing database management.
Backend Developer,Behavioral,Tell me about a time you faced a challenge involving asynchronous processing and how you handled it.
Information Systems Engineer,Behavioral,Tell me about a time you faced a challenge involving enterprise architecture and how you handled it (for a legacy system).
Cyber Security Engineer,Leadership,How would you lead a team building a IAM (Identity and Access Management) feature from concept to production in a Cyber Security Engineer context?
AI Engineer,Technical,Explain the key concepts of model interpretability and how you would apply them in a AI Engineer role (while ensuring accessibility).
Network Engineer,Problem Solving,Design an algorithm or approach to solve switching concepts in a Network Engineer setting. Explain complexity (with limited budget and time).
Data Scientist,Experience,Discuss a system you built that relied on feature engineering and the biggest lessons learned.
Information Systems Engineer,Technical,Walk me through the steps to implement systems analysis for a Information Systems Engineer project (while ensuring accessibility).
Network Engineer,Behavioral,Have you ever had to persuade stakeholders about an approach to VPNs? What happened?
Computer Scientist,Leadership,How would you lead a team building a computational theory feature from concept to production in a Computer Scientist context?
Information Systems Engineer,Problem Solving,Here's a problem: how would you approach optimizing systems analysis for a large-scale Information Systems Engineer system?
AI Engineer,Problem Solving,Propose a solution to improve fine-tuning models when faced with limited resources in a AI Engineer project.
Data Scientist,Leadership,How would you lead a team building a machine learning model selection feature from concept to production in a Data Scientist context?
Backend Developer,Technical,Describe the trade-offs between different approaches to scalability for a Backend Developer.
Information Systems Engineer,Behavioral,Share an example when you had to learn a new tool or technique for ERP systems quickly.
Cyber Security Engineer,Problem Solving,How would you break down a complex encryption and cryptography problem into smaller tasks for a Cyber Security Engineer team?
Information Systems Engineer,Problem Solving,How would you break down a complex IT governance problem into smaller tasks for a Information Systems Engineer team?
Frontend Developer,Leadership,Describe how you'd mentor junior engineers/designers on best practices for cross-browser compatibility.
Full Stack Developer,Technical,What are common pitfalls when working with database schema design and how do you avoid them?
UX/UI Designer,Behavioral,Have you ever had to persuade stakeholders about an approach to wireframing? What happened?
Cyber Security Engineer,Leadership,Explain how you would handle conflict between team members over approaches to IAM (Identity and Access Management).
Interactive Media Specialist,Leadership,Describe how you'd mentor junior engineers/designers on best practices for multimedia authoring tools (with limited budget and time).
Computer Scientist,Problem Solving,Design an algorithm or approach to solve data structures in a Computer Scientist setting. Explain complexity (considering performance at scale).
Cyber Security Engineer,Technical,How would you design a solution for vulnerability assessment in the context of a Cyber Security Engineer position?
AI Engineer,Behavioral,Describe a situation where you had to collaborate with others to solve a problem related to model deployment (considering performance at scale).
Full Stack Developer,Experience,Which tools or frameworks have you used for authentication and which did you prefer? Why? (considering performance at scale).
Frontend Developer,Behavioral,Have you ever had to persuade stakeholders about an approach to cross-browser compatibility? What happened?
UX/UI Designer,Experience,How have you measured success when working on wireframing initiatives?
UX/UI Designer,Behavioral,Describe a situation where you had to collaborate with others to solve a problem related to information architecture (with limited budget and time).
Interactive Media Specialist,Behavioral,Share an example when you had to learn a new tool or technique for AR/VR basics quickly.
Backend Developer,Leadership,Describe how you'd mentor junior engineers/designers on best practices for scalability.
Information Systems Engineer,Experience,Which tools or frameworks have you used for requirements gathering and which did you prefer? Why?
Interactive Media Specialist,Technical,Explain the key concepts of multimedia authoring tools and how you would apply them in a Interactive Media Specialist role (considering performance at scale).
Computer Scientist,Behavioral,Describe a situation where you had to collaborate with others to solve a problem related to concurrency.
Full Stack Developer,Technical,How would you design a solution for RESTful API design in the context of a Full Stack Developer position?
Network Engineer,Technical,Describe the trade-offs between different approaches to switching concepts for a Network Engineer.
Network Engineer,Leadership,Share your strategy to prioritize work and align stakeholders when implementing VPNs (while ensuring accessibility).
Full Stack Developer,Problem Solving,Here's a problem: how would you approach optimizing deployment for a large-scale Full Stack Developer system?
Data Scientist,Technical,Describe the trade-offs between different approaches to time series forecasting for a Data Scientist (for a legacy system).
AI Engineer,Problem Solving,How would you break down a complex prompt engineering problem into smaller tasks for a AI Engineer team?
Data Scientist,Technical,How would you design a solution for A/B testing in the context of a Data Scientist position?
Interactive Media Specialist,Problem Solving,How would you break down a complex audio-visual synchronization problem into smaller tasks for a Interactive Media Specialist team?
Information Systems Engineer,Experience,Describe a project where you used ERP systems and the role you played in it.
Backend Developer,Behavioral,Describe how you manage competing priorities when working on API versioning tasks (considering performance at scale).
Information Systems Engineer,Technical,Explain the key concepts of systems analysis and how you would apply them in a Information Systems Engineer role (considering performance at scale).
Information Systems Engineer,Experience,What experience do you have with IT governance in past projects and what was the outcome?
Full Stack Developer,Behavioral,Tell me about a time you faced a challenge involving performance optimization and how you handled it.
Information Systems Engineer,Behavioral,Describe how you manage competing priorities when working on ERP systems tasks.
Computer Scientist,Leadership,How would you lead a team building a distributed systems feature from concept to production in a Computer Scientist context?
Frontend Developer,Behavioral,Share an example when you had to learn a new tool or technique for responsive design quickly.
Cyber Security Engineer,Behavioral,Describe a situation where you had to collaborate with others to solve a problem related to vulnerability assessment.
Network Engineer,Leadership,How do you foster a culture of quality and security around routing protocols in your team?
Data Scientist,Technical,What are common pitfalls when working with deep learning architectures and how do you avoid them?
Full Stack Developer,Problem Solving,Here's a problem: how would you approach optimizing frontend-backend integration for a large-scale Full Stack Developer system?
Data Scientist,Experience,What experience do you have with time series forecasting in past projects and what was the outcome?
Data Scientist,Behavioral,Describe a situation where you had to collaborate with others to solve a problem related to deep learning architectures.
Full Stack Developer,Experience,Discuss a system you built that relied on database schema design and the biggest lessons learned.
Frontend Developer,Problem Solving,Design an algorithm or approach to solve JavaScript event handling in a Frontend Developer setting. Explain complexity (while ensuring accessibility).
Computer Scientist,Experience,What experience do you have with compiler design in past projects and what was the outcome?
Information Systems Engineer,Technical,Explain the key concepts of requirements gathering and how you would apply them in a Information Systems Engineer role.
Frontend Developer,Technical,How would you design a solution for responsive design in the context of a Frontend Developer position?
AI Engineer,Experience,What experience do you have with transformers in past projects and what was the outcome?
Full Stack Developer,Behavioral,Have you ever had to persuade stakeholders about an approach to performance optimization? What happened?
Network Engineer,Behavioral,Have you ever had to persuade stakeholders about an approach to routing protocols? What happened?
Information Systems Engineer,Problem Solving,How would you break down a complex IT governance problem into smaller tasks for a Information Systems Engineer team?
Full Stack Developer,Behavioral,Describe how you manage competing priorities when working on performance optimization tasks.
Computer Scientist,Behavioral,Have you ever had to persuade stakeholders about an approach to operating systems? What happened?
Information Systems Engineer,Experience,Describe a project where you used requirements gathering and the role you played in it.
Information Systems Engineer,Behavioral,Tell me about a time you faced a challenge involving systems analysis and how you handled it.
Backend Developer,Leadership,How would you lead a team building a asynchronous processing feature from concept to production in a Backend Developer context?
Cyber Security Engineer,Behavioral,Tell me about a time you faced a challenge involving vulnerability assessment and how you handled it (in a cloud-native environment).
Frontend Developer,Technical,How would you design a solution for responsive design in the context of a Frontend Developer position?
Data Scientist,Leadership,How would you lead a team building a model evaluation metrics feature from concept to production in a Data Scientist context? (while ensuring accessibility).
Network Engineer,Experience,Discuss a system you built that relied on routing protocols and the biggest lessons learned (while ensuring accessibility).
Backend Developer,Experience,What experience do you have with API versioning in past projects and what was the outcome?
Interactive Media Specialist,Problem Solving,How would you break down a complex UX for interactive media problem into smaller tasks for a Interactive Media Specialist team? (considering performance at scale).
Backend Developer,Technical,Walk me through the steps to implement caching strategies for a Backend Developer project.
Cyber Security Engineer,Problem Solving,Design an algorithm or approach to solve encryption and cryptography in a Cyber Security Engineer setting. Explain complexity (considering performance at scale).
AI Engineer,Leadership,How would you lead a team building a model deployment feature from concept to production in a AI Engineer context?
Network Engineer,Behavioral,Share an example when you had to learn a new tool or technique for subnetting and CIDR quickly.
Backend Developer,Behavioral,Share an example when you had to learn a new tool or technique for security best practices quickly.
Data Scientist,Leadership,How would you lead a team building a model evaluation metrics feature from concept to production in a Data Scientist context?
Full Stack Developer,Behavioral,Tell me about a time you faced a challenge involving RESTful API design and how you handled it.
Interactive Media Specialist,Experience,What experience do you have with AR/VR basics in past projects and what was the outcome?
Computer Scientist,Experience,Which tools or frameworks have you used for distributed systems and which did you prefer? Why?
UX/UI Designer,Problem Solving,Propose a solution to improve information architecture when faced with limited resources in a UX/UI Designer project.
Backend Developer,Problem Solving,"Given a scenario with asynchronous processing failures, outline your debugging and mitigation steps for a Backend Developer role."
Backend Developer,Technical,What are common pitfalls when working with asynchronous processing and how do you avoid them?
Network Engineer,Problem Solving,"Given a scenario with VPNs failures, outline your debugging and mitigation steps for a Network Engineer role (considering performance at scale)."
Full Stack Developer,Technical,Walk me through the steps to implement frontend-backend integration for a Full Stack Developer project (in a cloud-native environment).
Network Engineer,Problem Solving,"Given a scenario with network troubleshooting failures, outline your debugging and mitigation steps for a Network Engineer role."
Network Engineer,Technical,Walk me through the steps to implement network troubleshooting for a Network Engineer project.
Data Scientist,Leadership,Share your strategy to prioritize work and align stakeholders when implementing machine learning model selection.
Full Stack Developer,Behavioral,Share an example when you had to learn a new tool or technique for authentication quickly.
Data Scientist,Problem Solving,"Given a scenario with data preprocessing failures, outline your debugging and mitigation steps for a Data Scientist role."
Backend Developer,Behavioral,Tell me about a time you faced a challenge involving security best practices and how you handled it.
Full Stack Developer,Behavioral,Describe how you manage competing priorities when working on frontend-backend integration tasks.
Data Scientist,Technical,Explain the key concepts of model evaluation metrics and how you would apply them in a Data Scientist role.
Backend Developer,Experience,Which tools or frameworks have you used for database transactions and which did you prefer? Why?
Network Engineer,Leadership,How would you lead a team building a subnetting and CIDR feature from concept to production in a Network Engineer context? (for a legacy system).
Information Systems Engineer,Problem Solving,Propose a solution to improve database management when faced with limited resources in a Information Systems Engineer project.
AI Engineer,Leadership,Explain how you would handle conflict between team members over approaches to continuously learning systems.
Interactive Media Specialist,Leadership,How would you lead a team building a AR/VR basics feature from concept to production in a Interactive Media Specialist context? (considering performance at scale).
Computer Scientist,Behavioral,Tell me about a time you faced a challenge involving computational theory and how you handled it.
Backend Developer,Problem Solving,How would you break down a complex security best practices problem into smaller tasks for a Backend Developer team? (in a cloud-native environment).
Computer Scientist,Leadership,Describe how you'd mentor junior engineers/designers on best practices for data structures.
Information Systems Engineer,Leadership,Share your strategy to prioritize work and align stakeholders when implementing enterprise architecture (with limited budget and time).
Data Scientist,Behavioral,Tell me about a time you faced a challenge involving data preprocessing and how you handled it.
Information Systems Engineer,Leadership,How would you lead a team building a business process modeling feature from concept to production in a Information Systems Engineer context?
Cyber Security Engineer,Problem Solving,How would you break down a complex secure coding practices problem into smaller tasks for a Cyber Security Engineer team?
Backend Developer,Technical,Explain the key concepts of microservices and how you would apply them in a Backend Developer role.
Backend Developer,Problem Solving,"Given a scenario with scalability failures, outline your debugging and mitigation steps for a Backend Developer role."
Frontend Developer,Technical,How would you design a solution for responsive design in the context of a Frontend Developer position?
Full Stack Developer,Experience,Discuss a system you built that relied on database schema design and the biggest lessons learned.
Backend Developer,Experience,How have you measured success when working on microservices initiatives?
Network Engineer,Experience,Discuss a system you built that relied on network troubleshooting and the biggest lessons learned.
Cyber Security Engineer,Experience,Discuss a system you built that relied on IAM (Identity and Access Management) and the biggest lessons learned (considering performance at scale).
Network Engineer,Problem Solving,Here's a problem: how would you approach optimizing routing protocols for a large-scale Network Engineer system?
Network Engineer,Behavioral,Describe how you manage competing priorities when working on switching concepts tasks.
AI Engineer,Leadership,Describe how you'd mentor junior engineers/designers on best practices for fine-tuning models.
UX/UI Designer,Technical,Describe the trade-offs between different approaches to accessibility design for a UX/UI Designer.
Data Scientist,Behavioral,Share an example when you had to learn a new tool or technique for model evaluation metrics quickly (while ensuring accessibility).
AI Engineer,Leadership,How would you lead a team building a model deployment feature from concept to production in a AI Engineer context?
Frontend Developer,Problem Solving,How would you break down a complex responsive design problem into smaller tasks for a Frontend Developer team?
Backend Developer,Experience,Which tools or frameworks have you used for scalability and which did you prefer? Why? (while ensuring accessibility).
Full Stack Developer,Technical,How would you design a solution for state management in the context of a Full Stack Developer position? (in a cloud-native environment).
Frontend Developer,Experience,How have you measured success when working on web performance initiatives?
Full Stack Developer,Experience,How have you measured success when working on deployment initiatives?
Cyber Security Engineer,Leadership,Share your strategy to prioritize work and align stakeholders when implementing secure coding practices.
Computer Scientist,Leadership,Describe how you'd mentor junior engineers/designers on best practices for algorithms complexity.
AI Engineer,Behavioral,Tell me about a time you faced a challenge involving fine-tuning models and how you handled it.
UX/UI Designer,Experience,Which tools or frameworks have you used for prototyping tools and which did you prefer? Why?
Backend Developer,Behavioral,Describe a situation where you had to collaborate with others to solve a problem related to database transactions.
Backend Developer,Behavioral,Share an example when you had to learn a new tool or technique for security best practices quickly.
UX/UI Designer,Leadership,Explain how you would handle conflict between team members over approaches to usability testing.
Interactive Media Specialist,Experience,What experience do you have with game mechanics in past projects and what was the outcome?
Backend Developer,Experience,How have you measured success when working on caching strategies initiatives?
Frontend Developer,Experience,What experience do you have with web performance in past projects and what was the outcome? (with limited budget and time).
Network Engineer,Leadership,How would you lead a team building a VPNs feature from concept to production in a Network Engineer context?
Information Systems Engineer,Technical,How would you design a solution for database management in the context of a Information Systems Engineer position? (with limited budget and time).
Data Scientist,Problem Solving,Design an algorithm or approach to solve deep learning architectures in a Data Scientist setting. Explain complexity.
Computer Scientist,Behavioral,Describe a situation where you had to collaborate with others to solve a problem related to distributed systems.
Interactive Media Specialist,Technical,How would you design a solution for performance optimization for media in the context of a Interactive Media Specialist position?
Computer Scientist,Problem Solving,How would you break down a complex algorithms complexity problem into smaller tasks for a Computer Scientist team?
Data Scientist,Technical,Explain the key concepts of data preprocessing and how you would apply them in a Data Scientist role.
Backend Developer,Leadership,How would you lead a team building a API versioning feature from concept to production in a Backend Developer context?
Interactive Media Specialist,Behavioral,Describe a situation where you had to collaborate with others to solve a problem related to interactive storytelling.
Computer Scientist,Leadership,Share your strategy to prioritize work and align stakeholders when implementing compiler design.
AI Engineer,Leadership,Explain how you would handle conflict between team members over approaches to model deployment.
Network Engineer,Leadership,Share your strategy to prioritize work and align stakeholders when implementing subnetting and CIDR.
Network Engineer,Problem Solving,How would you break down a complex network monitoring problem into smaller tasks for a Network Engineer team? (while ensuring accessibility).
UX/UI Designer,Problem Solving,How would you break down a complex accessibility design problem into smaller tasks for a UX/UI Designer team?
UX/UI Designer,Leadership,Explain how you would handle conflict between team members over approaches to wireframing (while ensuring accessibility).
Cyber Security Engineer,Behavioral,Have you ever had to persuade stakeholders about an approach to secure coding practices? What happened?
Cyber Security Engineer,Technical,Describe the trade-offs between different approaches to secure coding practices for a Cyber Security Engineer.
Computer Scientist,Experience,Which tools or frameworks have you used for operating systems and which did you prefer? Why? (with limited budget and time).
UX/UI Designer,Behavioral,Share an example when you had to learn a new tool or technique for user research methods quickly.
Network Engineer,Experience,Discuss a system you built that relied on network troubleshooting and the biggest lessons learned.
Full Stack Developer,Behavioral,Tell me about a time you faced a challenge involving deployment and how you handled it.
Network Engineer,Leadership,Explain how you would handle conflict between team members over approaches to network troubleshooting.
Backend Developer,Problem Solving,Here's a problem: how would you approach optimizing API versioning for a large-scale Backend Developer system?
Network Engineer,Technical,How would you design a solution for routing protocols in the context of a Network Engineer position?
Information Systems Engineer,Experience,Describe a project where you used requirements gathering and the role you played in it.
Interactive Media Specialist,Experience,What experience do you have with game mechanics in past projects and what was the outcome?
UX/UI Designer,Experience,Describe a project where you used accessibility design and the role you played in it (with limited budget and time).
Interactive Media Specialist,Experience,Which tools or frameworks have you used for interactive storytelling and which did you prefer? Why?
Information Systems Engineer,Experience,Which tools or frameworks have you used for IT governance and which did you prefer? Why?
Frontend Developer,Experience,How have you measured success when working on cross-browser compatibility initiatives?
Backend Developer,Leadership,Describe how you'd mentor junior engineers/designers on best practices for scalability.
Network Engineer,Leadership,How do you foster a culture of quality and security around routing protocols in your team?
AI Engineer,Experience,How have you measured success when working on transformers initiatives?
AI Engineer,Leadership,How would you lead a team building a model deployment feature from concept to production in a AI Engineer context?
Information Systems Engineer,Experience,Which tools or frameworks have you used for enterprise architecture and which did you prefer? Why?
Frontend Developer,Leadership,Explain how you would handle conflict between team members over approaches to cross-browser compatibility.
Computer Scientist,Experience,Discuss a system you built that relied on computational theory and the biggest lessons learned.
Information Systems Engineer,Technical,Walk me through the steps to implement business process modeling for a Information Systems Engineer project.
Computer Scientist,Problem Solving,"Given a scenario with compiler design failures, outline your debugging and mitigation steps for a Computer Scientist role."
Information Systems Engineer,Behavioral,Describe how you manage competing priorities when working on enterprise architecture tasks (for a legacy system).
Interactive Media Specialist,Experience,What experience do you have with UX for interactive media in past projects and what was the outcome?
Backend Developer,Leadership,Share your strategy to prioritize work and align stakeholders when implementing database transactions.
AI Engineer,Technical,Explain the key concepts of transformers and how you would apply them in a AI Engineer role.
Frontend Developer,Leadership,Share your strategy to prioritize work and align stakeholders when implementing cross-browser compatibility (with limited budget and time).
Data Scientist,Leadership,How would you lead a team building a deep learning architectures feature from concept to production in a Data Scientist context?
Cyber Security Engineer,Behavioral,Share an example when you had to learn a new tool or technique for network security quickly.
Cyber Security Engineer,Leadership,How would you lead a team building a vulnerability assessment feature from concept to production in a Cyber Security Engineer context?
Data Scientist,Experience,Which tools or frameworks have you used for machine learning model selection and which did you prefer? Why?
Cyber Security Engineer,Technical,What are common pitfalls when working with threat modeling and how do you avoid them? (for a legacy system).
Network Engineer,Leadership,Explain how you would handle conflict between team members over approaches to QoS (in a cloud-native environment).
Frontend Developer,Behavioral,Have you ever had to persuade stakeholders about an approach to responsive design? What happened?
Data Scientist,Behavioral,Tell me about a time you faced a challenge involving feature engineering and how you handled it.
Computer Scientist,Behavioral,Have you ever had to persuade stakeholders about an approach to computational theory? What happened?
Cyber Security Engineer,Leadership,Explain how you would handle conflict between team members over approaches to network security (for a legacy system).
Computer Scientist,Behavioral,Describe how you manage competing priorities when working on concurrency tasks.
Frontend Developer,Problem Solving,Design an algorithm or approach to solve web performance in a Frontend Developer setting. Explain complexity.
Frontend Developer,Problem Solving,Design an algorithm or approach to solve cross-browser compatibility in a Frontend Developer setting. Explain complexity.
Computer Scientist,Behavioral,Describe a situation where you had to collaborate with others to solve a problem related to operating systems (in a cloud-native environment).
Information Systems Engineer,Technical,What are common pitfalls when working with ERP systems and how do you avoid them?
Computer Scientist,Experience,Which tools or frameworks have you used for concurrency and which did you prefer? Why?
AI Engineer,Problem Solving,Propose a solution to improve transformers when faced with limited resources in a AI Engineer project.
Cyber Security Engineer,Behavioral,Share an example when you had to learn a new tool or technique for IAM (Identity and Access Management) quickly.
Network Engineer,Technical,Explain the key concepts of switching concepts and how you would apply them in a Network Engineer role.
Backend Developer,Leadership,Explain how you would handle conflict between team members over approaches to asynchronous processing (while ensuring accessibility).
Network Engineer,Experience,How have you measured success when working on network monitoring initiatives?
Information Systems Engineer,Experience,How have you measured success when working on ERP systems initiatives?
AI Engineer,Experience,How have you measured success when working on prompt engineering initiatives?
Full Stack Developer,Leadership,How would you lead a team building a performance optimization feature from concept to production in a Full Stack Developer context?
Interactive Media Specialist,Problem Solving,Propose a solution to improve UX for interactive media when faced with limited resources in a Interactive Media Specialist project.
AI Engineer,Behavioral,Have you ever had to persuade stakeholders about an approach to transformers? What happened? (with limited budget and time).
Full Stack Developer,Technical,What are common pitfalls when working with state management and how do you avoid them?
Full Stack Developer,Problem Solving,How would you break down a complex state management problem into smaller tasks for a Full Stack Developer team?
Full Stack Developer,Leadership,Describe how you'd mentor junior engineers/designers on best practices for state management.
UX/UI Designer,Leadership,How would you lead a team building a design systems feature from concept to production in a UX/UI Designer context? (with limited budget and time).
Full Stack Developer,Technical,What are common pitfalls when working with database schema design and how do you avoid them?
UX/UI Designer,Behavioral,Share an example when you had to learn a new tool or technique for usability testing quickly (for a legacy system).
Network Engineer,Behavioral,Describe a situation where you had to collaborate with others to solve a problem related to network troubleshooting.
Interactive Media Specialist,Leadership,How would you lead a team building a performance optimization for media feature from concept to production in a Interactive Media Specialist context?
Full Stack Developer,Behavioral,Share an example when you had to learn a new tool or technique for RESTful API design quickly.
Information Systems Engineer,Leadership,How would you lead a team building a business process modeling feature from concept to production in a Information Systems Engineer context?
Information Systems Engineer,Problem Solving,Propose a solution to improve systems analysis when faced with limited resources in a Information Systems Engineer project.
Data Scientist,Behavioral,Describe a situation where you had to collaborate with others to solve a problem related to feature engineering (for a legacy system).
Information Systems Engineer,Leadership,How do you foster a culture of quality and security around requirements gathering in your team?
Information Systems Engineer,Behavioral,Tell me about a time you faced a challenge involving requirements gathering and how you handled it.
AI Engineer,Leadership,Share your strategy to prioritize work and align stakeholders when implementing model interpretability.
Computer Scientist,Problem Solving,Design an algorithm or approach to solve compiler design in a Computer Scientist setting. Explain complexity (with limited budget and time).
Frontend Developer,Technical,How would you design a solution for JavaScript event handling in the context of a Frontend Developer position?
Full Stack Developer,Problem Solving,Propose a solution to improve frontend-backend integration when faced with limited resources in a Full Stack Developer project (for a legacy system).
Frontend Developer,Experience,How have you measured success when working on accessibility (a11y) initiatives?
Data Scientist,Leadership,Explain how you would handle conflict between team members over approaches to model evaluation metrics.
Full Stack Developer,Behavioral,Describe a situation where you had to collaborate with others to solve a problem related to state management.
Information Systems Engineer,Experience,What experience do you have with ERP systems in past projects and what was the outcome?
Full Stack Developer,Experience,Describe a project where you used RESTful API design and the role you played in it.
Computer Scientist,Technical,What are common pitfalls when working with data structures and how do you avoid them?
Full Stack Developer,Technical,Walk me through the steps to implement database schema design for a Full Stack Developer project.
Computer Scientist,Technical,Walk me through the steps to implement computational theory for a Computer Scientist project.
Frontend Developer,Leadership,Explain how you would handle conflict between team members over approaches to responsive design (considering performance at scale).
AI Engineer,Experience,Discuss a system you built that relied on fine-tuning models and the biggest lessons learned.
UX/UI Designer,Behavioral,Describe a situation where you had to collaborate with others to solve a problem related to information architecture.
Backend Developer,Technical,Explain the key concepts of API versioning and how you would apply them in a Backend Developer role.
Frontend Developer,Problem Solving,How would you break down a complex JavaScript event handling problem into smaller tasks for a Frontend Developer team?
AI Engineer,Problem Solving,"Given a scenario with fine-tuning models failures, outline your debugging and mitigation steps for a AI Engineer role."
Cyber Security Engineer,Experience,Describe a project where you used threat modeling and the role you played in it.
Cyber Security Engineer,Behavioral,Tell me about a time you faced a challenge involving secure coding practices and how you handled it (in a cloud-native environment).
AI Engineer,Problem Solving,Design an algorithm or approach to solve transformers in a AI Engineer setting. Explain complexity (considering performance at scale).
Data Scientist,Leadership,Share your strategy to prioritize work and align stakeholders when implementing model evaluation metrics.
AI Engineer,Problem Solving,Here's a problem: how would you approach optimizing continuously learning systems for a large-scale AI Engineer system? (in a cloud-native environment).
AI Engineer,Experience,What experience do you have with model deployment in past projects and what was the outcome?
AI Engineer,Technical,Explain the key concepts of prompt engineering and how you would apply them in a AI Engineer role.
Interactive Media Specialist,Leadership,How do you foster a culture of quality and security around multimedia authoring tools in your team?
Cyber Security Engineer,Behavioral,Describe a situation where you had to collaborate with others to solve a problem related to network security (in a cloud-native environment).
Interactive Media Specialist,Problem Solving,Design an algorithm or approach to solve multimedia authoring tools in a Interactive Media Specialist setting. Explain complexity.
AI Engineer,Experience,Discuss a system you built that relied on model interpretability and the biggest lessons learned.
Computer Scientist,Experience,What experience do you have with concurrency in past projects and what was the outcome?
Full Stack Developer,Experience,Describe a project where you used database schema design and the role you played in it (for a legacy system).
Computer Scientist,Leadership,How do you foster a culture of quality and security around operating systems in your team?
Cyber Security Engineer,Technical,How would you design a solution for encryption and cryptography in the context of a Cyber Security Engineer position?
Backend Developer,Problem Solving,How would you break down a complex API versioning problem into smaller tasks for a Backend Developer team?
AI Engineer,Leadership,How do you foster a culture of quality and security around MLOps in your team?
UX/UI Designer,Leadership,Explain how you would handle conflict between team members over approaches to wireframing.
UX/UI Designer,Technical,What are common pitfalls when working with design systems and how do you avoid them?
Full Stack Developer,Problem Solving,"Given a scenario with frontend-backend integration failures, outline your debugging and mitigation steps for a Full Stack Developer role."
Network Engineer,Experience,How have you measured success when working on QoS initiatives?
Cyber Security Engineer,Leadership,How do you foster a culture of quality and security around vulnerability assessment in your team? (for a legacy system).
AI Engineer,Leadership,How do you foster a culture of quality and security around MLOps in your team? (for a legacy system).
Interactive Media Specialist,Problem Solving,Here's a problem: how would you approach optimizing interactive storytelling for a large-scale Interactive Media Specialist system? (in a cloud-native environment).
Network Engineer,Problem Solving,Here's a problem: how would you approach optimizing network monitoring for a large-scale Network Engineer system?
AI Engineer,Problem Solving,How would you break down a complex fine-tuning models problem into smaller tasks for a AI Engineer team? (considering performance at scale).
AI Engineer,Problem Solving,How would you break down a complex fine-tuning models problem into smaller tasks for a AI Engineer team?
AI Engineer,Technical,How would you design a solution for model deployment in the context of a AI Engineer position?
Frontend Developer,Leadership,How do you foster a culture of quality and security around responsive design in your team?
AI Engineer,Behavioral,Share an example when you had to learn a new tool or technique for model deployment quickly.
UX/UI Designer,Experience,How have you measured success when working on design systems initiatives? (considering performance at scale).
Backend Developer,Experience,What experience do you have with API versioning in past projects and what was the outcome?
Cyber Security Engineer,Behavioral,Have you ever had to persuade stakeholders about an approach to incident response? What happened?
Backend Developer,Experience,Which tools or frameworks have you used for security best practices and which did you prefer? Why? (in a cloud-native environment).
Backend Developer,Experience,Discuss a system you built that relied on security best practices and the biggest lessons learned.
Backend Developer,Experience,Which tools or frameworks have you used for API versioning and which did you prefer? Why?
Full Stack Developer,Experience,Which tools or frameworks have you used for database schema design and which did you prefer? Why? (with limited budget and time).
Computer Scientist,Technical,How would you design a solution for compiler design in the context of a Computer Scientist position?
Computer Scientist,Behavioral,Describe a situation where you had to collaborate with others to solve a problem related to data structures.
Data Scientist,Leadership,Describe how you'd mentor junior engineers/designers on best practices for feature engineering.
AI Engineer,Technical,Explain the key concepts of prompt engineering and how you would apply them in a AI Engineer role.
AI Engineer,Problem Solving,Design an algorithm or approach to solve model deployment in a AI Engineer setting. Explain complexity.
UX/UI Designer,Experience,What experience do you have with accessibility design in past projects and what was the outcome?
Data Scientist,Behavioral,Tell me about a time you faced a challenge involving data preprocessing and how you handled it.
Cyber Security Engineer,Behavioral,Describe a situation where you had to collaborate with others to solve a problem related to threat modeling.
AI Engineer,Technical,Explain the key concepts of model interpretability and how you would apply them in a AI Engineer role.
Data Scientist,Leadership,Explain how you would handle conflict between team members over approaches to data preprocessing (while ensuring accessibility).
Cyber Security Engineer,Behavioral,Describe how you manage competing priorities when working on encryption and cryptography tasks.
Interactive Media Specialist,Behavioral,Share an example when you had to learn a new tool or technique for performance optimization for media quickly.
Frontend Developer,Leadership,Share your strategy to prioritize work and align stakeholders when implementing CSS layout techniques (in a cloud-native environment).
AI Engineer,Leadership,Share your strategy to prioritize work and align stakeholders when implementing MLOps.
Backend Developer,Problem Solving,"Given a scenario with API versioning failures, outline your debugging and mitigation steps for a Backend Developer role."
UX/UI Designer,Experience,Which tools or frameworks have you used for information architecture and which did you prefer? Why? (with limited budget and time).
Network Engineer,Experience,Which tools or frameworks have you used for subnetting and CIDR and which did you prefer? Why? (with limited budget and time).
Network Engineer,Leadership,Describe how you'd mentor junior engineers/designers on best practices for network troubleshooting (considering performance at scale).
Full Stack Developer,Experience,Discuss a system you built that relied on deployment and the biggest lessons learned.
Full Stack Developer,Behavioral,Describe a situation where you had to collaborate with others to solve a problem related to authentication.
AI Engineer,Behavioral,Describe a situation where you had to collaborate with others to solve a problem related to continuously learning systems.
Backend Developer,Behavioral,Describe a situation where you had to collaborate with others to solve a problem related to database transactions.
Data Scientist,Technical,Describe the trade-offs between different approaches to deep learning architectures for a Data Scientist.
AI Engineer,Behavioral,Describe how you manage competing priorities when working on model deployment tasks.
Frontend Developer,Behavioral,Describe a situation where you had to collaborate with others to solve a problem related to web performance.
Interactive Media Specialist,Leadership,Describe how you'd mentor junior engineers/designers on best practices for performance optimization for media.
Information Systems Engineer,Technical,How would you design a solution for business process modeling in the context of a Information Systems Engineer position?
Data Scientist,Experience,Discuss a system you built that relied on deep learning architectures and the biggest lessons learned.
Computer Scientist,Leadership,Explain how you would handle conflict between team members over approaches to distributed systems (for a legacy system).
Frontend Developer,Problem Solving,How would you break down a complex react hooks problem into smaller tasks for a Frontend Developer team? (considering performance at scale).
Network Engineer,Leadership,How would you lead a team building a routing protocols feature from concept to production in a Network Engineer context? (considering performance at scale).
AI Engineer,Leadership,Explain how you would handle conflict between team members over approaches to model deployment.
Interactive Media Specialist,Technical,Walk me through the steps to implement audio-visual synchronization for a Interactive Media Specialist project (for a legacy system).
Network Engineer,Technical,Walk me through the steps to implement switching concepts for a Network Engineer project.
Information Systems Engineer,Leadership,Describe how you'd mentor junior engineers/designers on best practices for ERP systems.
Information Systems Engineer,Leadership,How would you lead a team building a database management feature from concept to production in a Information Systems Engineer context?
AI Engineer,Leadership,How do you foster a culture of quality and security around prompt engineering in your team?
Interactive Media Specialist,Experience,Discuss a system you built that relied on interactive storytelling and the biggest lessons learned.
UX/UI Designer,Experience,What experience do you have with user research methods in past projects and what was the outcome?
Full Stack Developer,Problem Solving,"Given a scenario with database schema design failures, outline your debugging and mitigation steps for a Full Stack Developer role (in a cloud-native environment)."
Network Engineer,Behavioral,Have you ever had to persuade stakeholders about an approach to switching concepts? What happened? (with limited budget and time).
Data Scientist,Problem Solving,"Given a scenario with deep learning architectures failures, outline your debugging and mitigation steps for a Data Scientist role."
Frontend Developer,Experience,Which tools or frameworks have you used for CSS layout techniques and which did you prefer? Why? (in a cloud-native environment).
Information Systems Engineer,Experience,Describe a project where you used requirements gathering and the role you played in it.
Full Stack Developer,Experience,Discuss a system you built that relied on database schema design and the biggest lessons learned.
UX/UI Designer,Leadership,How would you lead a team building a information architecture feature from concept to production in a UX/UI Designer context?
Computer Scientist,Behavioral,Have you ever had to persuade stakeholders about an approach to concurrency? What happened?
AI Engineer,Experience,Discuss a system you built that relied on continuously learning systems and the biggest lessons learned.
Frontend Developer,Behavioral,Describe how you manage competing priorities when working on web performance tasks.
Network Engineer,Leadership,Explain how you would handle conflict between team members over approaches to QoS.
Backend Developer,Technical,Describe the trade-offs between different approaches to caching strategies for a Backend Developer (in a cloud-native environment).
UX/UI Designer,Behavioral,Describe how you manage competing priorities when working on wireframing tasks.
AI Engineer,Technical,Describe the trade-offs between different approaches to MLOps for a AI Engineer.
Computer Scientist,Leadership,Describe how you'd mentor junior engineers/designers on best practices for data structures.
Data Scientist,Experience,How have you measured success when working on A/B testing initiatives? (while ensuring accessibility).
AI Engineer,Leadership,Share your strategy to prioritize work and align stakeholders when implementing model deployment (with limited budget and time).
Network Engineer,Technical,Walk me through the steps to implement QoS for a Network Engineer project.
Network Engineer,Leadership,Share your strategy to prioritize work and align stakeholders when implementing network monitoring (considering performance at scale).
Backend Developer,Technical,Describe the trade-offs between different approaches to security best practices for a Backend Developer.
Interactive Media Specialist,Leadership,How would you lead a team building a performance optimization for media feature from concept to production in a Interactive Media Specialist context?
Backend Developer,Experience,Which tools or frameworks have you used for security best practices and which did you prefer? Why?
Computer Scientist,Experience,How have you measured success when working on computational theory initiatives?
Cyber Security Engineer,Problem Solving,"Given a scenario with network security failures, outline your debugging and mitigation steps for a Cyber Security Engineer role (with limited budget and time)."
Cyber Security Engineer,Leadership,How would you lead a team building a network security feature from concept to production in a Cyber Security Engineer context?
Interactive Media Specialist,Problem Solving,Here's a problem: how would you approach optimizing multimedia authoring tools for a large-scale Interactive Media Specialist system?
Full Stack Developer,Problem Solving,Propose a solution to improve performance optimization when faced with limited resources in a Full Stack Developer project (considering performance at scale).
Computer Scientist,Leadership,How do you foster a culture of quality and security around algorithms complexity in your team?
Cyber Security Engineer,Experience,What experience do you have with incident response in past projects and what was the outcome?
Cyber Security Engineer,Behavioral,Describe how you manage competing priorities when working on vulnerability assessment tasks.
Information Systems Engineer,Behavioral,Describe how you manage competing priorities when working on requirements gathering tasks.
Full Stack Developer,Experience,Discuss a system you built that relied on deployment and the biggest lessons learned (with limited budget and time).
Frontend Developer,Experience,Which tools or frameworks have you used for JavaScript event handling and which did you prefer? Why?
UX/UI Designer,Behavioral,Have you ever had to persuade stakeholders about an approach to accessibility design? What happened?
Frontend Developer,Technical,How would you design a solution for web performance in the context of a Frontend Developer position? (in a cloud-native environment).
UX/UI Designer,Experience,Describe a project where you used usability testing and the role you played in it.
Information Systems Engineer,Problem Solving,Here's a problem: how would you approach optimizing IT governance for a large-scale Information Systems Engineer system?
AI Engineer,Behavioral,Share an example when you had to learn a new tool or technique for continuously learning systems quickly.
Data Scientist,Technical,Explain the key concepts of feature engineering and how you would apply them in a Data Scientist role.
UX/UI Designer,Experience,How have you measured success when working on prototyping tools initiatives? (considering performance at scale).
Cyber Security Engineer,Technical,Describe the trade-offs between different approaches to IAM (Identity and Access Management) for a Cyber Security Engineer.
Cyber Security Engineer,Leadership,Share your strategy to prioritize work and align stakeholders when implementing IAM (Identity and Access Management) (with limited budget and time).
Computer Scientist,Leadership,Describe how you'd mentor junior engineers/designers on best practices for operating systems.
Frontend Developer,Leadership,How do you foster a culture of quality and security around JavaScript event handling in your team?
Information Systems Engineer,Experience,Discuss a system you built that relied on IT governance and the biggest lessons learned.
Frontend Developer,Technical,How would you design a solution for responsive design in the context of a Frontend Developer position?
Network Engineer,Experience,What experience do you have with network monitoring in past projects and what was the outcome? (in a cloud-native environment).
Cyber Security Engineer,Behavioral,Share an example when you had to learn a new tool or technique for IAM (Identity and Access Management) quickly.
Interactive Media Specialist,Problem Solving,"Given a scenario with multimedia authoring tools failures, outline your debugging and mitigation steps for a Interactive Media Specialist role (for a legacy system)."
UX/UI Designer,Technical,Walk me through the steps to implement usability testing for a UX/UI Designer project.
Computer Scientist,Experience,Describe a project where you used concurrency and the role you played in it.
Backend Developer,Leadership,How would you lead a team building a security best practices feature from concept to production in a Backend Developer context? (in a cloud-native environment).
Information Systems Engineer,Technical,Describe the trade-offs between different approaches to IT governance for a Information Systems Engineer.
Cyber Security Engineer,Problem Solving,Propose a solution to improve secure coding practices when faced with limited resources in a Cyber Security Engineer project (with limited budget and time).
UX/UI Designer,Problem Solving,Design an algorithm or approach to solve information architecture in a UX/UI Designer setting. Explain complexity.
UX/UI Designer,Behavioral,Describe how you manage competing priorities when working on accessibility design tasks.
AI Engineer,Experience,Discuss a system you built that relied on fine-tuning models and the biggest lessons learned.
Interactive Media Specialist,Technical,Walk me through the steps to implement AR/VR basics for a Interactive Media Specialist project (for a legacy system).
Frontend Developer,Experience,Describe a project where you used responsive design and the role you played in it.
Computer Scientist,Behavioral,Share an example when you had to learn a new tool or technique for compiler design quickly.
Data Scientist,Technical,What are common pitfalls when working with model evaluation metrics and how do you avoid them? (while ensuring accessibility).
Frontend Developer,Leadership,How would you lead a team building a web performance feature from concept to production in a Frontend Developer context?
Data Scientist,Behavioral,Have you ever had to persuade stakeholders about an approach to A/B testing? What happened? (with limited budget and time).
Information Systems Engineer,Problem Solving,How would you break down a complex systems analysis problem into smaller tasks for a Information Systems Engineer team? (with limited budget and time).
Data Scientist,Experience,Which tools or frameworks have you used for time series forecasting and which did you prefer? Why?
Information Systems Engineer,Problem Solving,"Given a scenario with business process modeling failures, outline your debugging and mitigation steps for a Information Systems Engineer role."
Backend Developer,Problem Solving,Here's a problem: how would you approach optimizing caching strategies for a large-scale Backend Developer system?
Full Stack Developer,Behavioral,Have you ever had to persuade stakeholders about an approach to deployment? What happened?
Computer Scientist,Leadership,How would you lead a team building a concurrency feature from concept to production in a Computer Scientist context?
Backend Developer,Experience,Describe a project where you used microservices and the role you played in it.
Cyber Security Engineer,Leadership,Share your strategy to prioritize work and align stakeholders when implementing IAM (Identity and Access Management).
Network Engineer,Leadership,How do you foster a culture of quality and security around switching concepts in your team? (in a cloud-native environment).
Cyber Security Engineer,Technical,What are common pitfalls when working with encryption and cryptography and how do you avoid them?
Cyber Security Engineer,Leadership,How do you foster a culture of quality and security around incident response in your team?
Full Stack Developer,Leadership,Share your strategy to prioritize work and align stakeholders when implementing database schema design.
Frontend Developer,Leadership,Describe how you'd mentor junior engineers/designers on best practices for react hooks.
Cyber Security Engineer,Behavioral,Tell me about a time you faced a challenge involving secure coding practices and how you handled it.
AI Engineer,Problem Solving,Here's a problem: how would you approach optimizing MLOps for a large-scale AI Engineer system?
Interactive Media Specialist,Behavioral,Describe a situation where you had to collaborate with others to solve a problem related to interactive storytelling.
Information Systems Engineer,Leadership,Describe how you'd mentor junior engineers/designers on best practices for requirements gathering.
Frontend Developer,Leadership,Share your strategy to prioritize work and align stakeholders when implementing cross-browser compatibility.
UX/UI Designer,Leadership,How do you foster a culture of quality and security around design systems in your team?
Cyber Security Engineer,Behavioral,Describe how you manage competing priorities when working on secure coding practices tasks.
Interactive Media Specialist,Experience,Which tools or frameworks have you used for multimedia authoring tools and which did you prefer? Why?
Full Stack Developer,Behavioral,Describe how you manage competing priorities when working on frontend-backend integration tasks (while ensuring accessibility).
Full Stack Developer,Problem Solving,Design an algorithm or approach to solve RESTful API design in a Full Stack Developer setting. Explain complexity.
Information Systems Engineer,Leadership,Share your strategy to prioritize work and align stakeholders when implementing enterprise architecture.
Information Systems Engineer,Leadership,Describe how you'd mentor junior engineers/designers on best practices for IT governance.
Cyber Security Engineer,Problem Solving,How would you break down a complex network security problem into smaller tasks for a Cyber Security Engineer team?
UX/UI Designer,Experience,How have you measured success when working on wireframing initiatives?
Cyber Security Engineer,Experience,What experience do you have with threat modeling in past projects and what was the outcome? (with limited budget and time).
Frontend Developer,Leadership,Describe how you'd mentor junior engineers/designers on best practices for accessibility (a11y).
Computer Scientist,Behavioral,Have you ever had to persuade stakeholders about an approach to concurrency? What happened?
Frontend Developer,Technical,Explain the key concepts of CSS layout techniques and how you would apply them in a Frontend Developer role.
Data Scientist,Experience,Describe a project where you used deep learning architectures and the role you played in it.
UX/UI Designer,Technical,How would you design a solution for design systems in the context of a UX/UI Designer position?
Network Engineer,Behavioral,Share an example when you had to learn a new tool or technique for QoS quickly.
Full Stack Developer,Technical,What are common pitfalls when working with frontend-backend integration and how do you avoid them?
Frontend Developer,Problem Solving,How would you break down a complex web performance problem into smaller tasks for a Frontend Developer team? (for a legacy system).
Data Scientist,Experience,What experience do you have with data preprocessing in past projects and what was the outcome? (in a cloud-native environment).
AI Engineer,Problem Solving,"Given a scenario with prompt engineering failures, outline your debugging and mitigation steps for a AI Engineer role."
Cyber Security Engineer,Behavioral,Tell me about a time you faced a challenge involving IAM (Identity and Access Management) and how you handled it.
AI Engineer,Technical,How would you design a solution for model interpretability in the context of a AI Engineer position? (in a cloud-native environment).
Information Systems Engineer,Behavioral,Describe a situation where you had to collaborate with others to solve a problem related to systems analysis.
Information Systems Engineer,Technical,Describe the trade-offs between different approaches to database management for a Information Systems Engineer.
Computer Scientist,Technical,How would you design a solution for compiler design in the context of a Computer Scientist position?
Network Engineer,Experience,Which tools or frameworks have you used for VPNs and which did you prefer? Why?
Computer Scientist,Behavioral,Describe a situation where you had to collaborate with others to solve a problem related to distributed systems (for a legacy system).
Frontend Developer,Leadership,How do you foster a culture of quality and security around react hooks in your team?
AI Engineer,Experience,Discuss a system you built that relied on MLOps and the biggest lessons learned.
Full Stack Developer,Leadership,Share your strategy to prioritize work and align stakeholders when implementing database schema design.
UX/UI Designer,Experience,What experience do you have with wireframing in past projects and what was the outcome?
Frontend Developer,Problem Solving,Propose a solution to improve cross-browser compatibility when faced with limited resources in a Frontend Developer project.
UX/UI Designer,Experience,Discuss a system you built that relied on wireframing and the biggest lessons learned.
UX/UI Designer,Leadership,Describe how you'd mentor junior engineers/designers on best practices for accessibility design.
Information Systems Engineer,Problem Solving,How would you break down a complex requirements gathering problem into smaller tasks for a Information Systems Engineer team?
Cyber Security Engineer,Experience,Describe a project where you used encryption and cryptography and the role you played in it (in a cloud-native environment).
Backend Developer,Leadership,How would you lead a team building a database transactions feature from concept to production in a Backend Developer context?
Data Scientist,Leadership,Explain how you would handle conflict between team members over approaches to data preprocessing.
Cyber Security Engineer,Problem Solving,"Given a scenario with network security failures, outline your debugging and mitigation steps for a Cyber Security Engineer role."
Full Stack Developer,Problem Solving,Propose a solution to improve database schema design when faced with limited resources in a Full Stack Developer project.
Interactive Media Specialist,Behavioral,Have you ever had to persuade stakeholders about an approach to performance optimization for media? What happened? (while ensuring accessibility).
Information Systems Engineer,Experience,What experience do you have with ERP systems in past projects and what was the outcome?
Backend Developer,Experience,Discuss a system you built that relied on asynchronous processing and the biggest lessons learned.
Computer Scientist,Technical,Walk me through the steps to implement algorithms complexity for a Computer Scientist project (considering performance at scale).
Computer Scientist,Technical,Describe the trade-offs between different approaches to algorithms complexity for a Computer Scientist.
Network Engineer,Experience,Describe a project where you used network troubleshooting and the role you played in it (in a cloud-native environment).
Interactive Media Specialist,Technical,Walk me through the steps to implement UX for interactive media for a Interactive Media Specialist project.
Backend Developer,Behavioral,Describe how you manage competing priorities when working on microservices tasks.
Computer Scientist,Problem Solving,Design an algorithm or approach to solve compiler design in a Computer Scientist setting. Explain complexity.
AI Engineer,Experience,Which tools or frameworks have you used for fine-tuning models and which did you prefer? Why?
UX/UI Designer,Technical,Describe the trade-offs between different approaches to accessibility design for a UX/UI Designer (with limited budget and time).
Backend Developer,Experience,Describe a project where you used caching strategies and the role you played in it.
Interactive Media Specialist,Behavioral,Describe a situation where you had to collaborate with others to solve a problem related to audio-visual synchronization.
Frontend Developer,Behavioral,Tell me about a time you faced a challenge involving JavaScript event handling and how you handled it (while ensuring accessibility).
Full Stack Developer,Behavioral,Have you ever had to persuade stakeholders about an approach to performance optimization? What happened? (with limited budget and time).
Frontend Developer,Experience,How have you measured success when working on responsive design initiatives?
UX/UI Designer,Leadership,How would you lead a team building a design systems feature from concept to production in a UX/UI Designer context? (in a cloud-native environment).
Frontend Developer,Problem Solving,Design an algorithm or approach to solve react hooks in a Frontend Developer setting. Explain complexity (considering performance at scale).
Backend Developer,Behavioral,Describe how you manage competing priorities when working on API versioning tasks.
Information Systems Engineer,Technical,Describe the trade-offs between different approaches to database management for a Information Systems Engineer.
Computer Scientist,Experience,Which tools or frameworks have you used for operating systems and which did you prefer? Why?
UX/UI Designer,Technical,What are common pitfalls when working with usability testing and how do you avoid them? (for a legacy system).
Data Scientist,Technical,Explain the key concepts of feature engineering and how you would apply them in a Data Scientist role.
Full Stack Developer,Problem Solving,"Given a scenario with deployment failures, outline your debugging and mitigation steps for a Full Stack Developer role (considering performance at scale)."
Data Scientist,Technical,What are common pitfalls when working with model evaluation metrics and how do you avoid them?
Frontend Developer,Problem Solving,Design an algorithm or approach to solve accessibility (a11y) in a Frontend Developer setting. Explain complexity.
AI Engineer,Problem Solving,How would you break down a complex transformers problem into smaller tasks for a AI Engineer team? (while ensuring accessibility).
Backend Developer,Problem Solving,Propose a solution to improve microservices when faced with limited resources in a Backend Developer project (while ensuring accessibility).
Network Engineer,Problem Solving,"Given a scenario with routing protocols failures, outline your debugging and mitigation steps for a Network Engineer role."
Interactive Media Specialist,Problem Solving,Design an algorithm or approach to solve UX for interactive media in a Interactive Media Specialist setting. Explain complexity.
Frontend Developer,Technical,Walk me through the steps to implement responsive design for a Frontend Developer project.
Backend Developer,Leadership,How would you lead a team building a API versioning feature from concept to production in a Backend Developer context?
UX/UI Designer,Experience,Which tools or frameworks have you used for information architecture and which did you prefer? Why? (considering performance at scale).
Cyber Security Engineer,Behavioral,Describe a situation where you had to collaborate with others to solve a problem related to secure coding practices (in a cloud-native environment).
Frontend Developer,Problem Solving,"Given a scenario with cross-browser compatibility failures, outline your debugging and mitigation steps for a Frontend Developer role."
Computer Scientist,Technical,How would you design a solution for algorithms complexity in the context of a Computer Scientist position?
Computer Scientist,Behavioral,Have you ever had to persuade stakeholders about an approach to computational theory? What happened? (considering performance at scale).
Backend Developer,Technical,Explain the key concepts of microservices and how you would apply them in a Backend Developer role (for a legacy system).
Frontend Developer,Technical,Explain the key concepts of responsive design and how you would apply them in a Frontend Developer role.
Backend Developer,Leadership,Explain how you would handle conflict between team members over approaches to database transactions (while ensuring accessibility).
AI Engineer,Behavioral,Describe how you manage competing priorities when working on prompt engineering tasks.
AI Engineer,Problem Solving,Design an algorithm or approach to solve continuously learning systems in a AI Engineer setting. Explain complexity.
Network Engineer,Problem Solving,"Given a scenario with QoS failures, outline your debugging and mitigation steps for a Network Engineer role (in a cloud-native environment)."
AI Engineer,Behavioral,Describe how you manage competing priorities when working on MLOps tasks.
Cyber Security Engineer,Behavioral,Share an example when you had to learn a new tool or technique for secure coding practices quickly.
Information Systems Engineer,Technical,How would you design a solution for requirements gathering in the context of a Information Systems Engineer position?
Frontend Developer,Technical,How would you design a solution for accessibility (a11y) in the context of a Frontend Developer position?
Computer Scientist,Problem Solving,Propose a solution to improve compiler design when faced with limited resources in a Computer Scientist project (in a cloud-native environment).
Data Scientist,Technical,Describe the trade-offs between different approaches to time series forecasting for a Data Scientist.
Network Engineer,Problem Solving,Design an algorithm or approach to solve routing protocols in a Network Engineer setting. Explain complexity.
Data Scientist,Experience,How have you measured success when working on machine learning model selection initiatives? (for a legacy system).
Information Systems Engineer,Leadership,Share your strategy to prioritize work and align stakeholders when implementing database management (for a legacy system).
Computer Scientist,Experience,Which tools or frameworks have you used for computational theory and which did you prefer? Why?
Data Scientist,Technical,What are common pitfalls when working with feature engineering and how do you avoid them?
Cyber Security Engineer,Problem Solving,Propose a solution to improve incident response when faced with limited resources in a Cyber Security Engineer project.
Data Scientist,Experience,How have you measured success when working on model evaluation metrics initiatives?
Data Scientist,Leadership,Describe how you'd mentor junior engineers/designers on best practices for deep learning architectures (for a legacy system).
UX/UI Designer,Technical,Describe the trade-offs between different approaches to user research methods for a UX/UI Designer.
Backend Developer,Leadership,How do you foster a culture of quality and security around scalability in your team?
Backend Developer,Leadership,Share your strategy to prioritize work and align stakeholders when implementing database transactions.
Interactive Media Specialist,Problem Solving,Propose a solution to improve interactive storytelling when faced with limited resources in a Interactive Media Specialist project.
Computer Scientist,Technical,Describe the trade-offs between different approaches to computational theory for a Computer Scientist.
AI Engineer,Leadership,Share your strategy to prioritize work and align stakeholders when implementing continuously learning systems.
Computer Scientist,Technical,Walk me through the steps to implement compiler design for a Computer Scientist project.
Interactive Media Specialist,Behavioral,Describe how you manage competing priorities when working on UX for interactive media tasks.
Information Systems Engineer,Leadership,Share your strategy to prioritize work and align stakeholders when implementing requirements gathering.
UX/UI Designer,Leadership,How do you foster a culture of quality and security around user research methods in your team?
Network Engineer,Behavioral,Describe how you manage competing priorities when working on subnetting and CIDR tasks.
Network Engineer,Behavioral,Tell me about a time you faced a challenge involving routing protocols and how you handled it (considering performance at scale).
Frontend Developer,Leadership,Share your strategy to prioritize work and align stakeholders when implementing JavaScript event handling.
Full Stack Developer,Technical,Explain the key concepts of frontend-backend integration and how you would apply them in a Full Stack Developer role.
UX/UI Designer,Experience,What experience do you have with user research methods in past projects and what was the outcome? (while ensuring accessibility).
Backend Developer,Behavioral,Have you ever had to persuade stakeholders about an approach to asynchronous processing? What happened?
AI Engineer,Experience,How have you measured success when working on continuously learning systems initiatives?
Interactive Media Specialist,Behavioral,Tell me about a time you faced a challenge involving interactive storytelling and how you handled it (considering performance at scale).
UX/UI Designer,Problem Solving,Here's a problem: how would you approach optimizing prototyping tools for a large-scale UX/UI Designer system?
Computer Scientist,Leadership,Share your strategy to prioritize work and align stakeholders when implementing compiler design.
Interactive Media Specialist,Problem Solving,Propose a solution to improve AR/VR basics when faced with limited resources in a Interactive Media Specialist project.
Cyber Security Engineer,Problem Solving,Here's a problem: how would you approach optimizing secure coding practices for a large-scale Cyber Security Engineer system?
Data Scientist,Experience,What experience do you have with feature engineering in past projects and what was the outcome? (in a cloud-native environment).
Cyber Security Engineer,Technical,What are common pitfalls when working with secure coding practices and how do you avoid them? (considering performance at scale).
Cyber Security Engineer,Technical,What are common pitfalls when working with encryption and cryptography and how do you avoid them?
Information Systems Engineer,Problem Solving,"Given a scenario with enterprise architecture failures, outline your debugging and mitigation steps for a Information Systems Engineer role."
Data Scientist,Experience,Discuss a system you built that relied on time series forecasting and the biggest lessons learned.
Network Engineer,Problem Solving,Design an algorithm or approach to solve QoS in a Network Engineer setting. Explain complexity.
Backend Developer,Technical,Describe the trade-offs between different approaches to scalability for a Backend Developer.
Network Engineer,Experience,How have you measured success when working on QoS initiatives?
Full Stack Developer,Problem Solving,Propose a solution to improve frontend-backend integration when faced with limited resources in a Full Stack Developer project (considering performance at scale).
Backend Developer,Behavioral,Share an example when you had to learn a new tool or technique for caching strategies quickly.
UX/UI Designer,Experience,What experience do you have with prototyping tools in past projects and what was the outcome?
Backend Developer,Problem Solving,Here's a problem: how would you approach optimizing asynchronous processing for a large-scale Backend Developer system?
Backend Developer,Leadership,Share your strategy to prioritize work and align stakeholders when implementing caching strategies.
UX/UI Designer,Technical,How would you design a solution for usability testing in the context of a UX/UI Designer position?
Cyber Security Engineer,Technical,How would you design a solution for incident response in the context of a Cyber Security Engineer position?
Information Systems Engineer,Leadership,How do you foster a culture of quality and security around IT governance in your team?
UX/UI Designer,Experience,How have you measured success when working on usability testing initiatives?
UX/UI Designer,Problem Solving,Propose a solution to improve information architecture when faced with limited resources in a UX/UI Designer project.
Interactive Media Specialist,Leadership,How would you lead a team building a audio-visual synchronization feature from concept to production in a Interactive Media Specialist context?
Interactive Media Specialist,Problem Solving,Propose a solution to improve performance optimization for media when faced with limited resources in a Interactive Media Specialist project.
Cyber Security Engineer,Experience,Discuss a system you built that relied on threat modeling and the biggest lessons learned.
Backend Developer,Experience,What experience do you have with API versioning in past projects and what was the outcome? (while ensuring accessibility).
AI Engineer,Technical,What are common pitfalls when working with transformers and how do you avoid them?
Cyber Security Engineer,Problem Solving,"Given a scenario with encryption and cryptography failures, outline your debugging and mitigation steps for a Cyber Security Engineer role."
Data Scientist,Leadership,Describe how you'd mentor junior engineers/designers on best practices for deep learning architectures.
Full Stack Developer,Behavioral,Tell me about a time you faced a challenge involving deployment and how you handled it.
Cyber Security Engineer,Experience,Which tools or frameworks have you used for encryption and cryptography and which did you prefer? Why?
Full Stack Developer,Behavioral,Tell me about a time you faced a challenge involving performance optimization and how you handled it.
Full Stack Developer,Technical,How would you design a solution for performance optimization in the context of a Full Stack Developer position? (considering performance at scale).
Computer Scientist,Technical,Walk me through the steps to implement distributed systems for a Computer Scientist project (for a legacy system).
Interactive Media Specialist,Problem Solving,Design an algorithm or approach to solve interactive storytelling in a Interactive Media Specialist setting. Explain complexity.
UX/UI Designer,Leadership,Share your strategy to prioritize work and align stakeholders when implementing wireframing.
Data Scientist,Behavioral,Describe a situation where you had to collaborate with others to solve a problem related to A/B testing.
UX/UI Designer,Experience,Discuss a system you built that relied on information architecture and the biggest lessons learned.
Cyber Security Engineer,Experience,Discuss a system you built that relied on incident response and the biggest lessons learned.
UX/UI Designer,Problem Solving,Here's a problem: how would you approach optimizing accessibility design for a large-scale UX/UI Designer system?
Information Systems Engineer,Experience,Describe a project where you used requirements gathering and the role you played in it.
Computer Scientist,Technical,How would you design a solution for concurrency in the context of a Computer Scientist position?
Network Engineer,Technical,How would you design a solution for switching concepts in the context of a Network Engineer position? (considering performance at scale).
Network Engineer,Behavioral,Have you ever had to persuade stakeholders about an approach to QoS? What happened?
Information Systems Engineer,Experience,Which tools or frameworks have you used for systems analysis and which did you prefer? Why?
Backend Developer,Problem Solving,How would you break down a complex caching strategies problem into smaller tasks for a Backend Developer team?
Full Stack Developer,Leadership,How would you lead a team building a authentication feature from concept to production in a Full Stack Developer context?
Interactive Media Specialist,Technical,Explain the key concepts of UX for interactive media and how you would apply them in a Interactive Media Specialist role.
Computer Scientist,Experience,Describe a project where you used operating systems and the role you played in it.
AI Engineer,Leadership,How would you lead a team building a MLOps feature from concept to production in a AI Engineer context?
Data Scientist,Leadership,How do you foster a culture of quality and security around machine learning model selection in your team?
Network Engineer,Problem Solving,"Given a scenario with routing protocols failures, outline your debugging and mitigation steps for a Network Engineer role."
Cyber Security Engineer,Experience,Describe a project where you used secure coding practices and the role you played in it.
UX/UI Designer,Leadership,Describe how you'd mentor junior engineers/designers on best practices for user research methods (with limited budget and time).
AI Engineer,Technical,What are common pitfalls when working with model deployment and how do you avoid them?
Computer Scientist,Experience,How have you measured success when working on concurrency initiatives?
AI Engineer,Technical,How would you design a solution for MLOps in the context of a AI Engineer position? (in a cloud-native environment).
Backend Developer,Behavioral,Share an example when you had to learn a new tool or technique for scalability quickly.
Network Engineer,Problem Solving,"Given a scenario with network troubleshooting failures, outline your debugging and mitigation steps for a Network Engineer role."
UX/UI Designer,Technical,Explain the key concepts of accessibility design and how you would apply them in a UX/UI Designer role.
Backend Developer,Problem Solving,"Given a scenario with asynchronous processing failures, outline your debugging and mitigation steps for a Backend Developer role."
Cyber Security Engineer,Technical,Describe the trade-offs between different approaches to encryption and cryptography for a Cyber Security Engineer (for a legacy system).
Interactive Media Specialist,Experience,Describe a project where you used UX for interactive media and the role you played in it (in a cloud-native environment).
UX/UI Designer,Experience,Discuss a system you built that relied on usability testing and the biggest lessons learned (for a legacy system).
Interactive Media Specialist,Experience,Discuss a system you built that relied on multimedia authoring tools and the biggest lessons learned.
Data Scientist,Problem Solving,Design an algorithm or approach to solve model evaluation metrics in a Data Scientist setting. Explain complexity.
Information Systems Engineer,Experience,What experience do you have with requirements gathering in past projects and what was the outcome? (while ensuring accessibility).
Full Stack Developer,Problem Solving,Propose a solution to improve authentication when faced with limited resources in a Full Stack Developer project.
Interactive Media Specialist,Experience,Which tools or frameworks have you used for audio-visual synchronization and which did you prefer? Why?
Network Engineer,Technical,Describe the trade-offs between different approaches to routing protocols for a Network Engineer.
Computer Scientist,Leadership,How do you foster a culture of quality and security around algorithms complexity in your team?
Frontend Developer,Experience,Discuss a system you built that relied on react hooks and the biggest lessons learned.
AI Engineer,Technical,How would you design a solution for prompt engineering in the context of a AI Engineer position?
AI Engineer,Problem Solving,How would you break down a complex continuously learning systems problem into smaller tasks for a AI Engineer team?
Information Systems Engineer,Experience,Which tools or frameworks have you used for IT governance and which did you prefer? Why?
Computer Scientist,Technical,What are common pitfalls when working with compiler design and how do you avoid them?
AI Engineer,Problem Solving,Propose a solution to improve prompt engineering when faced with limited resources in a AI Engineer project.
Cyber Security Engineer,Behavioral,Describe a situation where you had to collaborate with others to solve a problem related to threat modeling.
Frontend Developer,Technical,Describe the trade-offs between different approaches to responsive design for a Frontend Developer (in a cloud-native environment).
Information Systems Engineer,Behavioral,Have you ever had to persuade stakeholders about an approach to database management? What happened?
Backend Developer,Experience,Discuss a system you built that relied on caching strategies and the biggest lessons learned.
UX/UI Designer,Experience,Discuss a system you built that relied on prototyping tools and the biggest lessons learned.
Computer Scientist,Experience,What experience do you have with computational theory in past projects and what was the outcome?
Full Stack Developer,Behavioral,Share an example when you had to learn a new tool or technique for frontend-backend integration quickly (considering performance at scale).
Interactive Media Specialist,Leadership,How do you foster a culture of quality and security around audio-visual synchronization in your team?
Backend Developer,Behavioral,Describe how you manage competing priorities when working on API versioning tasks.
Frontend Developer,Experience,What experience do you have with web performance in past projects and what was the outcome?
Information Systems Engineer,Technical,What are common pitfalls when working with enterprise architecture and how do you avoid them?
Full Stack Developer,Behavioral,Tell me about a time you faced a challenge involving database schema design and how you handled it.
Frontend Developer,Experience,Which tools or frameworks have you used for JavaScript event handling and which did you prefer? Why?
Full Stack Developer,Experience,Discuss a system you built that relied on database schema design and the biggest lessons learned (for a legacy system).
Information Systems Engineer,Behavioral,Share an example when you had to learn a new tool or technique for business process modeling quickly (in a cloud-native environment).
Information Systems Engineer,Problem Solving,How would you break down a complex database management problem into smaller tasks for a Information Systems Engineer team?
Frontend Developer,Behavioral,Describe a situation where you had to collaborate with others to solve a problem related to responsive design.
Network Engineer,Behavioral,Have you ever had to persuade stakeholders about an approach to routing protocols? What happened?
Computer Scientist,Problem Solving,Here's a problem: how would you approach optimizing computational theory for a large-scale Computer Scientist system?
Computer Scientist,Experience,Describe a project where you used distributed systems and the role you played in it.
Interactive Media Specialist,Problem Solving,Propose a solution to improve multimedia authoring tools when faced with limited resources in a Interactive Media Specialist project.
UX/UI Designer,Technical,Walk me through the steps to implement accessibility design for a UX/UI Designer project.
Network Engineer,Behavioral,Describe a situation where you had to collaborate with others to solve a problem related to subnetting and CIDR.
Computer Scientist,Technical,How would you design a solution for computational theory in the context of a Computer Scientist position? (considering performance at scale).
Backend Developer,Leadership,How do you foster a culture of quality and security around API versioning in your team? (in a cloud-native environment).
Cyber Security Engineer,Leadership,How do you foster a culture of quality and security around IAM (Identity and Access Management) in your team? (while ensuring accessibility).
Interactive Media Specialist,Problem Solving,Here's a problem: how would you approach optimizing AR/VR basics for a large-scale Interactive Media Specialist system?
UX/UI Designer,Leadership,Describe how you'd mentor junior engineers/designers on best practices for usability testing (with limited budget and time).
Interactive Media Specialist,Problem Solving,Design an algorithm or approach to solve AR/VR basics in a Interactive Media Specialist setting. Explain complexity.
Network Engineer,Technical,How would you design a solution for network troubleshooting in the context of a Network Engineer position? (considering performance at scale).
Full Stack Developer,Problem Solving,How would you break down a complex frontend-backend integration problem into smaller tasks for a Full Stack Developer team?
Network Engineer,Experience,How have you measured success when working on routing protocols initiatives?
Computer Scientist,Problem Solving,Propose a solution to improve compiler design when faced with limited resources in a Computer Scientist project.
Information Systems Engineer,Experience,Discuss a system you built that relied on ERP systems and the biggest lessons learned.
Frontend Developer,Problem Solving,"Given a scenario with web performance failures, outline your debugging and mitigation steps for a Frontend Developer role."
UX/UI Designer,Problem Solving,"Given a scenario with user research methods failures, outline your debugging and mitigation steps for a UX/UI Designer role."
Interactive Media Specialist,Behavioral,Share an example when you had to learn a new tool or technique for UX for interactive media quickly (while ensuring accessibility).
Backend Developer,Problem Solving,Design an algorithm or approach to solve security best practices in a Backend Developer setting. Explain complexity.
Cyber Security Engineer,Technical,Explain the key concepts of incident response and how you would apply them in a Cyber Security Engineer role.
Computer Scientist,Experience,Discuss a system you built that relied on computational theory and the biggest lessons learned.
Cyber Security Engineer,Technical,What are common pitfalls when working with secure coding practices and how do you avoid them?
Full Stack Developer,Leadership,How do you foster a culture of quality and security around authentication in your team? (in a cloud-native environment).
Backend Developer,Leadership,How do you foster a culture of quality and security around microservices in your team? (in a cloud-native environment).
Data Scientist,Technical,Walk me through the steps to implement machine learning model selection for a Data Scientist project.
Network Engineer,Problem Solving,Here's a problem: how would you approach optimizing network monitoring for a large-scale Network Engineer system? (considering performance at scale).
Interactive Media Specialist,Leadership,How would you lead a team building a audio-visual synchronization feature from concept to production in a Interactive Media Specialist context?
Frontend Developer,Leadership,How would you lead a team building a accessibility (a11y) feature from concept to production in a Frontend Developer context?
UX/UI Designer,Leadership,Explain how you would handle conflict between team members over approaches to accessibility design.
Cyber Security Engineer,Technical,Walk me through the steps to implement vulnerability assessment for a Cyber Security Engineer project.
Data Scientist,Experience,Discuss a system you built that relied on data preprocessing and the biggest lessons learned (in a cloud-native environment).
Backend Developer,Behavioral,Have you ever had to persuade stakeholders about an approach to API versioning? What happened? (while ensuring accessibility).
Cyber Security Engineer,Experience,Which tools or frameworks have you used for threat modeling and which did you prefer? Why? (with limited budget and time).
Data Scientist,Problem Solving,How would you break down a complex machine learning model selection problem into smaller tasks for a Data Scientist team?
Information Systems Engineer,Behavioral,Tell me about a time you faced a challenge involving systems analysis and how you handled it.
Cyber Security Engineer,Experience,Discuss a system you built that relied on vulnerability assessment and the biggest lessons learned (for a legacy system).
Interactive Media Specialist,Leadership,Explain how you would handle conflict between team members over approaches to AR/VR basics.
Full Stack Developer,Technical,Walk me through the steps to implement state management for a Full Stack Developer project.
UX/UI Designer,Behavioral,Tell me about a time you faced a challenge involving prototyping tools and how you handled it.
Computer Scientist,Problem Solving,Here's a problem: how would you approach optimizing operating systems for a large-scale Computer Scientist system?
AI Engineer,Experience,What experience do you have with model deployment in past projects and what was the outcome? (in a cloud-native environment).
Interactive Media Specialist,Problem Solving,Here's a problem: how would you approach optimizing multimedia authoring tools for a large-scale Interactive Media Specialist system? (considering performance at scale).
Network Engineer,Leadership,Explain how you would handle conflict between team members over approaches to VPNs (with limited budget and time).
Backend Developer,Problem Solving,"Given a scenario with security best practices failures, outline your debugging and mitigation steps for a Backend Developer role (for a legacy system)."
Computer Scientist,Leadership,How would you lead a team building a operating systems feature from concept to production in a Computer Scientist context?
Full Stack Developer,Behavioral,Share an example when you had to learn a new tool or technique for performance optimization quickly.
AI Engineer,Problem Solving,How would you break down a complex model interpretability problem into smaller tasks for a AI Engineer team?
Data Scientist,Behavioral,Have you ever had to persuade stakeholders about an approach to machine learning model selection? What happened?
Backend Developer,Experience,Discuss a system you built that relied on database transactions and the biggest lessons learned.
Data Scientist,Leadership,Share your strategy to prioritize work and align stakeholders when implementing time series forecasting (for a legacy system).
Frontend Developer,Technical,Explain the key concepts of cross-browser compatibility and how you would apply them in a Frontend Developer role.
Backend Developer,Leadership,How do you foster a culture of quality and security around asynchronous processing in your team? (for a legacy system).
Full Stack Developer,Behavioral,Have you ever had to persuade stakeholders about an approach to frontend-backend integration? What happened?
Backend Developer,Behavioral,Describe a situation where you had to collaborate with others to solve a problem related to database transactions.
Interactive Media Specialist,Experience,Discuss a system you built that relied on performance optimization for media and the biggest lessons learned (with limited budget and time).
UX/UI Designer,Experience,Discuss a system you built that relied on information architecture and the biggest lessons learned (while ensuring accessibility).
Frontend Developer,Problem Solving,Propose a solution to improve responsive design when faced with limited resources in a Frontend Developer project.
UX/UI Designer,Problem Solving,Here's a problem: how would you approach optimizing usability testing for a large-scale UX/UI Designer system?
Computer Scientist,Experience,What experience do you have with algorithms complexity in past projects and what was the outcome?
Frontend Developer,Behavioral,Describe how you manage competing priorities when working on responsive design tasks.
Cyber Security Engineer,Leadership,How would you lead a team building a secure coding practices feature from concept to production in a Cyber Security Engineer context?
Network Engineer,Problem Solving,How would you break down a complex VPNs problem into smaller tasks for a Network Engineer team?
Cyber Security Engineer,Experience,Which tools or frameworks have you used for network security and which did you prefer? Why?
AI Engineer,Leadership,How do you foster a culture of quality and security around prompt engineering in your team?
Full Stack Developer,Problem Solving,"Given a scenario with state management failures, outline your debugging and mitigation steps for a Full Stack Developer role."
Information Systems Engineer,Leadership,Describe how you'd mentor junior engineers/designers on best practices for enterprise architecture (while ensuring accessibility).
Frontend Developer,Behavioral,Share an example when you had to learn a new tool or technique for react hooks quickly.
Full Stack Developer,Experience,What experience do you have with frontend-backend integration in past projects and what was the outcome?
Cyber Security Engineer,Technical,Walk me through the steps to implement incident response for a Cyber Security Engineer project.
Interactive Media Specialist,Problem Solving,"Given a scenario with interactive storytelling failures, outline your debugging and mitigation steps for a Interactive Media Specialist role."
Data Scientist,Experience,What experience do you have with A/B testing in past projects and what was the outcome?
Network Engineer,Technical,Explain the key concepts of VPNs and how you would apply them in a Network Engineer role.
Computer Scientist,Leadership,How do you foster a culture of quality and security around algorithms complexity in your team?
Full Stack Developer,Experience,Discuss a system you built that relied on state management and the biggest lessons learned.
Data Scientist,Experience,What experience do you have with time series forecasting in past projects and what was the outcome?
Backend Developer,Technical,What are common pitfalls when working with database transactions and how do you avoid them?
UX/UI Designer,Technical,How would you design a solution for user research methods in the context of a UX/UI Designer position? (in a cloud-native environment).
Cyber Security Engineer,Leadership,How would you lead a team building a encryption and cryptography feature from concept to production in a Cyber Security Engineer context?
AI Engineer,Experience,Discuss a system you built that relied on model interpretability and the biggest lessons learned.
Network Engineer,Problem Solving,Here's a problem: how would you approach optimizing network monitoring for a large-scale Network Engineer system?
UX/UI Designer,Problem Solving,Design an algorithm or approach to solve information architecture in a UX/UI Designer setting. Explain complexity.
Interactive Media Specialist,Experience,Which tools or frameworks have you used for interactive storytelling and which did you prefer? Why?
Network Engineer,Technical,What are common pitfalls when working with network monitoring and how do you avoid them?
Cyber Security Engineer,Problem Solving,"Given a scenario with encryption and cryptography failures, outline your debugging and mitigation steps for a Cyber Security Engineer role."
Interactive Media Specialist,Experience,Which tools or frameworks have you used for interactive storytelling and which did you prefer? Why?
Interactive Media Specialist,Leadership,How would you lead a team building a interactive storytelling feature from concept to production in a Interactive Media Specialist context? (with limited budget and time).
UX/UI Designer,Problem Solving,Design an algorithm or approach to solve usability testing in a UX/UI Designer setting. Explain complexity.
Frontend Developer,Problem Solving,Design an algorithm or approach to solve web performance in a Frontend Developer setting. Explain complexity.
Backend Developer,Experience,Which tools or frameworks have you used for asynchronous processing and which did you prefer? Why?
Data Scientist,Behavioral,Share an example when you had to learn a new tool or technique for data preprocessing quickly.
Cyber Security Engineer,Behavioral,Share an example when you had to learn a new tool or technique for secure coding practices quickly.
Information Systems Engineer,Leadership,How would you lead a team building a enterprise architecture feature from concept to production in a Information Systems Engineer context?
Full Stack Developer,Problem Solving,Design an algorithm or approach to solve frontend-backend integration in a Full Stack Developer setting. Explain complexity (considering performance at scale).
Information Systems Engineer,Experience,Describe a project where you used systems analysis and the role you played in it.
Computer Scientist,Technical,Explain the key concepts of operating systems and how you would apply them in a Computer Scientist role.
UX/UI Designer,Leadership,Describe how you'd mentor junior engineers/designers on best practices for prototyping tools.
Interactive Media Specialist,Behavioral,Have you ever had to persuade stakeholders about an approach to game mechanics? What happened? (for a legacy system).
Information Systems Engineer,Experience,Discuss a system you built that relied on enterprise architecture and the biggest lessons learned.
Data Scientist,Problem Solving,Design an algorithm or approach to solve machine learning model selection in a Data Scientist setting. Explain complexity.
Full Stack Developer,Experience,Which tools or frameworks have you used for performance optimization and which did you prefer? Why?
AI Engineer,Technical,Describe the trade-offs between different approaches to model interpretability for a AI Engineer.
Network Engineer,Behavioral,Have you ever had to persuade stakeholders about an approach to routing protocols? What happened?
UX/UI Designer,Experience,How have you measured success when working on accessibility design initiatives? (with limited budget and time).
UX/UI Designer,Behavioral,Share an example when you had to learn a new tool or technique for usability testing quickly.
Data Scientist,Experience,What experience do you have with A/B testing in past projects and what was the outcome?
Data Scientist,Technical,Walk me through the steps to implement time series forecasting for a Data Scientist project.
Backend Developer,Behavioral,Describe how you manage competing priorities when working on security best practices tasks.
Backend Developer,Behavioral,Describe how you manage competing priorities when working on asynchronous processing tasks (while ensuring accessibility).
Full Stack Developer,Experience,Describe a project where you used authentication and the role you played in it.
Network Engineer,Leadership,Describe how you'd mentor junior engineers/designers on best practices for QoS.
UX/UI Designer,Experience,Discuss a system you built that relied on accessibility design and the biggest lessons learned (with limited budget and time).
UX/UI Designer,Experience,How have you measured success when working on design systems initiatives?
Backend Developer,Experience,Which tools or frameworks have you used for scalability and which did you prefer? Why? (in a cloud-native environment).
Information Systems Engineer,Leadership,Describe how you'd mentor junior engineers/designers on best practices for database management (in a cloud-native environment).
Network Engineer,Experience,Discuss a system you built that relied on VPNs and the biggest lessons learned (while ensuring accessibility).
UX/UI Designer,Problem Solving,Propose a solution to improve accessibility design when faced with limited resources in a UX/UI Designer project (while ensuring accessibility).
Full Stack Developer,Leadership,Describe how you'd mentor junior engineers/designers on best practices for frontend-backend integration.
Computer Scientist,Experience,Discuss a system you built that relied on algorithms complexity and the biggest lessons learned.
Interactive Media Specialist,Behavioral,Describe how you manage competing priorities when working on interactive storytelling tasks (while ensuring accessibility).
Computer Scientist,Behavioral,Describe how you manage competing priorities when working on computational theory tasks.
Data Scientist,Technical,How would you design a solution for deep learning architectures in the context of a Data Scientist position?
Network Engineer,Behavioral,Have you ever had to persuade stakeholders about an approach to network troubleshooting? What happened?
Cyber Security Engineer,Behavioral,Describe a situation where you had to collaborate with others to solve a problem related to threat modeling (in a cloud-native environment).
Data Scientist,Experience,Discuss a system you built that relied on deep learning architectures and the biggest lessons learned.
Backend Developer,Experience,What experience do you have with API versioning in past projects and what was the outcome?
Frontend Developer,Leadership,Describe how you'd mentor junior engineers/designers on best practices for JavaScript event handling.
Network Engineer,Problem Solving,Propose a solution to improve switching concepts when faced with limited resources in a Network Engineer project.
Frontend Developer,Experience,What experience do you have with cross-browser compatibility in past projects and what was the outcome?
Data Scientist,Behavioral,Describe a situation where you had to collaborate with others to solve a problem related to A/B testing.
Interactive Media Specialist,Technical,How would you design a solution for AR/VR basics in the context of a Interactive Media Specialist position? (in a cloud-native environment).
Computer Scientist,Leadership,How do you foster a culture of quality and security around compiler design in your team? (considering performance at scale).
UX/UI Designer,Experience,How have you measured success when working on wireframing initiatives?
Network Engineer,Technical,Explain the key concepts of QoS and how you would apply them in a Network Engineer role (in a cloud-native environment).
Cyber Security Engineer,Problem Solving,Propose a solution to improve incident response when faced with limited resources in a Cyber Security Engineer project.
UX/UI Designer,Problem Solving,"Given a scenario with user research methods failures, outline your debugging and mitigation steps for a UX/UI Designer role."
Backend Developer,Leadership,How do you foster a culture of quality and security around microservices in your team?
Computer Scientist,Problem Solving,How would you break down a complex computational theory problem into smaller tasks for a Computer Scientist team? (with limited budget and time).
Network Engineer,Behavioral,Have you ever had to persuade stakeholders about an approach to network monitoring? What happened?
Information Systems Engineer,Technical,How would you design a solution for systems analysis in the context of a Information Systems Engineer position?
Full Stack Developer,Behavioral,Describe a situation where you had to collaborate with others to solve a problem related to authentication.
UX/UI Designer,Behavioral,Describe how you manage competing priorities when working on design systems tasks.
UX/UI Designer,Experience,Which tools or frameworks have you used for usability testing and which did you prefer? Why?
UX/UI Designer,Leadership,Share your strategy to prioritize work and align stakeholders when implementing usability testing.
Information Systems Engineer,Experience,What experience do you have with ERP systems in past projects and what was the outcome? (with limited budget and time).
AI Engineer,Leadership,How do you foster a culture of quality and security around MLOps in your team?
Data Scientist,Leadership,How do you foster a culture of quality and security around data preprocessing in your team?
Cyber Security Engineer,Leadership,How would you lead a team building a threat modeling feature from concept to production in a Cyber Security Engineer context? (for a legacy system).
Information Systems Engineer,Technical,How would you design a solution for database management in the context of a Information Systems Engineer position?
Cyber Security Engineer,Problem Solving,"Given a scenario with incident response failures, outline your debugging and mitigation steps for a Cyber Security Engineer role."
Network Engineer,Problem Solving,Design an algorithm or approach to solve routing protocols in a Network Engineer setting. Explain complexity.
Network Engineer,Experience,Describe a project where you used VPNs and the role you played in it.
Frontend Developer,Leadership,Describe how you'd mentor junior engineers/designers on best practices for web performance.
Computer Scientist,Technical,What are common pitfalls when working with operating systems and how do you avoid them?
Backend Developer,Technical,What are common pitfalls when working with asynchronous processing and how do you avoid them?
Cyber Security Engineer,Leadership,Explain how you would handle conflict between team members over approaches to IAM (Identity and Access Management).
Frontend Developer,Experience,What experience do you have with accessibility (a11y) in past projects and what was the outcome?
Interactive Media Specialist,Technical,How would you design a solution for performance optimization for media in the context of a Interactive Media Specialist position?
Computer Scientist,Leadership,Share your strategy to prioritize work and align stakeholders when implementing data structures.
AI Engineer,Experience,What experience do you have with transformers in past projects and what was the outcome?
Data Scientist,Leadership,How would you lead a team building a data preprocessing feature from concept to production in a Data Scientist context? (for a legacy system).
Interactive Media Specialist,Experience,Discuss a system you built that relied on interactive storytelling and the biggest lessons learned (considering performance at scale).
Computer Scientist,Experience,Describe a project where you used operating systems and the role you played in it (considering performance at scale).
Data Scientist,Problem Solving,Here's a problem: how would you approach optimizing deep learning architectures for a large-scale Data Scientist system?
Data Scientist,Behavioral,Describe how you manage competing priorities when working on time series forecasting tasks.
Computer Scientist,Behavioral,Describe a situation where you had to collaborate with others to solve a problem related to computational theory.
Network Engineer,Behavioral,Tell me about a time you faced a challenge involving network monitoring and how you handled it.
Computer Scientist,Leadership,Share your strategy to prioritize work and align stakeholders when implementing data structures (in a cloud-native environment).
Interactive Media Specialist,Behavioral,Tell me about a time you faced a challenge involving audio-visual synchronization and how you handled it (considering performance at scale).
Backend Developer,Technical,Describe the trade-offs between different approaches to API versioning for a Backend Developer.
AI Engineer,Leadership,Explain how you would handle conflict between team members over approaches to continuously learning systems.
Information Systems Engineer,Leadership,How do you foster a culture of quality and security around database management in your team?
Cyber Security Engineer,Problem Solving,Design an algorithm or approach to solve vulnerability assessment in a Cyber Security Engineer setting. Explain complexity.
Frontend Developer,Experience,How have you measured success when working on accessibility (a11y) initiatives?
AI Engineer,Experience,How have you measured success when working on MLOps initiatives?
Frontend Developer,Problem Solving,How would you break down a complex accessibility (a11y) problem into smaller tasks for a Frontend Developer team?
Network Engineer,Behavioral,Tell me about a time you faced a challenge involving network monitoring and how you handled it.
AI Engineer,Behavioral,Describe a situation where you had to collaborate with others to solve a problem related to transformers (for a legacy system).
Computer Scientist,Behavioral,Have you ever had to persuade stakeholders about an approach to operating systems? What happened?
AI Engineer,Technical,What are common pitfalls when working with fine-tuning models and how do you avoid them?
Backend Developer,Problem Solving,How would you break down a complex microservices problem into smaller tasks for a Backend Developer team?
UX/UI Designer,Experience,How have you measured success when working on prototyping tools initiatives?
AI Engineer,Behavioral,Describe a situation where you had to collaborate with others to solve a problem related to model deployment.
Full Stack Developer,Problem Solving,Propose a solution to improve database schema design when faced with limited resources in a Full Stack Developer project (considering performance at scale).
Network Engineer,Experience,How have you measured success when working on subnetting and CIDR initiatives? (with limited budget and time).
Interactive Media Specialist,Experience,What experience do you have with AR/VR basics in past projects and what was the outcome?
Information Systems Engineer,Problem Solving,Here's a problem: how would you approach optimizing systems analysis for a large-scale Information Systems Engineer system?
Data Scientist,Experience,Discuss a system you built that relied on deep learning architectures and the biggest lessons learned.
Full Stack Developer,Technical,Walk me through the steps to implement RESTful API design for a Full Stack Developer project.
Computer Scientist,Behavioral,Have you ever had to persuade stakeholders about an approach to data structures? What happened?
Frontend Developer,Experience,Which tools or frameworks have you used for react hooks and which did you prefer? Why?
UX/UI Designer,Experience,What experience do you have with usability testing in past projects and what was the outcome?
Full Stack Developer,Experience,How have you measured success when working on state management initiatives?
Data Scientist,Experience,Discuss a system you built that relied on feature engineering and the biggest lessons learned.
Data Scientist,Behavioral,Describe how you manage competing priorities when working on machine learning model selection tasks.
Frontend Developer,Problem Solving,Design an algorithm or approach to solve accessibility (a11y) in a Frontend Developer setting. Explain complexity.
Frontend Developer,Leadership,How do you foster a culture of quality and security around responsive design in your team? (in a cloud-native environment).
Information Systems Engineer,Problem Solving,"Given a scenario with enterprise architecture failures, outline your debugging and mitigation steps for a Information Systems Engineer role."
Data Scientist,Behavioral,Describe how you manage competing priorities when working on deep learning architectures tasks (while ensuring accessibility).
Computer Scientist,Problem Solving,"Given a scenario with computational theory failures, outline your debugging and mitigation steps for a Computer Scientist role."
Frontend Developer,Leadership,Describe how you'd mentor junior engineers/designers on best practices for CSS layout techniques.
Network Engineer,Technical,Describe the trade-offs between different approaches to network monitoring for a Network Engineer.
UX/UI Designer,Behavioral,Tell me about a time you faced a challenge involving user research methods and how you handled it.
Computer Scientist,Technical,Walk me through the steps to implement computational theory for a Computer Scientist project.
Full Stack Developer,Problem Solving,Design an algorithm or approach to solve state management in a Full Stack Developer setting. Explain complexity (with limited budget and time).
Computer Scientist,Behavioral,Describe a situation where you had to collaborate with others to solve a problem related to operating systems.
UX/UI Designer,Problem Solving,How would you break down a complex prototyping tools problem into smaller tasks for a UX/UI Designer team?
Computer Scientist,Experience,What experience do you have with distributed systems in past projects and what was the outcome?
Cyber Security Engineer,Experience,Which tools or frameworks have you used for threat modeling and which did you prefer? Why?
Cyber Security Engineer,Behavioral,Tell me about a time you faced a challenge involving network security and how you handled it.
Information Systems Engineer,Technical,Walk me through the steps to implement business process modeling for a Information Systems Engineer project (for a legacy system).
Full Stack Developer,Behavioral,Have you ever had to persuade stakeholders about an approach to deployment? What happened? (with limited budget and time).
Frontend Developer,Experience,How have you measured success when working on CSS layout techniques initiatives?
AI Engineer,Experience,How have you measured success when working on model deployment initiatives? (while ensuring accessibility).
Computer Scientist,Problem Solving,"Given a scenario with data structures failures, outline your debugging and mitigation steps for a Computer Scientist role."
Network Engineer,Problem Solving,How would you break down a complex subnetting and CIDR problem into smaller tasks for a Network Engineer team?
Data Scientist,Leadership,Share your strategy to prioritize work and align stakeholders when implementing model evaluation metrics.
UX/UI Designer,Experience,What experience do you have with accessibility design in past projects and what was the outcome?
Network Engineer,Technical,How would you design a solution for network troubleshooting in the context of a Network Engineer position? (while ensuring accessibility).
Network Engineer,Behavioral,Tell me about a time you faced a challenge involving routing protocols and how you handled it.
Data Scientist,Leadership,How would you lead a team building a machine learning model selection feature from concept to production in a Data Scientist context? (with limited budget and time).
Cyber Security Engineer,Problem Solving,Design an algorithm or approach to solve incident response in a Cyber Security Engineer setting. Explain complexity.
Computer Scientist,Leadership,Describe how you'd mentor junior engineers/designers on best practices for computational theory.
AI Engineer,Experience,Describe a project where you used prompt engineering and the role you played in it (considering performance at scale).
Information Systems Engineer,Leadership,How would you lead a team building a ERP systems feature from concept to production in a Information Systems Engineer context? (while ensuring accessibility).
Frontend Developer,Technical,How would you design a solution for react hooks in the context of a Frontend Developer position?
Data Scientist,Behavioral,Have you ever had to persuade stakeholders about an approach to time series forecasting? What happened? (while ensuring accessibility).
AI Engineer,Leadership,How would you lead a team building a continuously learning systems feature from concept to production in a AI Engineer context?
UX/UI Designer,Technical,Walk me through the steps to implement information architecture for a UX/UI Designer project.
Data Scientist,Behavioral,Have you ever had to persuade stakeholders about an approach to time series forecasting? What happened? (in a cloud-native environment).
Data Scientist,Problem Solving,Propose a solution to improve model evaluation metrics when faced with limited resources in a Data Scientist project.
Full Stack Developer,Technical,How would you design a solution for performance optimization in the context of a Full Stack Developer position?
Backend Developer,Technical,Walk me through the steps to implement caching strategies for a Backend Developer project.
Data Scientist,Leadership,Explain how you would handle conflict between team members over approaches to data preprocessing (while ensuring accessibility).
Information Systems Engineer,Technical,Describe the trade-offs between different approaches to database management for a Information Systems Engineer (considering performance at scale).
Frontend Developer,Experience,How have you measured success when working on CSS layout techniques initiatives? (for a legacy system).
Full Stack Developer,Technical,Explain the key concepts of frontend-backend integration and how you would apply them in a Full Stack Developer role.
Full Stack Developer,Problem Solving,"Given a scenario with authentication failures, outline your debugging and mitigation steps for a Full Stack Developer role."
Information Systems Engineer,Leadership,How do you foster a culture of quality and security around requirements gathering in your team? (considering performance at scale).
Data Scientist,Behavioral,Have you ever had to persuade stakeholders about an approach to A/B testing? What happened?
Data Scientist,Behavioral,Tell me about a time you faced a challenge involving model evaluation metrics and how you handled it.
Computer Scientist,Problem Solving,Propose a solution to improve compiler design when faced with limited resources in a Computer Scientist project.
Computer Scientist,Technical,Walk me through the steps to implement data structures for a Computer Scientist project.
Frontend Developer,Technical,Describe the trade-offs between different approaches to web performance for a Frontend Developer.
Data Scientist,Problem Solving,Propose a solution to improve deep learning architectures when faced with limited resources in a Data Scientist project (considering performance at scale).
Network Engineer,Leadership,Explain how you would handle conflict between team members over approaches to subnetting and CIDR.
Full Stack Developer,Behavioral,Have you ever had to persuade stakeholders about an approach to RESTful API design? What happened? (for a legacy system).
Data Scientist,Technical,Explain the key concepts of data preprocessing and how you would apply them in a Data Scientist role.
Computer Scientist,Behavioral,Describe a situation where you had to collaborate with others to solve a problem related to computational theory.
Information Systems Engineer,Technical,How would you design a solution for systems analysis in the context of a Information Systems Engineer position?
Information Systems Engineer,Behavioral,Describe how you manage competing priorities when working on ERP systems tasks.
Backend Developer,Leadership,Describe how you'd mentor junior engineers/designers on best practices for scalability.
Network Engineer,Experience,What experience do you have with network monitoring in past projects and what was the outcome?
Backend Developer,Behavioral,Tell me about a time you faced a challenge involving security best practices and how you handled it (while ensuring accessibility).
AI Engineer,Problem Solving,Propose a solution to improve continuously learning systems when faced with limited resources in a AI Engineer project (considering performance at scale).
Interactive Media Specialist,Leadership,How would you lead a team building a interactive storytelling feature from concept to production in a Interactive Media Specialist context?
Information Systems Engineer,Behavioral,Describe how you manage competing priorities when working on ERP systems tasks.
Cyber Security Engineer,Behavioral,Have you ever had to persuade stakeholders about an approach to incident response? What happened? (for a legacy system).
UX/UI Designer,Behavioral,Describe a situation where you had to collaborate with others to solve a problem related to usability testing.
Network Engineer,Experience,Discuss a system you built that relied on network troubleshooting and the biggest lessons learned.
Interactive Media Specialist,Behavioral,Have you ever had to persuade stakeholders about an approach to audio-visual synchronization? What happened?
Backend Developer,Problem Solving,Design an algorithm or approach to solve asynchronous processing in a Backend Developer setting. Explain complexity.
Network Engineer,Problem Solving,How would you break down a complex subnetting and CIDR problem into smaller tasks for a Network Engineer team?
Network Engineer,Technical,Explain the key concepts of VPNs and how you would apply them in a Network Engineer role (with limited budget and time).
Full Stack Developer,Technical,Walk me through the steps to implement state management for a Full Stack Developer project (in a cloud-native environment).
Data Scientist,Experience,Describe a project where you used feature engineering and the role you played in it.
Interactive Media Specialist,Leadership,How would you lead a team building a multimedia authoring tools feature from concept to production in a Interactive Media Specialist context? (in a cloud-native environment).
UX/UI Designer,Problem Solving,Here's a problem: how would you approach optimizing design systems for a large-scale UX/UI Designer system?
AI Engineer,Technical,How would you design a solution for continuously learning systems in the context of a AI Engineer position?
Frontend Developer,Behavioral,Describe how you manage competing priorities when working on accessibility (a11y) tasks.
UX/UI Designer,Experience,Discuss a system you built that relied on design systems and the biggest lessons learned.
Interactive Media Specialist,Leadership,How would you lead a team building a audio-visual synchronization feature from concept to production in a Interactive Media Specialist context?
UX/UI Designer,Experience,How have you measured success when working on design systems initiatives?
Interactive Media Specialist,Leadership,Share your strategy to prioritize work and align stakeholders when implementing game mechanics.
Information Systems Engineer,Behavioral,Describe a situation where you had to collaborate with others to solve a problem related to ERP systems.
Data Scientist,Behavioral,Tell me about a time you faced a challenge involving time series forecasting and how you handled it.
Information Systems Engineer,Behavioral,Tell me about a time you faced a challenge involving ERP systems and how you handled it.
Frontend Developer,Leadership,How would you lead a team building a cross-browser compatibility feature from concept to production in a Frontend Developer context?
Backend Developer,Experience,What experience do you have with security best practices in past projects and what was the outcome?
Interactive Media Specialist,Technical,What are common pitfalls when working with AR/VR basics and how do you avoid them? (with limited budget and time).
Frontend Developer,Technical,Walk me through the steps to implement CSS layout techniques for a Frontend Developer project.
Interactive Media Specialist,Technical,How would you design a solution for AR/VR basics in the context of a Interactive Media Specialist position?
Information Systems Engineer,Technical,How would you design a solution for business process modeling in the context of a Information Systems Engineer position?
UX/UI Designer,Problem Solving,Design an algorithm or approach to solve wireframing in a UX/UI Designer setting. Explain complexity (considering performance at scale).
UX/UI Designer,Experience,Discuss a system you built that relied on user research methods and the biggest lessons learned (considering performance at scale).
Full Stack Developer,Technical,What are common pitfalls when working with RESTful API design and how do you avoid them?
Backend Developer,Technical,Walk me through the steps to implement database transactions for a Backend Developer project (for a legacy system).
AI Engineer,Behavioral,Tell me about a time you faced a challenge involving transformers and how you handled it.
AI Engineer,Behavioral,Describe a situation where you had to collaborate with others to solve a problem related to MLOps.
Interactive Media Specialist,Behavioral,Have you ever had to persuade stakeholders about an approach to game mechanics? What happened?
Frontend Developer,Technical,Walk me through the steps to implement cross-browser compatibility for a Frontend Developer project.
UX/UI Designer,Technical,How would you design a solution for wireframing in the context of a UX/UI Designer position? (while ensuring accessibility).
Computer Scientist,Leadership,How would you lead a team building a compiler design feature from concept to production in a Computer Scientist context?
Full Stack Developer,Problem Solving,Here's a problem: how would you approach optimizing RESTful API design for a large-scale Full Stack Developer system?
Computer Scientist,Problem Solving,Design an algorithm or approach to solve computational theory in a Computer Scientist setting. Explain complexity.
Information Systems Engineer,Experience,What experience do you have with enterprise architecture in past projects and what was the outcome?
Frontend Developer,Experience,Which tools or frameworks have you used for responsive design and which did you prefer? Why?
Frontend Developer,Leadership,Share your strategy to prioritize work and align stakeholders when implementing react hooks (considering performance at scale).
Cyber Security Engineer,Leadership,Share your strategy to prioritize work and align stakeholders when implementing vulnerability assessment.
Interactive Media Specialist,Experience,Describe a project where you used performance optimization for media and the role you played in it.
Network Engineer,Experience,Describe a project where you used switching concepts and the role you played in it.
Frontend Developer,Leadership,How do you foster a culture of quality and security around react hooks in your team? (considering performance at scale).
Interactive Media Specialist,Problem Solving,How would you break down a complex UX for interactive media problem into smaller tasks for a Interactive Media Specialist team?
Full Stack Developer,Problem Solving,Propose a solution to improve performance optimization when faced with limited resources in a Full Stack Developer project.
AI Engineer,Behavioral,Have you ever had to persuade stakeholders about an approach to prompt engineering? What happened?
Cyber Security Engineer,Technical,Describe the trade-offs between different approaches to vulnerability assessment for a Cyber Security Engineer.
Full Stack Developer,Experience,Which tools or frameworks have you used for state management and which did you prefer? Why? (while ensuring accessibility).
UX/UI Designer,Behavioral,Have you ever had to persuade stakeholders about an approach to usability testing? What happened? (considering performance at scale).
UX/UI Designer,Behavioral,Have you ever had to persuade stakeholders about an approach to usability testing? What happened?
Full Stack Developer,Experience,How have you measured success when working on performance optimization initiatives? (in a cloud-native environment).
Computer Scientist,Experience,Describe a project where you used compiler design and the role you played in it (with limited budget and time).
AI Engineer,Technical,Walk me through the steps to implement fine-tuning models for a AI Engineer project.
Computer Scientist,Leadership,Describe how you'd mentor junior engineers/designers on best practices for operating systems (while ensuring accessibility).
Data Scientist,Problem Solving,"Given a scenario with data preprocessing failures, outline your debugging and mitigation steps for a Data Scientist role."
Data Scientist,Behavioral,Tell me about a time you faced a challenge involving model evaluation metrics and how you handled it.
Data Scientist,Experience,Describe a project where you used feature engineering and the role you played in it.
Frontend Developer,Leadership,How do you foster a culture of quality and security around JavaScript event handling in your team?
Frontend Developer,Leadership,Describe how you'd mentor junior engineers/designers on best practices for accessibility (a11y).
Computer Scientist,Technical,How would you design a solution for distributed systems in the context of a Computer Scientist position?
Computer Scientist,Behavioral,Describe a situation where you had to collaborate with others to solve a problem related to distributed systems.
UX/UI Designer,Behavioral,Share an example when you had to learn a new tool or technique for user research methods quickly (while ensuring accessibility).
Cyber Security Engineer,Problem Solving,How would you break down a complex secure coding practices problem into smaller tasks for a Cyber Security Engineer team? (in a cloud-native environment).
Backend Developer,Problem Solving,"Given a scenario with database transactions failures, outline your debugging and mitigation steps for a Backend Developer role."
Data Scientist,Behavioral,Describe a situation where you had to collaborate with others to solve a problem related to data preprocessing.
Cyber Security Engineer,Experience,Discuss a system you built that relied on incident response and the biggest lessons learned.
UX/UI Designer,Problem Solving,How would you break down a complex design systems problem into smaller tasks for a UX/UI Designer team?
Cyber Security Engineer,Technical,Explain the key concepts of network security and how you would apply them in a Cyber Security Engineer role.
Information Systems Engineer,Technical,Explain the key concepts of ERP systems and how you would apply them in a Information Systems Engineer role.
Interactive Media Specialist,Experience,How have you measured success when working on audio-visual synchronization initiatives? (while ensuring accessibility).
Data Scientist,Behavioral,Have you ever had to persuade stakeholders about an approach to machine learning model selection? What happened?
Cyber Security Engineer,Behavioral,Describe a situation where you had to collaborate with others to solve a problem related to network security (considering performance at scale).
Frontend Developer,Leadership,How do you foster a culture of quality and security around cross-browser compatibility in your team? (with limited budget and time).
Interactive Media Specialist,Behavioral,Describe a situation where you had to collaborate with others to solve a problem related to AR/VR basics.
Full Stack Developer,Experience,Discuss a system you built that relied on database schema design and the biggest lessons learned.
Backend Developer,Experience,Discuss a system you built that relied on API versioning and the biggest lessons learned.
Cyber Security Engineer,Behavioral,Tell me about a time you faced a challenge involving network security and how you handled it.
Interactive Media Specialist,Problem Solving,How would you break down a complex audio-visual synchronization problem into smaller tasks for a Interactive Media Specialist team?
Interactive Media Specialist,Technical,Walk me through the steps to implement game mechanics for a Interactive Media Specialist project.
AI Engineer,Problem Solving,Propose a solution to improve fine-tuning models when faced with limited resources in a AI Engineer project.
Full Stack Developer,Leadership,Share your strategy to prioritize work and align stakeholders when implementing performance optimization.
Interactive Media Specialist,Experience,Discuss a system you built that relied on performance optimization for media and the biggest lessons learned.
Network Engineer,Behavioral,Describe a situation where you had to collaborate with others to solve a problem related to QoS.
Information Systems Engineer,Leadership,Share your strategy to prioritize work and align stakeholders when implementing ERP systems (while ensuring accessibility).
AI Engineer,Leadership,How do you foster a culture of quality and security around model deployment in your team?
Interactive Media Specialist,Problem Solving,Design an algorithm or approach to solve AR/VR basics in a Interactive Media Specialist setting. Explain complexity.
Network Engineer,Problem Solving,Propose a solution to improve network troubleshooting when faced with limited resources in a Network Engineer project.
Frontend Developer,Leadership,Describe how you'd mentor junior engineers/designers on best practices for responsive design.
Data Scientist,Leadership,How would you lead a team building a deep learning architectures feature from concept to production in a Data Scientist context?
UX/UI Designer,Experience,Discuss a system you built that relied on accessibility design and the biggest lessons learned.
UX/UI Designer,Leadership,Explain how you would handle conflict between team members over approaches to information architecture.
Interactive Media Specialist,Experience,Which tools or frameworks have you used for interactive storytelling and which did you prefer? Why?
Information Systems Engineer,Problem Solving,"Given a scenario with systems analysis failures, outline your debugging and mitigation steps for a Information Systems Engineer role."
Network Engineer,Technical,Walk me through the steps to implement VPNs for a Network Engineer project.
Cyber Security Engineer,Experience,What experience do you have with IAM (Identity and Access Management) in past projects and what was the outcome? (for a legacy system).
Frontend Developer,Technical,Describe the trade-offs between different approaches to cross-browser compatibility for a Frontend Developer.
Backend Developer,Leadership,Explain how you would handle conflict between team members over approaches to caching strategies.
Backend Developer,Problem Solving,Propose a solution to improve scalability when faced with limited resources in a Backend Developer project (considering performance at scale).
UX/UI Designer,Leadership,How would you lead a team building a wireframing feature from concept to production in a UX/UI Designer context?
Full Stack Developer,Behavioral,Describe a situation where you had to collaborate with others to solve a problem related to state management.
UX/UI Designer,Behavioral,Have you ever had to persuade stakeholders about an approach to information architecture? What happened?
Information Systems Engineer,Technical,How would you design a solution for requirements gathering in the context of a Information Systems Engineer position? (considering performance at scale).
Data Scientist,Technical,Walk me through the steps to implement feature engineering for a Data Scientist project.
UX/UI Designer,Leadership,Describe how you'd mentor junior engineers/designers on best practices for prototyping tools (in a cloud-native environment).
Full Stack Developer,Behavioral,Describe a situation where you had to collaborate with others to solve a problem related to authentication.
Cyber Security Engineer,Experience,Describe a project where you used threat modeling and the role you played in it.
Interactive Media Specialist,Leadership,Describe how you'd mentor junior engineers/designers on best practices for game mechanics (in a cloud-native environment).
UX/UI Designer,Behavioral,Describe how you manage competing priorities when working on user research methods tasks.
Interactive Media Specialist,Technical,Walk me through the steps to implement audio-visual synchronization for a Interactive Media Specialist project.
Backend Developer,Leadership,How do you foster a culture of quality and security around microservices in your team? (in a cloud-native environment).
Data Scientist,Behavioral,Share an example when you had to learn a new tool or technique for machine learning model selection quickly (with limited budget and time).
Full Stack Developer,Behavioral,Tell me about a time you faced a challenge involving RESTful API design and how you handled it.
Cyber Security Engineer,Experience,Describe a project where you used IAM (Identity and Access Management) and the role you played in it.
Information Systems Engineer,Technical,Explain the key concepts of requirements gathering and how you would apply them in a Information Systems Engineer role.
AI Engineer,Technical,Explain the key concepts of transformers and how you would apply them in a AI Engineer role.
Computer Scientist,Leadership,Explain how you would handle conflict between team members over approaches to data structures.
Information Systems Engineer,Behavioral,Have you ever had to persuade stakeholders about an approach to requirements gathering? What happened? (while ensuring accessibility).
Full Stack Developer,Technical,Explain the key concepts of state management and how you would apply them in a Full Stack Developer role.
UX/UI Designer,Leadership,Describe how you'd mentor junior engineers/designers on best practices for wireframing.
Interactive Media Specialist,Technical,Walk me through the steps to implement audio-visual synchronization for a Interactive Media Specialist project.
Information Systems Engineer,Experience,Discuss a system you built that relied on enterprise architecture and the biggest lessons learned (with limited budget and time).
Cyber Security Engineer,Behavioral,Describe how you manage competing priorities when working on threat modeling tasks.
Information Systems Engineer,Technical,Explain the key concepts of business process modeling and how you would apply them in a Information Systems Engineer role.
Computer Scientist,Experience,Describe a project where you used data structures and the role you played in it (with limited budget and time).
Backend Developer,Technical,Explain the key concepts of microservices and how you would apply them in a Backend Developer role.
Frontend Developer,Problem Solving,Here's a problem: how would you approach optimizing web performance for a large-scale Frontend Developer system? (with limited budget and time).
Information Systems Engineer,Problem Solving,Here's a problem: how would you approach optimizing ERP systems for a large-scale Information Systems Engineer system?
Network Engineer,Behavioral,Tell me about a time you faced a challenge involving network troubleshooting and how you handled it.
Information Systems Engineer,Problem Solving,Design an algorithm or approach to solve enterprise architecture in a Information Systems Engineer setting. Explain complexity.
Interactive Media Specialist,Experience,What experience do you have with performance optimization for media in past projects and what was the outcome?
Network Engineer,Experience,How have you measured success when working on network monitoring initiatives?
Interactive Media Specialist,Experience,How have you measured success when working on performance optimization for media initiatives?
AI Engineer,Experience,Describe a project where you used prompt engineering and the role you played in it.
Data Scientist,Experience,Which tools or frameworks have you used for feature engineering and which did you prefer? Why?
AI Engineer,Leadership,How do you foster a culture of quality and security around transformers in your team?
Computer Scientist,Leadership,Share your strategy to prioritize work and align stakeholders when implementing operating systems.
Computer Scientist,Experience,Which tools or frameworks have you used for concurrency and which did you prefer? Why?
Information Systems Engineer,Problem Solving,Propose a solution to improve database management when faced with limited resources in a Information Systems Engineer project.
Data Scientist,Technical,How would you design a solution for A/B testing in the context of a Data Scientist position?
Backend Developer,Problem Solving,How would you break down a complex database transactions problem into smaller tasks for a Backend Developer team? (in a cloud-native environment).
Information Systems Engineer,Experience,What experience do you have with enterprise architecture in past projects and what was the outcome?
Full Stack Developer,Experience,How have you measured success when working on frontend-backend integration initiatives? (with limited budget and time).
Frontend Developer,Problem Solving,Here's a problem: how would you approach optimizing CSS layout techniques for a large-scale Frontend Developer system? (while ensuring accessibility).
Frontend Developer,Technical,How would you design a solution for CSS layout techniques in the context of a Frontend Developer position?
Full Stack Developer,Technical,How would you design a solution for database schema design in the context of a Full Stack Developer position?
Information Systems Engineer,Leadership,Explain how you would handle conflict between team members over approaches to IT governance.
Cyber Security Engineer,Experience,Which tools or frameworks have you used for encryption and cryptography and which did you prefer? Why? (for a legacy system).
Information Systems Engineer,Behavioral,Tell me about a time you faced a challenge involving enterprise architecture and how you handled it.
AI Engineer,Behavioral,Describe how you manage competing priorities when working on fine-tuning models tasks.
Data Scientist,Leadership,How would you lead a team building a time series forecasting feature from concept to production in a Data Scientist context?
Network Engineer,Experience,How have you measured success when working on QoS initiatives?
Cyber Security Engineer,Technical,Walk me through the steps to implement network security for a Cyber Security Engineer project.
Network Engineer,Behavioral,Share an example when you had to learn a new tool or technique for VPNs quickly (considering performance at scale).
Information Systems Engineer,Experience,What experience do you have with enterprise architecture in past projects and what was the outcome?
Interactive Media Specialist,Leadership,How would you lead a team building a AR/VR basics feature from concept to production in a Interactive Media Specialist context?
UX/UI Designer,Problem Solving,"Given a scenario with wireframing failures, outline your debugging and mitigation steps for a UX/UI Designer role."
Network Engineer,Leadership,Share your strategy to prioritize work and align stakeholders when implementing subnetting and CIDR.
Information Systems Engineer,Technical,Describe the trade-offs between different approaches to systems analysis for a Information Systems Engineer (in a cloud-native environment).
Data Scientist,Experience,How have you measured success when working on deep learning architectures initiatives?
Full Stack Developer,Behavioral,Describe how you manage competing priorities when working on deployment tasks.
Cyber Security Engineer,Behavioral,Share an example when you had to learn a new tool or technique for IAM (Identity and Access Management) quickly.
Full Stack Developer,Behavioral,Have you ever had to persuade stakeholders about an approach to RESTful API design? What happened?
AI Engineer,Leadership,Share your strategy to prioritize work and align stakeholders when implementing transformers.
AI Engineer,Behavioral,Describe a situation where you had to collaborate with others to solve a problem related to transformers.
Cyber Security Engineer,Behavioral,Describe a situation where you had to collaborate with others to solve a problem related to IAM (Identity and Access Management).
Full Stack Developer,Behavioral,Describe how you manage competing priorities when working on database schema design tasks.
Interactive Media Specialist,Technical,Walk me through the steps to implement AR/VR basics for a Interactive Media Specialist project.
AI Engineer,Technical,Explain the key concepts of model deployment and how you would apply them in a AI Engineer role.
Frontend Developer,Leadership,Describe how you'd mentor junior engineers/designers on best practices for JavaScript event handling (while ensuring accessibility).
AI Engineer,Technical,How would you design a solution for prompt engineering in the context of a AI Engineer position?
Interactive Media Specialist,Behavioral,Describe how you manage competing priorities when working on multimedia authoring tools tasks (considering performance at scale).
Interactive Media Specialist,Behavioral,Describe how you manage competing priorities when working on interactive storytelling tasks.
Interactive Media Specialist,Behavioral,Tell me about a time you faced a challenge involving performance optimization for media and how you handled it.
Frontend Developer,Leadership,How would you lead a team building a web performance feature from concept to production in a Frontend Developer context? (with limited budget and time).
AI Engineer,Problem Solving,Design an algorithm or approach to solve model deployment in a AI Engineer setting. Explain complexity (while ensuring accessibility).
Cyber Security Engineer,Behavioral,Tell me about a time you faced a challenge involving vulnerability assessment and how you handled it (while ensuring accessibility).
Information Systems Engineer,Technical,Describe the trade-offs between different approaches to IT governance for a Information Systems Engineer.
Data Scientist,Problem Solving,Here's a problem: how would you approach optimizing machine learning model selection for a large-scale Data Scientist system?
Backend Developer,Problem Solving,"Given a scenario with security best practices failures, outline your debugging and mitigation steps for a Backend Developer role."
Cyber Security Engineer,Technical,Describe the trade-offs between different approaches to secure coding practices for a Cyber Security Engineer.
Frontend Developer,Experience,How have you measured success when working on accessibility (a11y) initiatives?
Network Engineer,Technical,Walk me through the steps to implement QoS for a Network Engineer project.
Cyber Security Engineer,Behavioral,Tell me about a time you faced a challenge involving incident response and how you handled it.
Data Scientist,Experience,Which tools or frameworks have you used for model evaluation metrics and which did you prefer? Why? (with limited budget and time).
Network Engineer,Leadership,How do you foster a culture of quality and security around subnetting and CIDR in your team?
Computer Scientist,Problem Solving,Here's a problem: how would you approach optimizing distributed systems for a large-scale Computer Scientist system?
Information Systems Engineer,Technical,What are common pitfalls when working with enterprise architecture and how do you avoid them?
Information Systems Engineer,Leadership,How do you foster a culture of quality and security around database management in your team?
UX/UI Designer,Experience,Which tools or frameworks have you used for prototyping tools and which did you prefer? Why? (in a cloud-native environment).
Data Scientist,Problem Solving,Here's a problem: how would you approach optimizing model evaluation metrics for a large-scale Data Scientist system? (in a cloud-native environment).
Network Engineer,Technical,Describe the trade-offs between different approaches to routing protocols for a Network Engineer (while ensuring accessibility).
Backend Developer,Behavioral,Share an example when you had to learn a new tool or technique for caching strategies quickly (considering performance at scale).
Backend Developer,Technical,How would you design a solution for security best practices in the context of a Backend Developer position?
Full Stack Developer,Behavioral,Have you ever had to persuade stakeholders about an approach to performance optimization? What happened? (with limited budget and time).
AI Engineer,Behavioral,Share an example when you had to learn a new tool or technique for continuously learning systems quickly (with limited budget and time).
UX/UI Designer,Leadership,Describe how you'd mentor junior engineers/designers on best practices for prototyping tools.
Computer Scientist,Behavioral,Describe a situation where you had to collaborate with others to solve a problem related to concurrency.
Interactive Media Specialist,Experience,How have you measured success when working on game mechanics initiatives?
Computer Scientist,Problem Solving,How would you break down a complex compiler design problem into smaller tasks for a Computer Scientist team?
Information Systems Engineer,Behavioral,Tell me about a time you faced a challenge involving IT governance and how you handled it.
Interactive Media Specialist,Leadership,How would you lead a team building a performance optimization for media feature from concept to production in a Interactive Media Specialist context? (with limited budget and time).
Computer Scientist,Leadership,How would you lead a team building a computational theory feature from concept to production in a Computer Scientist context?
Network Engineer,Technical,What are common pitfalls when working with network troubleshooting and how do you avoid them? (while ensuring accessibility).
Backend Developer,Technical,What are common pitfalls when working with caching strategies and how do you avoid them?
Cyber Security Engineer,Leadership,Describe how you'd mentor junior engineers/designers on best practices for vulnerability assessment.
Frontend Developer,Behavioral,Tell me about a time you faced a challenge involving web performance and how you handled it.
Backend Developer,Experience,Which tools or frameworks have you used for asynchronous processing and which did you prefer? Why?
Data Scientist,Technical,How would you design a solution for model evaluation metrics in the context of a Data Scientist position?
Network Engineer,Experience,How have you measured success when working on switching concepts initiatives? (while ensuring accessibility).
Backend Developer,Problem Solving,Propose a solution to improve caching strategies when faced with limited resources in a Backend Developer project.
Backend Developer,Behavioral,Describe a situation where you had to collaborate with others to solve a problem related to database transactions.
Full Stack Developer,Experience,Which tools or frameworks have you used for RESTful API design and which did you prefer? Why?
AI Engineer,Experience,Which tools or frameworks have you used for model interpretability and which did you prefer? Why?
Frontend Developer,Experience,How have you measured success when working on react hooks initiatives?
Computer Scientist,Problem Solving,How would you break down a complex data structures problem into smaller tasks for a Computer Scientist team?
Backend Developer,Technical,Walk me through the steps to implement scalability for a Backend Developer project.
Backend Developer,Behavioral,Have you ever had to persuade stakeholders about an approach to scalability? What happened?
Information Systems Engineer,Behavioral,Describe how you manage competing priorities when working on requirements gathering tasks.
Frontend Developer,Problem Solving,Propose a solution to improve CSS layout techniques when faced with limited resources in a Frontend Developer project (while ensuring accessibility).
UX/UI Designer,Behavioral,Share an example when you had to learn a new tool or technique for prototyping tools quickly.
Frontend Developer,Problem Solving,"Given a scenario with web performance failures, outline your debugging and mitigation steps for a Frontend Developer role."
Backend Developer,Experience,Describe a project where you used database transactions and the role you played in it.
Data Scientist,Problem Solving,Here's a problem: how would you approach optimizing machine learning model selection for a large-scale Data Scientist system?
Interactive Media Specialist,Technical,Walk me through the steps to implement performance optimization for media for a Interactive Media Specialist project (considering performance at scale).
Interactive Media Specialist,Experience,Discuss a system you built that relied on AR/VR basics and the biggest lessons learned.
Backend Developer,Leadership,How do you foster a culture of quality and security around asynchronous processing in your team?
Data Scientist,Technical,What are common pitfalls when working with A/B testing and how do you avoid them?
Data Scientist,Behavioral,Share an example when you had to learn a new tool or technique for machine learning model selection quickly.
Frontend Developer,Technical,What are common pitfalls when working with react hooks and how do you avoid them?
Backend Developer,Technical,Walk me through the steps to implement asynchronous processing for a Backend Developer project.
Computer Scientist,Problem Solving,"Given a scenario with distributed systems failures, outline your debugging and mitigation steps for a Computer Scientist role."
Frontend Developer,Experience,What experience do you have with react hooks in past projects and what was the outcome?
Interactive Media Specialist,Experience,How have you measured success when working on AR/VR basics initiatives? (for a legacy system).
AI Engineer,Behavioral,Have you ever had to persuade stakeholders about an approach to fine-tuning models? What happened? (with limited budget and time).
Interactive Media Specialist,Leadership,How would you lead a team building a UX for interactive media feature from concept to production in a Interactive Media Specialist context?
Information Systems Engineer,Technical,Walk me through the steps to implement IT governance for a Information Systems Engineer project (with limited budget and time).
Interactive Media Specialist,Leadership,Share your strategy to prioritize work and align stakeholders when implementing performance optimization for media (in a cloud-native environment).
AI Engineer,Leadership,Describe how you'd mentor junior engineers/designers on best practices for prompt engineering (for a legacy system).
Full Stack Developer,Leadership,Share your strategy to prioritize work and align stakeholders when implementing authentication.
Information Systems Engineer,Technical,Describe the trade-offs between different approaches to IT governance for a Information Systems Engineer (while ensuring accessibility).
Backend Developer,Leadership,How would you lead a team building a API versioning feature from concept to production in a Backend Developer context?
Full Stack Developer,Experience,What experience do you have with deployment in past projects and what was the outcome?
Information Systems Engineer,Problem Solving,Here's a problem: how would you approach optimizing IT governance for a large-scale Information Systems Engineer system?
AI Engineer,Experience,Which tools or frameworks have you used for continuously learning systems and which did you prefer? Why?
Computer Scientist,Experience,What experience do you have with distributed systems in past projects and what was the outcome? (considering performance at scale).
Data Scientist,Leadership,Explain how you would handle conflict between team members over approaches to time series forecasting.
Information Systems Engineer,Leadership,Explain how you would handle conflict between team members over approaches to IT governance (considering performance at scale).
Full Stack Developer,Technical,What are common pitfalls when working with state management and how do you avoid them?
Network Engineer,Leadership,Share your strategy to prioritize work and align stakeholders when implementing routing protocols (considering performance at scale).
Information Systems Engineer,Behavioral,Have you ever had to persuade stakeholders about an approach to enterprise architecture? What happened? (in a cloud-native environment).
Frontend Developer,Problem Solving,"Given a scenario with cross-browser compatibility failures, outline your debugging and mitigation steps for a Frontend Developer role."
Interactive Media Specialist,Problem Solving,How would you break down a complex interactive storytelling problem into smaller tasks for a Interactive Media Specialist team? (considering performance at scale).
Data Scientist,Technical,Describe the trade-offs between different approaches to deep learning architectures for a Data Scientist.
Network Engineer,Leadership,How would you lead a team building a VPNs feature from concept to production in a Network Engineer context? (with limited budget and time).
Information Systems Engineer,Leadership,How would you lead a team building a IT governance feature from concept to production in a Information Systems Engineer context?
Network Engineer,Problem Solving,"Given a scenario with QoS failures, outline your debugging and mitigation steps for a Network Engineer role."
Computer Scientist,Technical,What are common pitfalls when working with data structures and how do you avoid them?
AI Engineer,Technical,Explain the key concepts of prompt engineering and how you would apply them in a AI Engineer role (while ensuring accessibility).
Data Scientist,Problem Solving,Propose a solution to improve data preprocessing when faced with limited resources in a Data Scientist project (considering performance at scale).
Cyber Security Engineer,Leadership,Explain how you would handle conflict between team members over approaches to incident response.
Frontend Developer,Leadership,How do you foster a culture of quality and security around accessibility (a11y) in your team?
UX/UI Designer,Technical,Explain the key concepts of user research methods and how you would apply them in a UX/UI Designer role.
Data Scientist,Behavioral,Share an example when you had to learn a new tool or technique for deep learning architectures quickly (for a legacy system).
Data Scientist,Problem Solving,Design an algorithm or approach to solve deep learning architectures in a Data Scientist setting. Explain complexity (with limited budget and time).
Interactive Media Specialist,Technical,Explain the key concepts of audio-visual synchronization and how you would apply them in a Interactive Media Specialist role.
Information Systems Engineer,Behavioral,Describe a situation where you had to collaborate with others to solve a problem related to enterprise architecture (considering performance at scale).
Interactive Media Specialist,Behavioral,Have you ever had to persuade stakeholders about an approach to interactive storytelling? What happened? (for a legacy system).
Backend Developer,Leadership,How do you foster a culture of quality and security around asynchronous processing in your team? (with limited budget and time).
Frontend Developer,Problem Solving,Here's a problem: how would you approach optimizing accessibility (a11y) for a large-scale Frontend Developer system?
Interactive Media Specialist,Experience,Discuss a system you built that relied on AR/VR basics and the biggest lessons learned.
Interactive Media Specialist,Problem Solving,Design an algorithm or approach to solve interactive storytelling in a Interactive Media Specialist setting. Explain complexity.
Information Systems Engineer,Technical,How would you design a solution for systems analysis in the context of a Information Systems Engineer position?
Interactive Media Specialist,Leadership,Share your strategy to prioritize work and align stakeholders when implementing audio-visual synchronization (in a cloud-native environment).
UX/UI Designer,Leadership,Share your strategy to prioritize work and align stakeholders when implementing user research methods.
AI Engineer,Behavioral,Share an example when you had to learn a new tool or technique for prompt engineering quickly (in a cloud-native environment).
Computer Scientist,Experience,How have you measured success when working on operating systems initiatives?
Interactive Media Specialist,Leadership,Describe how you'd mentor junior engineers/designers on best practices for UX for interactive media (in a cloud-native environment).
Frontend Developer,Problem Solving,Here's a problem: how would you approach optimizing responsive design for a large-scale Frontend Developer system?
Full Stack Developer,Problem Solving,Design an algorithm or approach to solve state management in a Full Stack Developer setting. Explain complexity.
Full Stack Developer,Technical,Describe the trade-offs between different approaches to RESTful API design for a Full Stack Developer.
Network Engineer,Behavioral,Tell me about a time you faced a challenge involving routing protocols and how you handled it (in a cloud-native environment).
Backend Developer,Technical,How would you design a solution for asynchronous processing in the context of a Backend Developer position?
Information Systems Engineer,Leadership,Describe how you'd mentor junior engineers/designers on best practices for systems analysis (for a legacy system).
Interactive Media Specialist,Technical,How would you design a solution for performance optimization for media in the context of a Interactive Media Specialist position?
Information Systems Engineer,Experience,How have you measured success when working on ERP systems initiatives?
Information Systems Engineer,Problem Solving,Here's a problem: how would you approach optimizing IT governance for a large-scale Information Systems Engineer system?
Computer Scientist,Problem Solving,"Given a scenario with data structures failures, outline your debugging and mitigation steps for a Computer Scientist role."
Data Scientist,Technical,Walk me through the steps to implement machine learning model selection for a Data Scientist project.
UX/UI Designer,Leadership,Describe how you'd mentor junior engineers/designers on best practices for user research methods.
Computer Scientist,Behavioral,Have you ever had to persuade stakeholders about an approach to algorithms complexity? What happened?
Information Systems Engineer,Problem Solving,"Given a scenario with enterprise architecture failures, outline your debugging and mitigation steps for a Information Systems Engineer role."
Data Scientist,Leadership,How do you foster a culture of quality and security around A/B testing in your team?
AI Engineer,Leadership,Explain how you would handle conflict between team members over approaches to transformers.
Full Stack Developer,Problem Solving,Here's a problem: how would you approach optimizing performance optimization for a large-scale Full Stack Developer system?
Full Stack Developer,Technical,What are common pitfalls when working with frontend-backend integration and how do you avoid them?
Interactive Media Specialist,Behavioral,Describe how you manage competing priorities when working on game mechanics tasks.
Backend Developer,Leadership,Share your strategy to prioritize work and align stakeholders when implementing scalability.
Full Stack Developer,Experience,What experience do you have with deployment in past projects and what was the outcome?
Frontend Developer,Problem Solving,Design an algorithm or approach to solve web performance in a Frontend Developer setting. Explain complexity.
Cyber Security Engineer,Problem Solving,How would you break down a complex encryption and cryptography problem into smaller tasks for a Cyber Security Engineer team? (for a legacy system).
Computer Scientist,Behavioral,Share an example when you had to learn a new tool or technique for computational theory quickly.
UX/UI Designer,Behavioral,Share an example when you had to learn a new tool or technique for design systems quickly.
Cyber Security Engineer,Leadership,Share your strategy to prioritize work and align stakeholders when implementing encryption and cryptography.
Information Systems Engineer,Experience,What experience do you have with enterprise architecture in past projects and what was the outcome?
Full Stack Developer,Technical,Walk me through the steps to implement deployment for a Full Stack Developer project.
Information Systems Engineer,Problem Solving,Propose a solution to improve systems analysis when faced with limited resources in a Information Systems Engineer project.
AI Engineer,Technical,Explain the key concepts of prompt engineering and how you would apply them in a AI Engineer role.
Information Systems Engineer,Leadership,How would you lead a team building a enterprise architecture feature from concept to production in a Information Systems Engineer context? (with limited budget and time).
Frontend Developer,Behavioral,Describe a situation where you had to collaborate with others to solve a problem related to responsive design.
AI Engineer,Leadership,How do you foster a culture of quality and security around transformers in your team?
AI Engineer,Experience,What experience do you have with transformers in past projects and what was the outcome?
UX/UI Designer,Leadership,How do you foster a culture of quality and security around design systems in your team?
Frontend Developer,Problem Solving,Here's a problem: how would you approach optimizing web performance for a large-scale Frontend Developer system?
Network Engineer,Experience,What experience do you have with network monitoring in past projects and what was the outcome?
Computer Scientist,Behavioral,Have you ever had to persuade stakeholders about an approach to concurrency? What happened?
UX/UI Designer,Experience,Discuss a system you built that relied on wireframing and the biggest lessons learned.
Backend Developer,Technical,What are common pitfalls when working with caching strategies and how do you avoid them?
Backend Developer,Experience,Discuss a system you built that relied on microservices and the biggest lessons learned (with limited budget and time).
Information Systems Engineer,Experience,How have you measured success when working on enterprise architecture initiatives? (in a cloud-native environment).
UX/UI Designer,Problem Solving,Design an algorithm or approach to solve information architecture in a UX/UI Designer setting. Explain complexity.
Computer Scientist,Leadership,Describe how you'd mentor junior engineers/designers on best practices for data structures.
Data Scientist,Leadership,How would you lead a team building a deep learning architectures feature from concept to production in a Data Scientist context?
Cyber Security Engineer,Leadership,How do you foster a culture of quality and security around threat modeling in your team?
AI Engineer,Behavioral,Describe how you manage competing priorities when working on model deployment tasks.
AI Engineer,Experience,Which tools or frameworks have you used for prompt engineering and which did you prefer? Why? (considering performance at scale).
Network Engineer,Technical,Describe the trade-offs between different approaches to QoS for a Network Engineer (considering performance at scale).
Interactive Media Specialist,Leadership,Share your strategy to prioritize work and align stakeholders when implementing audio-visual synchronization.
Backend Developer,Problem Solving,How would you break down a complex caching strategies problem into smaller tasks for a Backend Developer team?
UX/UI Designer,Behavioral,Tell me about a time you faced a challenge involving design systems and how you handled it.
Full Stack Developer,Technical,What are common pitfalls when working with database schema design and how do you avoid them?
Cyber Security Engineer,Technical,Describe the trade-offs between different approaches to vulnerability assessment for a Cyber Security Engineer.
Network Engineer,Technical,Walk me through the steps to implement VPNs for a Network Engineer project.
Information Systems Engineer,Behavioral,Have you ever had to persuade stakeholders about an approach to IT governance? What happened?
Frontend Developer,Behavioral,Describe a situation where you had to collaborate with others to solve a problem related to responsive design.
AI Engineer,Technical,What are common pitfalls when working with transformers and how do you avoid them?
AI Engineer,Experience,What experience do you have with fine-tuning models in past projects and what was the outcome?
Frontend Developer,Experience,What experience do you have with CSS layout techniques in past projects and what was the outcome?
Interactive Media Specialist,Leadership,Share your strategy to prioritize work and align stakeholders when implementing multimedia authoring tools.
Interactive Media Specialist,Experience,What experience do you have with UX for interactive media in past projects and what was the outcome?
Information Systems Engineer,Technical,What are common pitfalls when working with business process modeling and how do you avoid them?
Data Scientist,Behavioral,Share an example when you had to learn a new tool or technique for feature engineering quickly.
Network Engineer,Problem Solving,Propose a solution to improve routing protocols when faced with limited resources in a Network Engineer project.
Cyber Security Engineer,Technical,How would you design a solution for secure coding practices in the context of a Cyber Security Engineer position?
UX/UI Designer,Technical,Explain the key concepts of usability testing and how you would apply them in a UX/UI Designer role (while ensuring accessibility).
Computer Scientist,Problem Solving,How would you break down a complex data structures problem into smaller tasks for a Computer Scientist team?
Cyber Security Engineer,Technical,What are common pitfalls when working with incident response and how do you avoid them?
Cyber Security Engineer,Leadership,Explain how you would handle conflict between team members over approaches to secure coding practices (in a cloud-native environment).
Frontend Developer,Technical,Explain the key concepts of react hooks and how you would apply them in a Frontend Developer role.
Full Stack Developer,Problem Solving,Propose a solution to improve performance optimization when faced with limited resources in a Full Stack Developer project.
Interactive Media Specialist,Leadership,Share your strategy to prioritize work and align stakeholders when implementing performance optimization for media.
UX/UI Designer,Behavioral,Describe how you manage competing priorities when working on design systems tasks.
Interactive Media Specialist,Technical,Explain the key concepts of game mechanics and how you would apply them in a Interactive Media Specialist role.
Computer Scientist,Behavioral,Tell me about a time you faced a challenge involving distributed systems and how you handled it (while ensuring accessibility).
Computer Scientist,Technical,Describe the trade-offs between different approaches to compiler design for a Computer Scientist.
Information Systems Engineer,Experience,What experience do you have with enterprise architecture in past projects and what was the outcome?
Cyber Security Engineer,Leadership,How would you lead a team building a incident response feature from concept to production in a Cyber Security Engineer context?
Data Scientist,Problem Solving,Propose a solution to improve model evaluation metrics when faced with limited resources in a Data Scientist project.
Full Stack Developer,Problem Solving,Here's a problem: how would you approach optimizing frontend-backend integration for a large-scale Full Stack Developer system?
UX/UI Designer,Problem Solving,How would you break down a complex user research methods problem into smaller tasks for a UX/UI Designer team?
Full Stack Developer,Problem Solving,"Given a scenario with state management failures, outline your debugging and mitigation steps for a Full Stack Developer role (considering performance at scale)."
UX/UI Designer,Leadership,How do you foster a culture of quality and security around information architecture in your team?
Information Systems Engineer,Experience,How have you measured success when working on requirements gathering initiatives? (in a cloud-native environment).
Network Engineer,Problem Solving,Here's a problem: how would you approach optimizing VPNs for a large-scale Network Engineer system?
Frontend Developer,Technical,Walk me through the steps to implement CSS layout techniques for a Frontend Developer project.
UX/UI Designer,Technical,How would you design a solution for wireframing in the context of a UX/UI Designer position?
Interactive Media Specialist,Technical,Walk me through the steps to implement game mechanics for a Interactive Media Specialist project (in a cloud-native environment).
Interactive Media Specialist,Leadership,How would you lead a team building a performance optimization for media feature from concept to production in a Interactive Media Specialist context? (while ensuring accessibility).
Cyber Security Engineer,Experience,How have you measured success when working on IAM (Identity and Access Management) initiatives?
Computer Scientist,Experience,Discuss a system you built that relied on algorithms complexity and the biggest lessons learned (with limited budget and time).
AI Engineer,Experience,Describe a project where you used prompt engineering and the role you played in it.
Computer Scientist,Experience,Discuss a system you built that relied on distributed systems and the biggest lessons learned.
Cyber Security Engineer,Behavioral,Describe how you manage competing priorities when working on secure coding practices tasks.
UX/UI Designer,Behavioral,Tell me about a time you faced a challenge involving user research methods and how you handled it.
UX/UI Designer,Leadership,How would you lead a team building a wireframing feature from concept to production in a UX/UI Designer context?
Frontend Developer,Experience,Which tools or frameworks have you used for web performance and which did you prefer? Why?
Information Systems Engineer,Behavioral,Describe a situation where you had to collaborate with others to solve a problem related to ERP systems (while ensuring accessibility).
Cyber Security Engineer,Technical,Describe the trade-offs between different approaches to vulnerability assessment for a Cyber Security Engineer (for a legacy system).
Cyber Security Engineer,Behavioral,Describe how you manage competing priorities when working on IAM (Identity and Access Management) tasks.
Network Engineer,Technical,How would you design a solution for subnetting and CIDR in the context of a Network Engineer position?
Information Systems Engineer,Technical,Describe the trade-offs between different approaches to requirements gathering for a Information Systems Engineer (while ensuring accessibility).
UX/UI Designer,Experience,Which tools or frameworks have you used for design systems and which did you prefer? Why?
Backend Developer,Technical,Describe the trade-offs between different approaches to security best practices for a Backend Developer.
UX/UI Designer,Behavioral,Have you ever had to persuade stakeholders about an approach to prototyping tools? What happened?
AI Engineer,Leadership,Explain how you would handle conflict between team members over approaches to transformers.
Interactive Media Specialist,Leadership,How do you foster a culture of quality and security around multimedia authoring tools in your team?
Full Stack Developer,Experience,Describe a project where you used authentication and the role you played in it (for a legacy system).
Backend Developer,Behavioral,Describe how you manage competing priorities when working on caching strategies tasks.
Frontend Developer,Leadership,How do you foster a culture of quality and security around react hooks in your team? (in a cloud-native environment).
AI Engineer,Behavioral,Tell me about a time you faced a challenge involving transformers and how you handled it.
Information Systems Engineer,Problem Solving,Here's a problem: how would you approach optimizing business process modeling for a large-scale Information Systems Engineer system?
Cyber Security Engineer,Experience,Describe a project where you used IAM (Identity and Access Management) and the role you played in it.
Frontend Developer,Experience,What experience do you have with JavaScript event handling in past projects and what was the outcome?
UX/UI Designer,Experience,Which tools or frameworks have you used for user research methods and which did you prefer? Why?
Backend Developer,Leadership,How would you lead a team building a security best practices feature from concept to production in a Backend Developer context?
Interactive Media Specialist,Behavioral,Describe how you manage competing priorities when working on interactive storytelling tasks.
UX/UI Designer,Leadership,Share your strategy to prioritize work and align stakeholders when implementing accessibility design (in a cloud-native environment).
Data Scientist,Problem Solving,How would you break down a complex data preprocessing problem into smaller tasks for a Data Scientist team?
AI Engineer,Experience,Which tools or frameworks have you used for model interpretability and which did you prefer? Why?
Data Scientist,Leadership,Explain how you would handle conflict between team members over approaches to machine learning model selection (considering performance at scale).
Computer Scientist,Problem Solving,Here's a problem: how would you approach optimizing operating systems for a large-scale Computer Scientist system?
Cyber Security Engineer,Experience,What experience do you have with secure coding practices in past projects and what was the outcome?
Data Scientist,Behavioral,Describe how you manage competing priorities when working on data preprocessing tasks.
Backend Developer,Behavioral,Have you ever had to persuade stakeholders about an approach to API versioning? What happened? (considering performance at scale).
Computer Scientist,Experience,Which tools or frameworks have you used for distributed systems and which did you prefer? Why?
Interactive Media Specialist,Experience,How have you measured success when working on performance optimization for media initiatives?
Backend Developer,Problem Solving,Here's a problem: how would you approach optimizing API versioning for a large-scale Backend Developer system?
Interactive Media Specialist,Problem Solving,How would you break down a complex multimedia authoring tools problem into smaller tasks for a Interactive Media Specialist team?
Interactive Media Specialist,Leadership,Describe how you'd mentor junior engineers/designers on best practices for interactive storytelling (while ensuring accessibility).
Information Systems Engineer,Problem Solving,Here's a problem: how would you approach optimizing requirements gathering for a large-scale Information Systems Engineer system? (considering performance at scale).
Network Engineer,Problem Solving,Here's a problem: how would you approach optimizing VPNs for a large-scale Network Engineer system? (for a legacy system).
Full Stack Developer,Leadership,How do you foster a culture of quality and security around database schema design in your team?
Network Engineer,Technical,Walk me through the steps to implement switching concepts for a Network Engineer project.
Frontend Developer,Problem Solving,Design an algorithm or approach to solve web performance in a Frontend Developer setting. Explain complexity.
Data Scientist,Leadership,Explain how you would handle conflict between team members over approaches to model evaluation metrics (for a legacy system).
Interactive Media Specialist,Technical,Describe the trade-offs between different approaches to AR/VR basics for a Interactive Media Specialist (for a legacy system).
Interactive Media Specialist,Technical,Walk me through the steps to implement performance optimization for media for a Interactive Media Specialist project (while ensuring accessibility).
Computer Scientist,Experience,Discuss a system you built that relied on algorithms complexity and the biggest lessons learned (considering performance at scale).
Backend Developer,Technical,How would you design a solution for database transactions in the context of a Backend Developer position?
Information Systems Engineer,Experience,What experience do you have with systems analysis in past projects and what was the outcome?
Information Systems Engineer,Problem Solving,Propose a solution to improve systems analysis when faced with limited resources in a Information Systems Engineer project (in a cloud-native environment).
Data Scientist,Behavioral,Describe how you manage competing priorities when working on data preprocessing tasks.
Interactive Media Specialist,Technical,Walk me through the steps to implement game mechanics for a Interactive Media Specialist project.
Computer Scientist,Behavioral,Describe how you manage competing priorities when working on distributed systems tasks.
Frontend Developer,Leadership,How do you foster a culture of quality and security around react hooks in your team? (considering performance at scale).
Computer Scientist,Problem Solving,Design an algorithm or approach to solve distributed systems in a Computer Scientist setting. Explain complexity.
Full Stack Developer,Behavioral,Describe a situation where you had to collaborate with others to solve a problem related to deployment (in a cloud-native environment).
Computer Scientist,Behavioral,Tell me about a time you faced a challenge involving data structures and how you handled it (considering performance at scale).
AI Engineer,Leadership,Describe how you'd mentor junior engineers/designers on best practices for continuously learning systems.
Information Systems Engineer,Technical,Walk me through the steps to implement systems analysis for a Information Systems Engineer project.
Data Scientist,Problem Solving,"Given a scenario with model evaluation metrics failures, outline your debugging and mitigation steps for a Data Scientist role."
Computer Scientist,Leadership,Explain how you would handle conflict between team members over approaches to algorithms complexity.
Interactive Media Specialist,Behavioral,Have you ever had to persuade stakeholders about an approach to performance optimization for media? What happened? (while ensuring accessibility).
Information Systems Engineer,Behavioral,Share an example when you had to learn a new tool or technique for business process modeling quickly (while ensuring accessibility).
Computer Scientist,Problem Solving,How would you break down a complex algorithms complexity problem into smaller tasks for a Computer Scientist team?
UX/UI Designer,Problem Solving,Propose a solution to improve accessibility design when faced with limited resources in a UX/UI Designer project (with limited budget and time).
Interactive Media Specialist,Behavioral,Share an example when you had to learn a new tool or technique for performance optimization for media quickly.
Interactive Media Specialist,Leadership,How do you foster a culture of quality and security around game mechanics in your team?
Frontend Developer,Behavioral,Share an example when you had to learn a new tool or technique for responsive design quickly (considering performance at scale).
Cyber Security Engineer,Technical,Walk me through the steps to implement network security for a Cyber Security Engineer project.
Network Engineer,Technical,How would you design a solution for network monitoring in the context of a Network Engineer position?
AI Engineer,Technical,Walk me through the steps to implement model deployment for a AI Engineer project (with limited budget and time).
Frontend Developer,Behavioral,Share an example when you had to learn a new tool or technique for accessibility (a11y) quickly.
Information Systems Engineer,Experience,Discuss a system you built that relied on database management and the biggest lessons learned.
AI Engineer,Problem Solving,Propose a solution to improve transformers when faced with limited resources in a AI Engineer project (while ensuring accessibility).
Full Stack Developer,Technical,How would you design a solution for database schema design in the context of a Full Stack Developer position?
Frontend Developer,Leadership,How do you foster a culture of quality and security around JavaScript event handling in your team?
Data Scientist,Experience,Which tools or frameworks have you used for model evaluation metrics and which did you prefer? Why?
Interactive Media Specialist,Leadership,How would you lead a team building a UX for interactive media feature from concept to production in a Interactive Media Specialist context? (while ensuring accessibility).
Full Stack Developer,Behavioral,Have you ever had to persuade stakeholders about an approach to authentication? What happened?
Interactive Media Specialist,Technical,How would you design a solution for interactive storytelling in the context of a Interactive Media Specialist position?
AI Engineer,Behavioral,Have you ever had to persuade stakeholders about an approach to continuously learning systems? What happened?
Information Systems Engineer,Technical,Describe the trade-offs between different approaches to IT governance for a Information Systems Engineer (in a cloud-native environment).
Data Scientist,Leadership,Describe how you'd mentor junior engineers/designers on best practices for deep learning architectures (for a legacy system).
Full Stack Developer,Problem Solving,Propose a solution to improve performance optimization when faced with limited resources in a Full Stack Developer project (with limited budget and time).
Network Engineer,Technical,What are common pitfalls when working with QoS and how do you avoid them? (for a legacy system).
AI Engineer,Leadership,How do you foster a culture of quality and security around fine-tuning models in your team?
Cyber Security Engineer,Problem Solving,Design an algorithm or approach to solve secure coding practices in a Cyber Security Engineer setting. Explain complexity.
Information Systems Engineer,Technical,Explain the key concepts of ERP systems and how you would apply them in a Information Systems Engineer role.
Backend Developer,Problem Solving,Here's a problem: how would you approach optimizing microservices for a large-scale Backend Developer system?
Data Scientist,Problem Solving,"Given a scenario with machine learning model selection failures, outline your debugging and mitigation steps for a Data Scientist role."
Cyber Security Engineer,Behavioral,Describe a situation where you had to collaborate with others to solve a problem related to IAM (Identity and Access Management).
Information Systems Engineer,Technical,How would you design a solution for systems analysis in the context of a Information Systems Engineer position?
UX/UI Designer,Behavioral,Share an example when you had to learn a new tool or technique for wireframing quickly.
UX/UI Designer,Leadership,How do you foster a culture of quality and security around accessibility design in your team? (while ensuring accessibility).
Interactive Media Specialist,Leadership,How do you foster a culture of quality and security around UX for interactive media in your team?
UX/UI Designer,Problem Solving,Design an algorithm or approach to solve design systems in a UX/UI Designer setting. Explain complexity.
Computer Scientist,Problem Solving,Here's a problem: how would you approach optimizing concurrency for a large-scale Computer Scientist system? (considering performance at scale).
Computer Scientist,Leadership,Explain how you would handle conflict between team members over approaches to compiler design.
Full Stack Developer,Leadership,Explain how you would handle conflict between team members over approaches to deployment.
Information Systems Engineer,Leadership,How do you foster a culture of quality and security around requirements gathering in your team?
UX/UI Designer,Leadership,How would you lead a team building a prototyping tools feature from concept to production in a UX/UI Designer context? (in a cloud-native environment).
Frontend Developer,Problem Solving,Design an algorithm or approach to solve CSS layout techniques in a Frontend Developer setting. Explain complexity.
Network Engineer,Experience,How have you measured success when working on QoS initiatives? (in a cloud-native environment).
Interactive Media Specialist,Experience,Which tools or frameworks have you used for interactive storytelling and which did you prefer? Why?
Data Scientist,Experience,How have you measured success when working on deep learning architectures initiatives?
Backend Developer,Technical,Walk me through the steps to implement scalability for a Backend Developer project (for a legacy system).
AI Engineer,Leadership,Explain how you would handle conflict between team members over approaches to prompt engineering.
UX/UI Designer,Technical,Describe the trade-offs between different approaches to usability testing for a UX/UI Designer.
Interactive Media Specialist,Experience,Discuss a system you built that relied on interactive storytelling and the biggest lessons learned.
Computer Scientist,Problem Solving,Design an algorithm or approach to solve operating systems in a Computer Scientist setting. Explain complexity.
Frontend Developer,Experience,What experience do you have with accessibility (a11y) in past projects and what was the outcome? (considering performance at scale).
AI Engineer,Problem Solving,How would you break down a complex fine-tuning models problem into smaller tasks for a AI Engineer team?
Network Engineer,Experience,Discuss a system you built that relied on VPNs and the biggest lessons learned.
UX/UI Designer,Behavioral,Describe how you manage competing priorities when working on wireframing tasks.
UX/UI Designer,Problem Solving,How would you break down a complex information architecture problem into smaller tasks for a UX/UI Designer team?
Interactive Media Specialist,Technical,How would you design a solution for UX for interactive media in the context of a Interactive Media Specialist position? (for a legacy system).
Interactive Media Specialist,Leadership,Share your strategy to prioritize work and align stakeholders when implementing UX for interactive media.
Data Scientist,Problem Solving,Here's a problem: how would you approach optimizing model evaluation metrics for a large-scale Data Scientist system?
Network Engineer,Experience,What experience do you have with network troubleshooting in past projects and what was the outcome?
Cyber Security Engineer,Leadership,Describe how you'd mentor junior engineers/designers on best practices for vulnerability assessment.
Frontend Developer,Technical,What are common pitfalls when working with cross-browser compatibility and how do you avoid them?
Frontend Developer,Behavioral,Describe how you manage competing priorities when working on react hooks tasks.
AI Engineer,Problem Solving,Design an algorithm or approach to solve model interpretability in a AI Engineer setting. Explain complexity.
UX/UI Designer,Experience,Which tools or frameworks have you used for accessibility design and which did you prefer? Why?
Information Systems Engineer,Technical,Walk me through the steps to implement business process modeling for a Information Systems Engineer project.
Frontend Developer,Behavioral,Tell me about a time you faced a challenge involving JavaScript event handling and how you handled it.
Cyber Security Engineer,Technical,How would you design a solution for threat modeling in the context of a Cyber Security Engineer position?
Interactive Media Specialist,Behavioral,Share an example when you had to learn a new tool or technique for multimedia authoring tools quickly (considering performance at scale).
AI Engineer,Experience,Describe a project where you used model interpretability and the role you played in it.
AI Engineer,Problem Solving,How would you break down a complex transformers problem into smaller tasks for a AI Engineer team?
Full Stack Developer,Problem Solving,Design an algorithm or approach to solve RESTful API design in a Full Stack Developer setting. Explain complexity.
Frontend Developer,Technical,How would you design a solution for JavaScript event handling in the context of a Frontend Developer position?
Information Systems Engineer,Experience,Which tools or frameworks have you used for systems analysis and which did you prefer? Why?
Network Engineer,Technical,Walk me through the steps to implement QoS for a Network Engineer project (considering performance at scale).
Frontend Developer,Problem Solving,Propose a solution to improve react hooks when faced with limited resources in a Frontend Developer project (with limited budget and time).
AI Engineer,Experience,How have you measured success when working on fine-tuning models initiatives?
Backend Developer,Behavioral,Tell me about a time you faced a challenge involving API versioning and how you handled it.
Full Stack Developer,Experience,Describe a project where you used state management and the role you played in it.
Information Systems Engineer,Problem Solving,How would you break down a complex enterprise architecture problem into smaller tasks for a Information Systems Engineer team? (with limited budget and time).
Frontend Developer,Technical,How would you design a solution for JavaScript event handling in the context of a Frontend Developer position?
UX/UI Designer,Problem Solving,"Given a scenario with user research methods failures, outline your debugging and mitigation steps for a UX/UI Designer role."
Frontend Developer,Experience,How have you measured success when working on accessibility (a11y) initiatives?
Cyber Security Engineer,Experience,How have you measured success when working on encryption and cryptography initiatives? (considering performance at scale).
Computer Scientist,Behavioral,Describe how you manage competing priorities when working on distributed systems tasks.
Network Engineer,Behavioral,Share an example when you had to learn a new tool or technique for network troubleshooting quickly (in a cloud-native environment).
Computer Scientist,Experience,How have you measured success when working on computational theory initiatives?
Data Scientist,Experience,Which tools or frameworks have you used for model evaluation metrics and which did you prefer? Why?
Computer Scientist,Technical,Walk me through the steps to implement operating systems for a Computer Scientist project.
AI Engineer,Behavioral,Tell me about a time you faced a challenge involving prompt engineering and how you handled it.
Information Systems Engineer,Leadership,Share your strategy to prioritize work and align stakeholders when implementing ERP systems.
AI Engineer,Leadership,Share your strategy to prioritize work and align stakeholders when implementing model deployment.
UX/UI Designer,Behavioral,Share an example when you had to learn a new tool or technique for design systems quickly.
Computer Scientist,Behavioral,Tell me about a time you faced a challenge involving distributed systems and how you handled it.
Backend Developer,Technical,Describe the trade-offs between different approaches to API versioning for a Backend Developer.
Data Scientist,Experience,Discuss a system you built that relied on time series forecasting and the biggest lessons learned.
AI Engineer,Experience,Which tools or frameworks have you used for continuously learning systems and which did you prefer? Why? (for a legacy system).
AI Engineer,Problem Solving,Design an algorithm or approach to solve prompt engineering in a AI Engineer setting. Explain complexity (in a cloud-native environment).
Data Scientist,Experience,How have you measured success when working on feature engineering initiatives? (for a legacy system).
Cyber Security Engineer,Behavioral,Have you ever had to persuade stakeholders about an approach to vulnerability assessment? What happened? (for a legacy system).
Information Systems Engineer,Experience,How have you measured success when working on systems analysis initiatives?
Interactive Media Specialist,Behavioral,Describe a situation where you had to collaborate with others to solve a problem related to AR/VR basics (considering performance at scale).
Frontend Developer,Leadership,Share your strategy to prioritize work and align stakeholders when implementing cross-browser compatibility.
Computer Scientist,Experience,Describe a project where you used algorithms complexity and the role you played in it.
Full Stack Developer,Experience,Describe a project where you used state management and the role you played in it.
Computer Scientist,Leadership,How would you lead a team building a distributed systems feature from concept to production in a Computer Scientist context?
AI Engineer,Technical,How would you design a solution for fine-tuning models in the context of a AI Engineer position?
Cyber Security Engineer,Experience,Describe a project where you used secure coding practices and the role you played in it.
Full Stack Developer,Leadership,Explain how you would handle conflict between team members over approaches to authentication.
Backend Developer,Leadership,How do you foster a culture of quality and security around security best practices in your team?
Full Stack Developer,Behavioral,Tell me about a time you faced a challenge involving database schema design and how you handled it.
Interactive Media Specialist,Behavioral,Share an example when you had to learn a new tool or technique for UX for interactive media quickly.
AI Engineer,Experience,How have you measured success when working on MLOps initiatives? (for a legacy system).
Full Stack Developer,Experience,How have you measured success when working on database schema design initiatives?
Computer Scientist,Problem Solving,Propose a solution to improve distributed systems when faced with limited resources in a Computer Scientist project.
Frontend Developer,Leadership,Explain how you would handle conflict between team members over approaches to JavaScript event handling.
AI Engineer,Experience,What experience do you have with fine-tuning models in past projects and what was the outcome? (considering performance at scale).
Computer Scientist,Leadership,How would you lead a team building a operating systems feature from concept to production in a Computer Scientist context? (while ensuring accessibility).
Frontend Developer,Experience,Describe a project where you used JavaScript event handling and the role you played in it.
Information Systems Engineer,Experience,How have you measured success when working on enterprise architecture initiatives?
Computer Scientist,Leadership,How would you lead a team building a distributed systems feature from concept to production in a Computer Scientist context?
Cyber Security Engineer,Problem Solving,Here's a problem: how would you approach optimizing vulnerability assessment for a large-scale Cyber Security Engineer system?
Frontend Developer,Leadership,Explain how you would handle conflict between team members over approaches to CSS layout techniques.
UX/UI Designer,Problem Solving,How would you break down a complex prototyping tools problem into smaller tasks for a UX/UI Designer team?
AI Engineer,Problem Solving,Design an algorithm or approach to solve model interpretability in a AI Engineer setting. Explain complexity.
Interactive Media Specialist,Behavioral,Tell me about a time you faced a challenge involving multimedia authoring tools and how you handled it (in a cloud-native environment).
Backend Developer,Experience,Describe a project where you used caching strategies and the role you played in it.
Network Engineer,Experience,What experience do you have with switching concepts in past projects and what was the outcome? (with limited budget and time).
UX/UI Designer,Technical,Walk me through the steps to implement design systems for a UX/UI Designer project (with limited budget and time).
Network Engineer,Problem Solving,How would you break down a complex subnetting and CIDR problem into smaller tasks for a Network Engineer team?
Full Stack Developer,Behavioral,Describe a situation where you had to collaborate with others to solve a problem related to database schema design.
Interactive Media Specialist,Problem Solving,How would you break down a complex game mechanics problem into smaller tasks for a Interactive Media Specialist team?
UX/UI Designer,Behavioral,Describe a situation where you had to collaborate with others to solve a problem related to usability testing.
Information Systems Engineer,Experience,Discuss a system you built that relied on database management and the biggest lessons learned.
AI Engineer,Problem Solving,How would you break down a complex transformers problem into smaller tasks for a AI Engineer team?
Computer Scientist,Experience,Which tools or frameworks have you used for distributed systems and which did you prefer? Why? (for a legacy system).
Full Stack Developer,Behavioral,Describe how you manage competing priorities when working on authentication tasks.
Computer Scientist,Technical,What are common pitfalls when working with algorithms complexity and how do you avoid them?
Computer Scientist,Problem Solving,How would you break down a complex compiler design problem into smaller tasks for a Computer Scientist team? (in a cloud-native environment).
Data Scientist,Problem Solving,How would you break down a complex model evaluation metrics problem into smaller tasks for a Data Scientist team?
Data Scientist,Experience,Which tools or frameworks have you used for time series forecasting and which did you prefer? Why?
Network Engineer,Problem Solving,Design an algorithm or approach to solve VPNs in a Network Engineer setting. Explain complexity (for a legacy system).
Computer Scientist,Leadership,How would you lead a team building a computational theory feature from concept to production in a Computer Scientist context?
Computer Scientist,Experience,What experience do you have with compiler design in past projects and what was the outcome? (considering performance at scale).
Full Stack Developer,Technical,Describe the trade-offs between different approaches to RESTful API design for a Full Stack Developer (for a legacy system).
AI Engineer,Behavioral,Have you ever had to persuade stakeholders about an approach to model interpretability? What happened?
Frontend Developer,Experience,What experience do you have with accessibility (a11y) in past projects and what was the outcome?
Frontend Developer,Experience,How have you measured success when working on react hooks initiatives?
Full Stack Developer,Problem Solving,How would you break down a complex state management problem into smaller tasks for a Full Stack Developer team?
Data Scientist,Experience,Describe a project where you used machine learning model selection and the role you played in it.
UX/UI Designer,Technical,How would you design a solution for wireframing in the context of a UX/UI Designer position? (considering performance at scale).
AI Engineer,Problem Solving,Here's a problem: how would you approach optimizing MLOps for a large-scale AI Engineer system? (for a legacy system).
Frontend Developer,Behavioral,Describe how you manage competing priorities when working on CSS layout techniques tasks.
Frontend Developer,Problem Solving,Design an algorithm or approach to solve accessibility (a11y) in a Frontend Developer setting. Explain complexity.
UX/UI Designer,Behavioral,Tell me about a time you faced a challenge involving wireframing and how you handled it (while ensuring accessibility).
Frontend Developer,Technical,Explain the key concepts of JavaScript event handling and how you would apply them in a Frontend Developer role.
Network Engineer,Experience,What experience do you have with subnetting and CIDR in past projects and what was the outcome? (in a cloud-native environment).
Computer Scientist,Problem Solving,Here's a problem: how would you approach optimizing computational theory for a large-scale Computer Scientist system?
Frontend Developer,Leadership,Explain how you would handle conflict between team members over approaches to CSS layout techniques.
Backend Developer,Behavioral,Describe a situation where you had to collaborate with others to solve a problem related to database transactions (with limited budget and time).
Information Systems Engineer,Leadership,Share your strategy to prioritize work and align stakeholders when implementing business process modeling.
Interactive Media Specialist,Experience,Which tools or frameworks have you used for audio-visual synchronization and which did you prefer? Why?
AI Engineer,Problem Solving,Here's a problem: how would you approach optimizing transformers for a large-scale AI Engineer system? (considering performance at scale).
Network Engineer,Leadership,Explain how you would handle conflict between team members over approaches to network monitoring.
Frontend Developer,Problem Solving,Design an algorithm or approach to solve JavaScript event handling in a Frontend Developer setting. Explain complexity.
Frontend Developer,Leadership,How do you foster a culture of quality and security around responsive design in your team?
Network Engineer,Technical,Explain the key concepts of network troubleshooting and how you would apply them in a Network Engineer role.
Frontend Developer,Technical,What are common pitfalls when working with cross-browser compatibility and how do you avoid them?
Backend Developer,Experience,Which tools or frameworks have you used for API versioning and which did you prefer? Why? (considering performance at scale).
Computer Scientist,Leadership,Share your strategy to prioritize work and align stakeholders when implementing computational theory.
Frontend Developer,Technical,Describe the trade-offs between different approaches to CSS layout techniques for a Frontend Developer.
UX/UI Designer,Problem Solving,Here's a problem: how would you approach optimizing information architecture for a large-scale UX/UI Designer system? (for a legacy system).
Frontend Developer,Leadership,Describe how you'd mentor junior engineers/designers on best practices for web performance.
Data Scientist,Behavioral,Tell me about a time you faced a challenge involving machine learning model selection and how you handled it (for a legacy system).
Information Systems Engineer,Experience,What experience do you have with business process modeling in past projects and what was the outcome?
Frontend Developer,Experience,How have you measured success when working on cross-browser compatibility initiatives? (with limited budget and time).
Cyber Security Engineer,Leadership,How would you lead a team building a threat modeling feature from concept to production in a Cyber Security Engineer context?
Computer Scientist,Leadership,Explain how you would handle conflict between team members over approaches to compiler design (in a cloud-native environment).
Frontend Developer,Problem Solving,Here's a problem: how would you approach optimizing react hooks for a large-scale Frontend Developer system?
Frontend Developer,Experience,How have you measured success when working on JavaScript event handling initiatives?
Interactive Media Specialist,Behavioral,Tell me about a time you faced a challenge involving AR/VR basics and how you handled it (considering performance at scale).
Cyber Security Engineer,Leadership,How would you lead a team building a incident response feature from concept to production in a Cyber Security Engineer context?
Full Stack Developer,Leadership,How do you foster a culture of quality and security around performance optimization in your team?
Full Stack Developer,Leadership,Explain how you would handle conflict between team members over approaches to state management.
Full Stack Developer,Experience,How have you measured success when working on database schema design initiatives?
Full Stack Developer,Technical,Explain the key concepts of frontend-backend integration and how you would apply them in a Full Stack Developer role.
Backend Developer,Behavioral,Describe how you manage competing priorities when working on scalability tasks.
Computer Scientist,Problem Solving,Propose a solution to improve computational theory when faced with limited resources in a Computer Scientist project (with limited budget and time).
Full Stack Developer,Experience,How have you measured success when working on database schema design initiatives? (with limited budget and time).
UX/UI Designer,Behavioral,Share an example when you had to learn a new tool or technique for design systems quickly.
Network Engineer,Experience,Which tools or frameworks have you used for switching concepts and which did you prefer? Why?
Cyber Security Engineer,Problem Solving,Propose a solution to improve network security when faced with limited resources in a Cyber Security Engineer project (while ensuring accessibility).
Cyber Security Engineer,Leadership,How would you lead a team building a network security feature from concept to production in a Cyber Security Engineer context?
Backend Developer,Leadership,Describe how you'd mentor junior engineers/designers on best practices for database transactions (for a legacy system).
Interactive Media Specialist,Behavioral,Describe how you manage competing priorities when working on audio-visual synchronization tasks (with limited budget and time).
Network Engineer,Technical,Describe the trade-offs between different approaches to VPNs for a Network Engineer.
Full Stack Developer,Technical,Walk me through the steps to implement frontend-backend integration for a Full Stack Developer project (in a cloud-native environment).
Computer Scientist,Problem Solving,Here's a problem: how would you approach optimizing algorithms complexity for a large-scale Computer Scientist system?
Backend Developer,Leadership,Share your strategy to prioritize work and align stakeholders when implementing API versioning (in a cloud-native environment).
Data Scientist,Technical,Explain the key concepts of time series forecasting and how you would apply them in a Data Scientist role.
Frontend Developer,Experience,Describe a project where you used CSS layout techniques and the role you played in it.
Interactive Media Specialist,Technical,How would you design a solution for UX for interactive media in the context of a Interactive Media Specialist position? (for a legacy system).
Computer Scientist,Technical,Describe the trade-offs between different approaches to data structures for a Computer Scientist.
Backend Developer,Problem Solving,"Given a scenario with security best practices failures, outline your debugging and mitigation steps for a Backend Developer role."
Information Systems Engineer,Technical,How would you design a solution for business process modeling in the context of a Information Systems Engineer position? (in a cloud-native environment).
Backend Developer,Behavioral,Tell me about a time you faced a challenge involving asynchronous processing and how you handled it.
Backend Developer,Behavioral,Describe how you manage competing priorities when working on API versioning tasks.
Information Systems Engineer,Experience,How have you measured success when working on database management initiatives?
UX/UI Designer,Technical,What are common pitfalls when working with user research methods and how do you avoid them?
Interactive Media Specialist,Technical,What are common pitfalls when working with audio-visual synchronization and how do you avoid them? (for a legacy system).
Network Engineer,Problem Solving,Propose a solution to improve subnetting and CIDR when faced with limited resources in a Network Engineer project.
Network Engineer,Leadership,Explain how you would handle conflict between team members over approaches to routing protocols (in a cloud-native environment).
Cyber Security Engineer,Leadership,Describe how you'd mentor junior engineers/designers on best practices for vulnerability assessment.
Information Systems Engineer,Technical,How would you design a solution for requirements gathering in the context of a Information Systems Engineer position?
AI Engineer,Behavioral,Tell me about a time you faced a challenge involving model interpretability and how you handled it.
Frontend Developer,Problem Solving,Propose a solution to improve react hooks when faced with limited resources in a Frontend Developer project (while ensuring accessibility).
Frontend Developer,Leadership,Describe how you'd mentor junior engineers/designers on best practices for accessibility (a11y).
Frontend Developer,Experience,Discuss a system you built that relied on react hooks and the biggest lessons learned.
Interactive Media Specialist,Experience,Discuss a system you built that relied on UX for interactive media and the biggest lessons learned.
AI Engineer,Leadership,How would you lead a team building a fine-tuning models feature from concept to production in a AI Engineer context?
Interactive Media Specialist,Behavioral,Describe a situation where you had to collaborate with others to solve a problem related to multimedia authoring tools.
Interactive Media Specialist,Problem Solving,Propose a solution to improve UX for interactive media when faced with limited resources in a Interactive Media Specialist project.
AI Engineer,Behavioral,Have you ever had to persuade stakeholders about an approach to model deployment? What happened? (in a cloud-native environment).
Interactive Media Specialist,Behavioral,Have you ever had to persuade stakeholders about an approach to interactive storytelling? What happened?
Interactive Media Specialist,Leadership,Share your strategy to prioritize work and align stakeholders when implementing performance optimization for media.
AI Engineer,Experience,Discuss a system you built that relied on model deployment and the biggest lessons learned (while ensuring accessibility).
Data Scientist,Leadership,Explain how you would handle conflict between team members over approaches to time series forecasting.
Data Scientist,Problem Solving,How would you break down a complex machine learning model selection problem into smaller tasks for a Data Scientist team?
Cyber Security Engineer,Technical,How would you design a solution for secure coding practices in the context of a Cyber Security Engineer position? (with limited budget and time).
Backend Developer,Behavioral,Have you ever had to persuade stakeholders about an approach to scalability? What happened?
Computer Scientist,Technical,Walk me through the steps to implement compiler design for a Computer Scientist project.
UX/UI Designer,Problem Solving,"Given a scenario with information architecture failures, outline your debugging and mitigation steps for a UX/UI Designer role."
Interactive Media Specialist,Leadership,Describe how you'd mentor junior engineers/designers on best practices for game mechanics (for a legacy system).
Network Engineer,Problem Solving,"Given a scenario with network monitoring failures, outline your debugging and mitigation steps for a Network Engineer role."
AI Engineer,Behavioral,Describe how you manage competing priorities when working on model interpretability tasks.
Interactive Media Specialist,Technical,How would you design a solution for audio-visual synchronization in the context of a Interactive Media Specialist position? (for a legacy system).
Network Engineer,Behavioral,Tell me about a time you faced a challenge involving network monitoring and how you handled it.
Data Scientist,Experience,Which tools or frameworks have you used for time series forecasting and which did you prefer? Why? (with limited budget and time).
Interactive Media Specialist,Leadership,Describe how you'd mentor junior engineers/designers on best practices for game mechanics.
UX/UI Designer,Experience,Which tools or frameworks have you used for usability testing and which did you prefer? Why?
Computer Scientist,Experience,Which tools or frameworks have you used for operating systems and which did you prefer? Why?
Computer Scientist,Problem Solving,Here's a problem: how would you approach optimizing computational theory for a large-scale Computer Scientist system? (for a legacy system).
UX/UI Designer,Experience,How have you measured success when working on prototyping tools initiatives?
Backend Developer,Problem Solving,Design an algorithm or approach to solve caching strategies in a Backend Developer setting. Explain complexity.
Full Stack Developer,Experience,Discuss a system you built that relied on state management and the biggest lessons learned.
Cyber Security Engineer,Leadership,Share your strategy to prioritize work and align stakeholders when implementing network security.
Interactive Media Specialist,Leadership,Explain how you would handle conflict between team members over approaches to UX for interactive media (while ensuring accessibility).
Cyber Security Engineer,Behavioral,Describe a situation where you had to collaborate with others to solve a problem related to network security.
Interactive Media Specialist,Experience,Describe a project where you used performance optimization for media and the role you played in it.
Network Engineer,Problem Solving,Here's a problem: how would you approach optimizing network monitoring for a large-scale Network Engineer system? (for a legacy system).
Backend Developer,Technical,What are common pitfalls when working with security best practices and how do you avoid them?
Backend Developer,Problem Solving,Here's a problem: how would you approach optimizing asynchronous processing for a large-scale Backend Developer system?
Network Engineer,Leadership,Explain how you would handle conflict between team members over approaches to switching concepts (while ensuring accessibility).
Full Stack Developer,Problem Solving,How would you break down a complex database schema design problem into smaller tasks for a Full Stack Developer team? (while ensuring accessibility).
Cyber Security Engineer,Behavioral,Tell me about a time you faced a challenge involving threat modeling and how you handled it.
Interactive Media Specialist,Behavioral,Have you ever had to persuade stakeholders about an approach to performance optimization for media? What happened? (for a legacy system).
Cyber Security Engineer,Behavioral,Describe how you manage competing priorities when working on threat modeling tasks.
Cyber Security Engineer,Leadership,Explain how you would handle conflict between team members over approaches to incident response.
Computer Scientist,Problem Solving,"Given a scenario with concurrency failures, outline your debugging and mitigation steps for a Computer Scientist role."
Backend Developer,Problem Solving,Here's a problem: how would you approach optimizing security best practices for a large-scale Backend Developer system?
Backend Developer,Problem Solving,How would you break down a complex API versioning problem into smaller tasks for a Backend Developer team? (for a legacy system).
AI Engineer,Behavioral,Describe how you manage competing priorities when working on MLOps tasks.
Data Scientist,Experience,How have you measured success when working on machine learning model selection initiatives? (considering performance at scale).
AI Engineer,Experience,Describe a project where you used model deployment and the role you played in it (for a legacy system).
Cyber Security Engineer,Leadership,How would you lead a team building a IAM (Identity and Access Management) feature from concept to production in a Cyber Security Engineer context?
Information Systems Engineer,Behavioral,Describe how you manage competing priorities when working on systems analysis tasks (in a cloud-native environment).
Data Scientist,Technical,Explain the key concepts of A/B testing and how you would apply them in a Data Scientist role (while ensuring accessibility).
Interactive Media Specialist,Experience,Which tools or frameworks have you used for multimedia authoring tools and which did you prefer? Why? (with limited budget and time).
UX/UI Designer,Problem Solving,Here's a problem: how would you approach optimizing user research methods for a large-scale UX/UI Designer system?
Full Stack Developer,Experience,Describe a project where you used RESTful API design and the role you played in it.
Data Scientist,Behavioral,Share an example when you had to learn a new tool or technique for deep learning architectures quickly.
Frontend Developer,Behavioral,Describe how you manage competing priorities when working on cross-browser compatibility tasks.
Computer Scientist,Technical,Walk me through the steps to implement computational theory for a Computer Scientist project.
Interactive Media Specialist,Technical,Describe the trade-offs between different approaches to game mechanics for a Interactive Media Specialist.
Network Engineer,Technical,Describe the trade-offs between different approaches to VPNs for a Network Engineer (for a legacy system).
AI Engineer,Problem Solving,Design an algorithm or approach to solve fine-tuning models in a AI Engineer setting. Explain complexity.
Interactive Media Specialist,Leadership,Share your strategy to prioritize work and align stakeholders when implementing UX for interactive media.
UX/UI Designer,Problem Solving,"Given a scenario with design systems failures, outline your debugging and mitigation steps for a UX/UI Designer role."
Cyber Security Engineer,Behavioral,Share an example when you had to learn a new tool or technique for secure coding practices quickly (considering performance at scale).
Network Engineer,Problem Solving,Here's a problem: how would you approach optimizing VPNs for a large-scale Network Engineer system?
Information Systems Engineer,Problem Solving,Here's a problem: how would you approach optimizing requirements gathering for a large-scale Information Systems Engineer system? (considering performance at scale).
Network Engineer,Leadership,How do you foster a culture of quality and security around network troubleshooting in your team?
UX/UI Designer,Technical,How would you design a solution for user research methods in the context of a UX/UI Designer position?
Information Systems Engineer,Technical,Walk me through the steps to implement requirements gathering for a Information Systems Engineer project.
UX/UI Designer,Problem Solving,Design an algorithm or approach to solve design systems in a UX/UI Designer setting. Explain complexity.
Frontend Developer,Leadership,Describe how you'd mentor junior engineers/designers on best practices for react hooks (with limited budget and time).
AI Engineer,Problem Solving,How would you break down a complex model interpretability problem into smaller tasks for a AI Engineer team?
Full Stack Developer,Leadership,How would you lead a team building a database schema design feature from concept to production in a Full Stack Developer context?
Cyber Security Engineer,Technical,Walk me through the steps to implement network security for a Cyber Security Engineer project.
Cyber Security Engineer,Technical,What are common pitfalls when working with threat modeling and how do you avoid them?
Computer Scientist,Behavioral,Have you ever had to persuade stakeholders about an approach to computational theory? What happened?
Network Engineer,Experience,Which tools or frameworks have you used for network monitoring and which did you prefer? Why?
Data Scientist,Technical,Explain the key concepts of machine learning model selection and how you would apply them in a Data Scientist role (in a cloud-native environment).
Full Stack Developer,Experience,How have you measured success when working on RESTful API design initiatives?
Data Scientist,Technical,How would you design a solution for model evaluation metrics in the context of a Data Scientist position?
UX/UI Designer,Technical,Walk me through the steps to implement accessibility design for a UX/UI Designer project.
Backend Developer,Experience,How have you measured success when working on asynchronous processing initiatives?
Frontend Developer,Leadership,How would you lead a team building a responsive design feature from concept to production in a Frontend Developer context?
Network Engineer,Problem Solving,Propose a solution to improve QoS when faced with limited resources in a Network Engineer project.
AI Engineer,Experience,What experience do you have with MLOps in past projects and what was the outcome?
Network Engineer,Problem Solving,How would you break down a complex network troubleshooting problem into smaller tasks for a Network Engineer team?
UX/UI Designer,Experience,Discuss a system you built that relied on information architecture and the biggest lessons learned.
Data Scientist,Leadership,How would you lead a team building a machine learning model selection feature from concept to production in a Data Scientist context?
Information Systems Engineer,Leadership,Explain how you would handle conflict between team members over approaches to database management (considering performance at scale).
Interactive Media Specialist,Behavioral,Describe a situation where you had to collaborate with others to solve a problem related to audio-visual synchronization (considering performance at scale).
Computer Scientist,Leadership,Share your strategy to prioritize work and align stakeholders when implementing compiler design.
Network Engineer,Leadership,How would you lead a team building a subnetting and CIDR feature from concept to production in a Network Engineer context? (in a cloud-native environment).
Backend Developer,Experience,Discuss a system you built that relied on database transactions and the biggest lessons learned.
Interactive Media Specialist,Experience,Discuss a system you built that relied on interactive storytelling and the biggest lessons learned.
Data Scientist,Behavioral,Describe how you manage competing priorities when working on machine learning model selection tasks.
UX/UI Designer,Experience,Describe a project where you used information architecture and the role you played in it (while ensuring accessibility).
AI Engineer,Technical,Explain the key concepts of model interpretability and how you would apply them in a AI Engineer role.
Interactive Media Specialist,Problem Solving,"Given a scenario with game mechanics failures, outline your debugging and mitigation steps for a Interactive Media Specialist role (while ensuring accessibility)."
Network Engineer,Experience,What experience do you have with subnetting and CIDR in past projects and what was the outcome? (considering performance at scale).
Data Scientist,Problem Solving,Propose a solution to improve time series forecasting when faced with limited resources in a Data Scientist project.
AI Engineer,Experience,Discuss a system you built that relied on model interpretability and the biggest lessons learned (for a legacy system).
Computer Scientist,Behavioral,Have you ever had to persuade stakeholders about an approach to concurrency? What happened?
AI Engineer,Leadership,Describe how you'd mentor junior engineers/designers on best practices for prompt engineering.
Network Engineer,Problem Solving,Design an algorithm or approach to solve subnetting and CIDR in a Network Engineer setting. Explain complexity.
Backend Developer,Experience,What experience do you have with scalability in past projects and what was the outcome? (considering performance at scale).
UX/UI Designer,Behavioral,Describe how you manage competing priorities when working on wireframing tasks.
Interactive Media Specialist,Behavioral,Describe how you manage competing priorities when working on UX for interactive media tasks.
Cyber Security Engineer,Leadership,Describe how you'd mentor junior engineers/designers on best practices for incident response.
AI Engineer,Leadership,Describe how you'd mentor junior engineers/designers on best practices for model interpretability.
Cyber Security Engineer,Behavioral,Tell me about a time you faced a challenge involving incident response and how you handled it.
Computer Scientist,Problem Solving,How would you break down a complex operating systems problem into smaller tasks for a Computer Scientist team?
Frontend Developer,Problem Solving,"Given a scenario with react hooks failures, outline your debugging and mitigation steps for a Frontend Developer role (for a legacy system)."
Computer Scientist,Problem Solving,Here's a problem: how would you approach optimizing computational theory for a large-scale Computer Scientist system?
Frontend Developer,Technical,Explain the key concepts of react hooks and how you would apply them in a Frontend Developer role.
Computer Scientist,Behavioral,Share an example when you had to learn a new tool or technique for compiler design quickly.
Network Engineer,Technical,Describe the trade-offs between different approaches to switching concepts for a Network Engineer.
Cyber Security Engineer,Experience,Describe a project where you used vulnerability assessment and the role you played in it.
Computer Scientist,Technical,Describe the trade-offs between different approaches to distributed systems for a Computer Scientist.
Backend Developer,Technical,What are common pitfalls when working with caching strategies and how do you avoid them?
AI Engineer,Behavioral,Tell me about a time you faced a challenge involving model interpretability and how you handled it (in a cloud-native environment).
AI Engineer,Behavioral,Describe a situation where you had to collaborate with others to solve a problem related to model deployment (for a legacy system).
Computer Scientist,Technical,Describe the trade-offs between different approaches to computational theory for a Computer Scientist.
Computer Scientist,Behavioral,Have you ever had to persuade stakeholders about an approach to distributed systems? What happened? (for a legacy system).
Backend Developer,Problem Solving,"Given a scenario with caching strategies failures, outline your debugging and mitigation steps for a Backend Developer role."
Full Stack Developer,Behavioral,Share an example when you had to learn a new tool or technique for deployment quickly.
Network Engineer,Behavioral,Describe how you manage competing priorities when working on VPNs tasks.
Interactive Media Specialist,Problem Solving,Here's a problem: how would you approach optimizing interactive storytelling for a large-scale Interactive Media Specialist system?
UX/UI Designer,Technical,What are common pitfalls when working with wireframing and how do you avoid them?
Computer Scientist,Behavioral,Share an example when you had to learn a new tool or technique for data structures quickly.
Frontend Developer,Leadership,How would you lead a team building a accessibility (a11y) feature from concept to production in a Frontend Developer context?
Interactive Media Specialist,Experience,What experience do you have with performance optimization for media in past projects and what was the outcome?
UX/UI Designer,Leadership,How do you foster a culture of quality and security around user research methods in your team?
Backend Developer,Behavioral,Have you ever had to persuade stakeholders about an approach to security best practices? What happened? (considering performance at scale).
Full Stack Developer,Technical,What are common pitfalls when working with frontend-backend integration and how do you avoid them?
Frontend Developer,Experience,How have you measured success when working on react hooks initiatives?
AI Engineer,Leadership,Explain how you would handle conflict between team members over approaches to MLOps.
Cyber Security Engineer,Technical,Walk me through the steps to implement network security for a Cyber Security Engineer project.
Network Engineer,Experience,How have you measured success when working on routing protocols initiatives?
UX/UI Designer,Technical,How would you design a solution for design systems in the context of a UX/UI Designer position?
Data Scientist,Leadership,How would you lead a team building a time series forecasting feature from concept to production in a Data Scientist context?
Interactive Media Specialist,Technical,What are common pitfalls when working with game mechanics and how do you avoid them?
Backend Developer,Experience,What experience do you have with database transactions in past projects and what was the outcome?
Network Engineer,Problem Solving,Propose a solution to improve network troubleshooting when faced with limited resources in a Network Engineer project.
Interactive Media Specialist,Experience,How have you measured success when working on performance optimization for media initiatives? (in a cloud-native environment).
Information Systems Engineer,Experience,Describe a project where you used enterprise architecture and the role you played in it.
Interactive Media Specialist,Leadership,How do you foster a culture of quality and security around audio-visual synchronization in your team?
Computer Scientist,Problem Solving,Here's a problem: how would you approach optimizing compiler design for a large-scale Computer Scientist system? (with limited budget and time).
AI Engineer,Problem Solving,Here's a problem: how would you approach optimizing fine-tuning models for a large-scale AI Engineer system? (for a legacy system).
Network Engineer,Behavioral,Share an example when you had to learn a new tool or technique for network monitoring quickly.
Network Engineer,Technical,Describe the trade-offs between different approaches to network monitoring for a Network Engineer (in a cloud-native environment).
Frontend Developer,Technical,Explain the key concepts of react hooks and how you would apply them in a Frontend Developer role.
Computer Scientist,Experience,How have you measured success when working on distributed systems initiatives?
Cyber Security Engineer,Behavioral,Share an example when you had to learn a new tool or technique for incident response quickly.
AI Engineer,Problem Solving,Here's a problem: how would you approach optimizing model deployment for a large-scale AI Engineer system?
AI Engineer,Technical,Explain the key concepts of transformers and how you would apply them in a AI Engineer role.
Cyber Security Engineer,Behavioral,Tell me about a time you faced a challenge involving secure coding practices and how you handled it (considering performance at scale).
Data Scientist,Leadership,Explain how you would handle conflict between team members over approaches to machine learning model selection.
Information Systems Engineer,Problem Solving,"Given a scenario with requirements gathering failures, outline your debugging and mitigation steps for a Information Systems Engineer role."
Interactive Media Specialist,Behavioral,Share an example when you had to learn a new tool or technique for interactive storytelling quickly.
Cyber Security Engineer,Problem Solving,How would you break down a complex encryption and cryptography problem into smaller tasks for a Cyber Security Engineer team?
Cyber Security Engineer,Technical,What are common pitfalls when working with incident response and how do you avoid them? (for a legacy system).
Interactive Media Specialist,Behavioral,Describe how you manage competing priorities when working on game mechanics tasks.
AI Engineer,Problem Solving,"Given a scenario with model interpretability failures, outline your debugging and mitigation steps for a AI Engineer role."
Frontend Developer,Experience,How have you measured success when working on react hooks initiatives?
Cyber Security Engineer,Problem Solving,Propose a solution to improve encryption and cryptography when faced with limited resources in a Cyber Security Engineer project.
Information Systems Engineer,Behavioral,Share an example when you had to learn a new tool or technique for business process modeling quickly.
AI Engineer,Technical,How would you design a solution for transformers in the context of a AI Engineer position? (with limited budget and time).
Computer Scientist,Technical,What are common pitfalls when working with operating systems and how do you avoid them?
Full Stack Developer,Experience,How have you measured success when working on authentication initiatives?
Interactive Media Specialist,Problem Solving,How would you break down a complex audio-visual synchronization problem into smaller tasks for a Interactive Media Specialist team?
Computer Scientist,Technical,Explain the key concepts of compiler design and how you would apply them in a Computer Scientist role.
Frontend Developer,Technical,Describe the trade-offs between different approaches to responsive design for a Frontend Developer.
UX/UI Designer,Problem Solving,Design an algorithm or approach to solve design systems in a UX/UI Designer setting. Explain complexity (for a legacy system).
Data Scientist,Problem Solving,"Given a scenario with time series forecasting failures, outline your debugging and mitigation steps for a Data Scientist role."
Cyber Security Engineer,Problem Solving,Design an algorithm or approach to solve vulnerability assessment in a Cyber Security Engineer setting. Explain complexity.
Cyber Security Engineer,Behavioral,Describe a situation where you had to collaborate with others to solve a problem related to IAM (Identity and Access Management).
Full Stack Developer,Experience,What experience do you have with deployment in past projects and what was the outcome?
Network Engineer,Problem Solving,How would you break down a complex QoS problem into smaller tasks for a Network Engineer team?
Information Systems Engineer,Technical,Explain the key concepts of database management and how you would apply them in a Information Systems Engineer role (while ensuring accessibility).
Data Scientist,Technical,Describe the trade-offs between different approaches to machine learning model selection for a Data Scientist.
Cyber Security Engineer,Technical,How would you design a solution for incident response in the context of a Cyber Security Engineer position?
Cyber Security Engineer,Experience,Describe a project where you used threat modeling and the role you played in it.
Interactive Media Specialist,Problem Solving,Here's a problem: how would you approach optimizing multimedia authoring tools for a large-scale Interactive Media Specialist system? (while ensuring accessibility).
Network Engineer,Behavioral,Have you ever had to persuade stakeholders about an approach to VPNs? What happened? (with limited budget and time).
Frontend Developer,Problem Solving,How would you break down a complex react hooks problem into smaller tasks for a Frontend Developer team?
Cyber Security Engineer,Problem Solving,"Given a scenario with secure coding practices failures, outline your debugging and mitigation steps for a Cyber Security Engineer role."
Information Systems Engineer,Leadership,How would you lead a team building a enterprise architecture feature from concept to production in a Information Systems Engineer context?
Frontend Developer,Behavioral,Describe how you manage competing priorities when working on responsive design tasks.
Backend Developer,Experience,What experience do you have with API versioning in past projects and what was the outcome? (for a legacy system).
Full Stack Developer,Leadership,How do you foster a culture of quality and security around RESTful API design in your team?
Interactive Media Specialist,Problem Solving,Propose a solution to improve performance optimization for media when faced with limited resources in a Interactive Media Specialist project.
Interactive Media Specialist,Problem Solving,How would you break down a complex interactive storytelling problem into smaller tasks for a Interactive Media Specialist team?
Computer Scientist,Leadership,How do you foster a culture of quality and security around distributed systems in your team?
Cyber Security Engineer,Problem Solving,How would you break down a complex vulnerability assessment problem into smaller tasks for a Cyber Security Engineer team? (considering performance at scale).
Information Systems Engineer,Technical,How would you design a solution for database management in the context of a Information Systems Engineer position?
Full Stack Developer,Behavioral,Describe a situation where you had to collaborate with others to solve a problem related to RESTful API design.
Computer Scientist,Problem Solving,Here's a problem: how would you approach optimizing computational theory for a large-scale Computer Scientist system?
Frontend Developer,Experience,Which tools or frameworks have you used for accessibility (a11y) and which did you prefer? Why?
Full Stack Developer,Leadership,Explain how you would handle conflict between team members over approaches to deployment (in a cloud-native environment).
AI Engineer,Leadership,Describe how you'd mentor junior engineers/designers on best practices for model interpretability.
Interactive Media Specialist,Experience,Discuss a system you built that relied on AR/VR basics and the biggest lessons learned.
Backend Developer,Problem Solving,Propose a solution to improve caching strategies when faced with limited resources in a Backend Developer project.
Network Engineer,Leadership,How do you foster a culture of quality and security around switching concepts in your team?
Full Stack Developer,Experience,Which tools or frameworks have you used for database schema design and which did you prefer? Why?
Backend Developer,Leadership,Describe how you'd mentor junior engineers/designers on best practices for microservices.
Computer Scientist,Experience,Which tools or frameworks have you used for concurrency and which did you prefer? Why? (with limited budget and time).
Network Engineer,Experience,Which tools or frameworks have you used for switching concepts and which did you prefer? Why?
Backend Developer,Technical,Explain the key concepts of caching strategies and how you would apply them in a Backend Developer role.
Computer Scientist,Leadership,How do you foster a culture of quality and security around concurrency in your team?
Computer Scientist,Behavioral,Describe how you manage competing priorities when working on computational theory tasks.
Full Stack Developer,Problem Solving,Here's a problem: how would you approach optimizing authentication for a large-scale Full Stack Developer system?
Data Scientist,Leadership,How do you foster a culture of quality and security around feature engineering in your team?
Network Engineer,Technical,How would you design a solution for network troubleshooting in the context of a Network Engineer position? (with limited budget and time).
Computer Scientist,Behavioral,Share an example when you had to learn a new tool or technique for distributed systems quickly.
UX/UI Designer,Technical,What are common pitfalls when working with user research methods and how do you avoid them?
Cyber Security Engineer,Leadership,How would you lead a team building a incident response feature from concept to production in a Cyber Security Engineer context?
Backend Developer,Problem Solving,Propose a solution to improve scalability when faced with limited resources in a Backend Developer project.
AI Engineer,Problem Solving,Here's a problem: how would you approach optimizing model interpretability for a large-scale AI Engineer system?
Network Engineer,Experience,How have you measured success when working on switching concepts initiatives?
UX/UI Designer,Behavioral,Describe a situation where you had to collaborate with others to solve a problem related to accessibility design (for a legacy system).
Information Systems Engineer,Experience,What experience do you have with systems analysis in past projects and what was the outcome?
Cyber Security Engineer,Problem Solving,Here's a problem: how would you approach optimizing network security for a large-scale Cyber Security Engineer system?
UX/UI Designer,Technical,Explain the key concepts of user research methods and how you would apply them in a UX/UI Designer role.
Computer Scientist,Problem Solving,"Given a scenario with data structures failures, outline your debugging and mitigation steps for a Computer Scientist role."
Backend Developer,Technical,How would you design a solution for asynchronous processing in the context of a Backend Developer position? (while ensuring accessibility).
Interactive Media Specialist,Technical,How would you design a solution for performance optimization for media in the context of a Interactive Media Specialist position?
Computer Scientist,Problem Solving,Design an algorithm or approach to solve algorithms complexity in a Computer Scientist setting. Explain complexity.
Data Scientist,Problem Solving,Design an algorithm or approach to solve model evaluation metrics in a Data Scientist setting. Explain complexity (considering performance at scale).
Interactive Media Specialist,Technical,What are common pitfalls when working with performance optimization for media and how do you avoid them?
UX/UI Designer,Experience,Discuss a system you built that relied on accessibility design and the biggest lessons learned.
UX/UI Designer,Behavioral,Have you ever had to persuade stakeholders about an approach to user research methods? What happened?
Full Stack Developer,Behavioral,Describe how you manage competing priorities when working on frontend-backend integration tasks (in a cloud-native environment).
Network Engineer,Leadership,Explain how you would handle conflict between team members over approaches to network monitoring.
UX/UI Designer,Experience,Discuss a system you built that relied on accessibility design and the biggest lessons learned (considering performance at scale).
Cyber Security Engineer,Behavioral,Describe how you manage competing priorities when working on incident response tasks.
AI Engineer,Technical,Walk me through the steps to implement transformers for a AI Engineer project.
Full Stack Developer,Leadership,How do you foster a culture of quality and security around state management in your team?
Cyber Security Engineer,Experience,Discuss a system you built that relied on secure coding practices and the biggest lessons learned (considering performance at scale).
Network Engineer,Problem Solving,How would you break down a complex network monitoring problem into smaller tasks for a Network Engineer team?
Information Systems Engineer,Technical,How would you design a solution for database management in the context of a Information Systems Engineer position?
Frontend Developer,Experience,How have you measured success when working on react hooks initiatives?
Computer Scientist,Technical,What are common pitfalls when working with computational theory and how do you avoid them? (in a cloud-native environment).
Data Scientist,Behavioral,Have you ever had to persuade stakeholders about an approach to machine learning model selection? What happened?
UX/UI Designer,Experience,Describe a project where you used prototyping tools and the role you played in it.
Information Systems Engineer,Problem Solving,Here's a problem: how would you approach optimizing requirements gathering for a large-scale Information Systems Engineer system?
Network Engineer,Behavioral,Describe a situation where you had to collaborate with others to solve a problem related to routing protocols.
Data Scientist,Technical,How would you design a solution for feature engineering in the context of a Data Scientist position?
Full Stack Developer,Behavioral,Have you ever had to persuade stakeholders about an approach to authentication? What happened?
Cyber Security Engineer,Problem Solving,Propose a solution to improve incident response when faced with limited resources in a Cyber Security Engineer project (while ensuring accessibility).
Computer Scientist,Technical,Walk me through the steps to implement operating systems for a Computer Scientist project.
Computer Scientist,Leadership,Explain how you would handle conflict between team members over approaches to distributed systems.
Backend Developer,Problem Solving,Here's a problem: how would you approach optimizing security best practices for a large-scale Backend Developer system?
Interactive Media Specialist,Experience,Discuss a system you built that relied on AR/VR basics and the biggest lessons learned.
Cyber Security Engineer,Problem Solving,Here's a problem: how would you approach optimizing vulnerability assessment for a large-scale Cyber Security Engineer system?
Data Scientist,Technical,Describe the trade-offs between different approaches to model evaluation metrics for a Data Scientist (with limited budget and time).
Interactive Media Specialist,Technical,How would you design a solution for AR/VR basics in the context of a Interactive Media Specialist position?
UX/UI Designer,Technical,What are common pitfalls when working with information architecture and how do you avoid them?
UX/UI Designer,Behavioral,Have you ever had to persuade stakeholders about an approach to user research methods? What happened?
Information Systems Engineer,Behavioral,Describe how you manage competing priorities when working on database management tasks (while ensuring accessibility).
AI Engineer,Experience,Which tools or frameworks have you used for model deployment and which did you prefer? Why? (while ensuring accessibility).
Network Engineer,Behavioral,Have you ever had to persuade stakeholders about an approach to QoS? What happened?
Information Systems Engineer,Experience,What experience do you have with business process modeling in past projects and what was the outcome?
Frontend Developer,Leadership,How would you lead a team building a CSS layout techniques feature from concept to production in a Frontend Developer context?
Interactive Media Specialist,Experience,Which tools or frameworks have you used for UX for interactive media and which did you prefer? Why?
UX/UI Designer,Technical,How would you design a solution for design systems in the context of a UX/UI Designer position? (for a legacy system).
Data Scientist,Leadership,Describe how you'd mentor junior engineers/designers on best practices for A/B testing.
Cyber Security Engineer,Technical,Describe the trade-offs between different approaches to encryption and cryptography for a Cyber Security Engineer (in a cloud-native environment).
UX/UI Designer,Problem Solving,Here's a problem: how would you approach optimizing accessibility design for a large-scale UX/UI Designer system? (considering performance at scale).
Full Stack Developer,Behavioral,Share an example when you had to learn a new tool or technique for frontend-backend integration quickly (while ensuring accessibility).
AI Engineer,Technical,Describe the trade-offs between different approaches to continuously learning systems for a AI Engineer (in a cloud-native environment).
Frontend Developer,Leadership,How do you foster a culture of quality and security around accessibility (a11y) in your team?
UX/UI Designer,Leadership,Share your strategy to prioritize work and align stakeholders when implementing information architecture.
UX/UI Designer,Leadership,How do you foster a culture of quality and security around accessibility design in your team?
Network Engineer,Experience,Describe a project where you used subnetting and CIDR and the role you played in it.
Data Scientist,Leadership,Share your strategy to prioritize work and align stakeholders when implementing feature engineering (with limited budget and time).
Full Stack Developer,Experience,Discuss a system you built that relied on database schema design and the biggest lessons learned.
Cyber Security Engineer,Technical,What are common pitfalls when working with encryption and cryptography and how do you avoid them? (while ensuring accessibility).
Information Systems Engineer,Technical,What are common pitfalls when working with database management and how do you avoid them? (considering performance at scale).
Computer Scientist,Behavioral,Tell me about a time you faced a challenge involving concurrency and how you handled it (in a cloud-native environment).
Full Stack Developer,Leadership,How would you lead a team building a authentication feature from concept to production in a Full Stack Developer context?
AI Engineer,Problem Solving,How would you break down a complex transformers problem into smaller tasks for a AI Engineer team?
Cyber Security Engineer,Problem Solving,How would you break down a complex incident response problem into smaller tasks for a Cyber Security Engineer team?
Computer Scientist,Problem Solving,Propose a solution to improve computational theory when faced with limited resources in a Computer Scientist project.
Full Stack Developer,Behavioral,Describe how you manage competing priorities when working on frontend-backend integration tasks.
Data Scientist,Behavioral,Tell me about a time you faced a challenge involving machine learning model selection and how you handled it (while ensuring accessibility).
Information Systems Engineer,Behavioral,Share an example when you had to learn a new tool or technique for business process modeling quickly.
Data Scientist,Experience,What experience do you have with data preprocessing in past projects and what was the outcome?
Computer Scientist,Leadership,Share your strategy to prioritize work and align stakeholders when implementing distributed systems.
Computer Scientist,Leadership,How would you lead a team building a computational theory feature from concept to production in a Computer Scientist context?
Backend Developer,Leadership,How do you foster a culture of quality and security around microservices in your team?
Interactive Media Specialist,Technical,How would you design a solution for multimedia authoring tools in the context of a Interactive Media Specialist position?
Data Scientist,Experience,What experience do you have with feature engineering in past projects and what was the outcome?
UX/UI Designer,Problem Solving,How would you break down a complex wireframing problem into smaller tasks for a UX/UI Designer team?
Backend Developer,Behavioral,Tell me about a time you faced a challenge involving asynchronous processing and how you handled it.
Full Stack Developer,Problem Solving,How would you break down a complex authentication problem into smaller tasks for a Full Stack Developer team?
Backend Developer,Problem Solving,"Given a scenario with database transactions failures, outline your debugging and mitigation steps for a Backend Developer role."
UX/UI Designer,Leadership,Share your strategy to prioritize work and align stakeholders when implementing usability testing (considering performance at scale).
Cyber Security Engineer,Leadership,Share your strategy to prioritize work and align stakeholders when implementing secure coding practices (with limited budget and time).
Full Stack Developer,Problem Solving,How would you break down a complex frontend-backend integration problem into smaller tasks for a Full Stack Developer team?
Interactive Media Specialist,Behavioral,Have you ever had to persuade stakeholders about an approach to multimedia authoring tools? What happened?
AI Engineer,Experience,How have you measured success when working on prompt engineering initiatives?
AI Engineer,Leadership,Describe how you'd mentor junior engineers/designers on best practices for model interpretability.
Data Scientist,Technical,How would you design a solution for feature engineering in the context of a Data Scientist position?
Backend Developer,Leadership,How would you lead a team building a security best practices feature from concept to production in a Backend Developer context?
Interactive Media Specialist,Behavioral,Describe a situation where you had to collaborate with others to solve a problem related to performance optimization for media (in a cloud-native environment).
Full Stack Developer,Behavioral,Have you ever had to persuade stakeholders about an approach to authentication? What happened?
Full Stack Developer,Technical,How would you design a solution for RESTful API design in the context of a Full Stack Developer position?
Network Engineer,Problem Solving,Here's a problem: how would you approach optimizing subnetting and CIDR for a large-scale Network Engineer system?
AI Engineer,Experience,How have you measured success when working on fine-tuning models initiatives?
Computer Scientist,Technical,Explain the key concepts of operating systems and how you would apply them in a Computer Scientist role.
UX/UI Designer,Leadership,Share your strategy to prioritize work and align stakeholders when implementing prototyping tools.
Full Stack Developer,Problem Solving,Here's a problem: how would you approach optimizing authentication for a large-scale Full Stack Developer system?
Cyber Security Engineer,Experience,How have you measured success when working on incident response initiatives?
AI Engineer,Experience,Describe a project where you used continuously learning systems and the role you played in it.
Frontend Developer,Behavioral,Share an example when you had to learn a new tool or technique for JavaScript event handling quickly (in a cloud-native environment).
Information Systems Engineer,Leadership,Explain how you would handle conflict between team members over approaches to database management (for a legacy system).
Network Engineer,Leadership,Describe how you'd mentor junior engineers/designers on best practices for routing protocols.
Computer Scientist,Technical,How would you design a solution for computational theory in the context of a Computer Scientist position?
Full Stack Developer,Experience,Which tools or frameworks have you used for authentication and which did you prefer? Why?
Backend Developer,Experience,Discuss a system you built that relied on asynchronous processing and the biggest lessons learned (while ensuring accessibility).
Network Engineer,Experience,How have you measured success when working on QoS initiatives?
Information Systems Engineer,Experience,Describe a project where you used requirements gathering and the role you played in it.
Backend Developer,Experience,Discuss a system you built that relied on API versioning and the biggest lessons learned (for a legacy system).
Information Systems Engineer,Behavioral,Describe a situation where you had to collaborate with others to solve a problem related to ERP systems.
Data Scientist,Experience,What experience do you have with deep learning architectures in past projects and what was the outcome?
Network Engineer,Leadership,Explain how you would handle conflict between team members over approaches to routing protocols.
Cyber Security Engineer,Problem Solving,Design an algorithm or approach to solve encryption and cryptography in a Cyber Security Engineer setting. Explain complexity.
Cyber Security Engineer,Problem Solving,Propose a solution to improve network security when faced with limited resources in a Cyber Security Engineer project.
Cyber Security Engineer,Experience,Describe a project where you used encryption and cryptography and the role you played in it.
Full Stack Developer,Behavioral,Share an example when you had to learn a new tool or technique for frontend-backend integration quickly.
Cyber Security Engineer,Behavioral,Share an example when you had to learn a new tool or technique for incident response quickly.
Backend Developer,Leadership,How do you foster a culture of quality and security around asynchronous processing in your team?
Full Stack Developer,Problem Solving,Design an algorithm or approach to solve database schema design in a Full Stack Developer setting. Explain complexity (considering performance at scale).
Network Engineer,Problem Solving,Here's a problem: how would you approach optimizing switching concepts for a large-scale Network Engineer system?
UX/UI Designer,Technical,Describe the trade-offs between different approaches to wireframing for a UX/UI Designer.
AI Engineer,Technical,Walk me through the steps to implement MLOps for a AI Engineer project.
Data Scientist,Technical,Walk me through the steps to implement machine learning model selection for a Data Scientist project (while ensuring accessibility).
AI Engineer,Behavioral,Share an example when you had to learn a new tool or technique for prompt engineering quickly (while ensuring accessibility).
UX/UI Designer,Experience,What experience do you have with design systems in past projects and what was the outcome?
Computer Scientist,Experience,Which tools or frameworks have you used for compiler design and which did you prefer? Why? (with limited budget and time).
UX/UI Designer,Behavioral,Describe a situation where you had to collaborate with others to solve a problem related to wireframing.
Network Engineer,Experience,How have you measured success when working on network troubleshooting initiatives?
Frontend Developer,Behavioral,Describe a situation where you had to collaborate with others to solve a problem related to cross-browser compatibility.
Full Stack Developer,Technical,Explain the key concepts of authentication and how you would apply them in a Full Stack Developer role.
Frontend Developer,Leadership,Share your strategy to prioritize work and align stakeholders when implementing web performance (for a legacy system).
Data Scientist,Behavioral,Share an example when you had to learn a new tool or technique for A/B testing quickly (considering performance at scale).
Cyber Security Engineer,Technical,How would you design a solution for incident response in the context of a Cyber Security Engineer position?
Frontend Developer,Behavioral,Describe a situation where you had to collaborate with others to solve a problem related to responsive design.
Data Scientist,Experience,What experience do you have with A/B testing in past projects and what was the outcome?
AI Engineer,Experience,Describe a project where you used prompt engineering and the role you played in it.
Full Stack Developer,Behavioral,Describe a situation where you had to collaborate with others to solve a problem related to deployment.
Information Systems Engineer,Technical,What are common pitfalls when working with systems analysis and how do you avoid them?
UX/UI Designer,Problem Solving,"Given a scenario with accessibility design failures, outline your debugging and mitigation steps for a UX/UI Designer role."
Full Stack Developer,Behavioral,Tell me about a time you faced a challenge involving database schema design and how you handled it.
AI Engineer,Problem Solving,"Given a scenario with prompt engineering failures, outline your debugging and mitigation steps for a AI Engineer role."
UX/UI Designer,Behavioral,Have you ever had to persuade stakeholders about an approach to wireframing? What happened?
Full Stack Developer,Problem Solving,"Given a scenario with deployment failures, outline your debugging and mitigation steps for a Full Stack Developer role."
Full Stack Developer,Experience,What experience do you have with performance optimization in past projects and what was the outcome?
Interactive Media Specialist,Technical,Describe the trade-offs between different approaches to UX for interactive media for a Interactive Media Specialist.
AI Engineer,Leadership,How would you lead a team building a MLOps feature from concept to production in a AI Engineer context?
Data Scientist,Technical,Describe the trade-offs between different approaches to machine learning model selection for a Data Scientist.
AI Engineer,Technical,Explain the key concepts of MLOps and how you would apply them in a AI Engineer role.
Network Engineer,Problem Solving,How would you break down a complex switching concepts problem into smaller tasks for a Network Engineer team?
Full Stack Developer,Problem Solving,How would you break down a complex frontend-backend integration problem into smaller tasks for a Full Stack Developer team?
Computer Scientist,Problem Solving,How would you break down a complex algorithms complexity problem into smaller tasks for a Computer Scientist team? (in a cloud-native environment).
Computer Scientist,Problem Solving,Design an algorithm or approach to solve algorithms complexity in a Computer Scientist setting. Explain complexity.
Backend Developer,Problem Solving,Design an algorithm or approach to solve caching strategies in a Backend Developer setting. Explain complexity.
Information Systems Engineer,Experience,How have you measured success when working on requirements gathering initiatives?
AI Engineer,Problem Solving,Propose a solution to improve model deployment when faced with limited resources in a AI Engineer project.
Computer Scientist,Leadership,Describe how you'd mentor junior engineers/designers on best practices for data structures.
Data Scientist,Leadership,Describe how you'd mentor junior engineers/designers on best practices for A/B testing.
Data Scientist,Leadership,Explain how you would handle conflict between team members over approaches to feature engineering.
UX/UI Designer,Behavioral,Share an example when you had to learn a new tool or technique for information architecture quickly (for a legacy system).
Network Engineer,Technical,How would you design a solution for VPNs in the context of a Network Engineer position?
Information Systems Engineer,Leadership,How would you lead a team building a enterprise architecture feature from concept to production in a Information Systems Engineer context? (for a legacy system).
Interactive Media Specialist,Technical,How would you design a solution for performance optimization for media in the context of a Interactive Media Specialist position? (considering performance at scale).
Interactive Media Specialist,Technical,What are common pitfalls when working with audio-visual synchronization and how do you avoid them?
UX/UI Designer,Technical,What are common pitfalls when working with wireframing and how do you avoid them?
Full Stack Developer,Problem Solving,Propose a solution to improve RESTful API design when faced with limited resources in a Full Stack Developer project.
Cyber Security Engineer,Leadership,How do you foster a culture of quality and security around secure coding practices in your team?
Data Scientist,Behavioral,Describe how you manage competing priorities when working on feature engineering tasks.
UX/UI Designer,Technical,Describe the trade-offs between different approaches to wireframing for a UX/UI Designer.
Interactive Media Specialist,Technical,Explain the key concepts of interactive storytelling and how you would apply them in a Interactive Media Specialist role.
Cyber Security Engineer,Behavioral,Describe how you manage competing priorities when working on network security tasks.
Frontend Developer,Problem Solving,How would you break down a complex react hooks problem into smaller tasks for a Frontend Developer team?
Cyber Security Engineer,Leadership,Share your strategy to prioritize work and align stakeholders when implementing IAM (Identity and Access Management) (considering performance at scale).
Cyber Security Engineer,Technical,What are common pitfalls when working with network security and how do you avoid them? (with limited budget and time).
Computer Scientist,Leadership,How do you foster a culture of quality and security around distributed systems in your team? (for a legacy system).
Cyber Security Engineer,Behavioral,Tell me about a time you faced a challenge involving secure coding practices and how you handled it.
Backend Developer,Leadership,Describe how you'd mentor junior engineers/designers on best practices for microservices (for a legacy system).
Full Stack Developer,Technical,Explain the key concepts of frontend-backend integration and how you would apply them in a Full Stack Developer role.
UX/UI Designer,Problem Solving,Propose a solution to improve prototyping tools when faced with limited resources in a UX/UI Designer project.
Cyber Security Engineer,Problem Solving,"Given a scenario with encryption and cryptography failures, outline your debugging and mitigation steps for a Cyber Security Engineer role."
UX/UI Designer,Behavioral,Tell me about a time you faced a challenge involving usability testing and how you handled it (in a cloud-native environment).
Information Systems Engineer,Experience,Which tools or frameworks have you used for requirements gathering and which did you prefer? Why?
Full Stack Developer,Technical,How would you design a solution for authentication in the context of a Full Stack Developer position?
Information Systems Engineer,Problem Solving,"Given a scenario with enterprise architecture failures, outline your debugging and mitigation steps for a Information Systems Engineer role."
Cyber Security Engineer,Experience,What experience do you have with IAM (Identity and Access Management) in past projects and what was the outcome? (while ensuring accessibility).
UX/UI Designer,Technical,What are common pitfalls when working with user research methods and how do you avoid them?
UX/UI Designer,Leadership,How would you lead a team building a user research methods feature from concept to production in a UX/UI Designer context?
Network Engineer,Leadership,How do you foster a culture of quality and security around subnetting and CIDR in your team?
Frontend Developer,Problem Solving,Here's a problem: how would you approach optimizing JavaScript event handling for a large-scale Frontend Developer system? (for a legacy system).
Network Engineer,Technical,Explain the key concepts of routing protocols and how you would apply them in a Network Engineer role.
Full Stack Developer,Problem Solving,How would you break down a complex state management problem into smaller tasks for a Full Stack Developer team?
Interactive Media Specialist,Experience,Describe a project where you used UX for interactive media and the role you played in it (with limited budget and time).
Information Systems Engineer,Leadership,How do you foster a culture of quality and security around systems analysis in your team?
Interactive Media Specialist,Behavioral,Describe a situation where you had to collaborate with others to solve a problem related to UX for interactive media (considering performance at scale).
AI Engineer,Problem Solving,Here's a problem: how would you approach optimizing MLOps for a large-scale AI Engineer system?
Frontend Developer,Behavioral,Describe a situation where you had to collaborate with others to solve a problem related to CSS layout techniques (in a cloud-native environment).
Data Scientist,Leadership,Explain how you would handle conflict between team members over approaches to time series forecasting.
AI Engineer,Leadership,How would you lead a team building a transformers feature from concept to production in a AI Engineer context?
Network Engineer,Behavioral,Tell me about a time you faced a challenge involving network troubleshooting and how you handled it.
Network Engineer,Technical,Walk me through the steps to implement switching concepts for a Network Engineer project.
Interactive Media Specialist,Behavioral,Have you ever had to persuade stakeholders about an approach to game mechanics? What happened?
Computer Scientist,Experience,Describe a project where you used compiler design and the role you played in it.
Full Stack Developer,Problem Solving,Propose a solution to improve RESTful API design when faced with limited resources in a Full Stack Developer project.
Data Scientist,Technical,Walk me through the steps to implement data preprocessing for a Data Scientist project.
Full Stack Developer,Problem Solving,"Given a scenario with RESTful API design failures, outline your debugging and mitigation steps for a Full Stack Developer role."
Full Stack Developer,Behavioral,Describe how you manage competing priorities when working on performance optimization tasks.
Backend Developer,Behavioral,Have you ever had to persuade stakeholders about an approach to asynchronous processing? What happened?
Network Engineer,Behavioral,Tell me about a time you faced a challenge involving switching concepts and how you handled it.
Full Stack Developer,Technical,Explain the key concepts of authentication and how you would apply them in a Full Stack Developer role.
Cyber Security Engineer,Leadership,How do you foster a culture of quality and security around threat modeling in your team?
Information Systems Engineer,Experience,Describe a project where you used database management and the role you played in it.
Full Stack Developer,Behavioral,Describe a situation where you had to collaborate with others to solve a problem related to performance optimization.
Cyber Security Engineer,Problem Solving,"Given a scenario with incident response failures, outline your debugging and mitigation steps for a Cyber Security Engineer role (considering performance at scale)."
Frontend Developer,Experience,Discuss a system you built that relied on cross-browser compatibility and the biggest lessons learned.
Full Stack Developer,Behavioral,Share an example when you had to learn a new tool or technique for state management quickly (considering performance at scale).
Full Stack Developer,Leadership,Share your strategy to prioritize work and align stakeholders when implementing authentication.
Network Engineer,Technical,How would you design a solution for subnetting and CIDR in the context of a Network Engineer position?
Network Engineer,Technical,Explain the key concepts of subnetting and CIDR and how you would apply them in a Network Engineer role.
AI Engineer,Leadership,Explain how you would handle conflict between team members over approaches to model interpretability.
Full Stack Developer,Behavioral,Describe how you manage competing priorities when working on database schema design tasks (while ensuring accessibility).
Interactive Media Specialist,Leadership,How do you foster a culture of quality and security around multimedia authoring tools in your team? (with limited budget and time).
AI Engineer,Problem Solving,"Given a scenario with MLOps failures, outline your debugging and mitigation steps for a AI Engineer role."
Network Engineer,Problem Solving,"Given a scenario with network troubleshooting failures, outline your debugging and mitigation steps for a Network Engineer role."
Interactive Media Specialist,Experience,What experience do you have with multimedia authoring tools in past projects and what was the outcome? (while ensuring accessibility).
Computer Scientist,Behavioral,Share an example when you had to learn a new tool or technique for data structures quickly (in a cloud-native environment).
Backend Developer,Technical,What are common pitfalls when working with API versioning and how do you avoid them?
Cyber Security Engineer,Experience,What experience do you have with network security in past projects and what was the outcome?
Computer Scientist,Leadership,Explain how you would handle conflict between team members over approaches to computational theory.
Information Systems Engineer,Technical,What are common pitfalls when working with systems analysis and how do you avoid them? (with limited budget and time).
Interactive Media Specialist,Experience,Discuss a system you built that relied on performance optimization for media and the biggest lessons learned (with limited budget and time).
UX/UI Designer,Problem Solving,"Given a scenario with prototyping tools failures, outline your debugging and mitigation steps for a UX/UI Designer role."
Frontend Developer,Leadership,How do you foster a culture of quality and security around CSS layout techniques in your team?
Interactive Media Specialist,Behavioral,Have you ever had to persuade stakeholders about an approach to game mechanics? What happened? (in a cloud-native environment).
UX/UI Designer,Problem Solving,How would you break down a complex accessibility design problem into smaller tasks for a UX/UI Designer team?
Interactive Media Specialist,Experience,Describe a project where you used performance optimization for media and the role you played in it.
Cyber Security Engineer,Technical,Explain the key concepts of IAM (Identity and Access Management) and how you would apply them in a Cyber Security Engineer role.
Backend Developer,Behavioral,Describe how you manage competing priorities when working on API versioning tasks (considering performance at scale).
Computer Scientist,Experience,Discuss a system you built that relied on data structures and the biggest lessons learned.
UX/UI Designer,Problem Solving,"Given a scenario with design systems failures, outline your debugging and mitigation steps for a UX/UI Designer role."
Interactive Media Specialist,Leadership,Explain how you would handle conflict between team members over approaches to game mechanics (while ensuring accessibility).
Full Stack Developer,Behavioral,Tell me about a time you faced a challenge involving database schema design and how you handled it.
Backend Developer,Behavioral,Tell me about a time you faced a challenge involving asynchronous processing and how you handled it.
Data Scientist,Experience,Which tools or frameworks have you used for deep learning architectures and which did you prefer? Why?
Data Scientist,Leadership,How do you foster a culture of quality and security around machine learning model selection in your team? (in a cloud-native environment).
AI Engineer,Experience,Describe a project where you used transformers and the role you played in it.
AI Engineer,Behavioral,Describe a situation where you had to collaborate with others to solve a problem related to prompt engineering.
Network Engineer,Experience,How have you measured success when working on network troubleshooting initiatives?
Information Systems Engineer,Behavioral,Share an example when you had to learn a new tool or technique for ERP systems quickly.
Interactive Media Specialist,Leadership,How do you foster a culture of quality and security around game mechanics in your team?
Backend Developer,Behavioral,Describe a situation where you had to collaborate with others to solve a problem related to microservices.
Computer Scientist,Leadership,How do you foster a culture of quality and security around data structures in your team?
Information Systems Engineer,Leadership,Describe how you'd mentor junior engineers/designers on best practices for business process modeling.
Cyber Security Engineer,Problem Solving,How would you break down a complex incident response problem into smaller tasks for a Cyber Security Engineer team?
Information Systems Engineer,Leadership,How do you foster a culture of quality and security around requirements gathering in your team?
Interactive Media Specialist,Experience,Discuss a system you built that relied on game mechanics and the biggest lessons learned (with limited budget and time).
Computer Scientist,Leadership,How do you foster a culture of quality and security around computational theory in your team? (with limited budget and time).
Data Scientist,Problem Solving,"Given a scenario with machine learning model selection failures, outline your debugging and mitigation steps for a Data Scientist role (while ensuring accessibility)."
Cyber Security Engineer,Leadership,Share your strategy to prioritize work and align stakeholders when implementing secure coding practices.
Data Scientist,Problem Solving,How would you break down a complex machine learning model selection problem into smaller tasks for a Data Scientist team?
Data Scientist,Behavioral,Describe a situation where you had to collaborate with others to solve a problem related to model evaluation metrics.
Frontend Developer,Leadership,Explain how you would handle conflict between team members over approaches to JavaScript event handling.
Backend Developer,Technical,What are common pitfalls when working with security best practices and how do you avoid them? (for a legacy system).
UX/UI Designer,Experience,Discuss a system you built that relied on design systems and the biggest lessons learned.
UX/UI Designer,Leadership,How would you lead a team building a accessibility design feature from concept to production in a UX/UI Designer context?
Backend Developer,Problem Solving,Here's a problem: how would you approach optimizing security best practices for a large-scale Backend Developer system?
Information Systems Engineer,Leadership,Describe how you'd mentor junior engineers/designers on best practices for ERP systems.
Backend Developer,Problem Solving,Design an algorithm or approach to solve security best practices in a Backend Developer setting. Explain complexity (while ensuring accessibility).
Information Systems Engineer,Technical,Walk me through the steps to implement IT governance for a Information Systems Engineer project.
Information Systems Engineer,Technical,Walk me through the steps to implement business process modeling for a Information Systems Engineer project.
Backend Developer,Behavioral,Have you ever had to persuade stakeholders about an approach to database transactions? What happened?
Network Engineer,Technical,Walk me through the steps to implement VPNs for a Network Engineer project.
Full Stack Developer,Experience,Describe a project where you used performance optimization and the role you played in it.
AI Engineer,Leadership,Share your strategy to prioritize work and align stakeholders when implementing fine-tuning models.
Information Systems Engineer,Technical,Explain the key concepts of ERP systems and how you would apply them in a Information Systems Engineer role.
AI Engineer,Experience,Which tools or frameworks have you used for prompt engineering and which did you prefer? Why?
Network Engineer,Technical,How would you design a solution for subnetting and CIDR in the context of a Network Engineer position?
AI Engineer,Problem Solving,"Given a scenario with continuously learning systems failures, outline your debugging and mitigation steps for a AI Engineer role."
Computer Scientist,Leadership,Share your strategy to prioritize work and align stakeholders when implementing operating systems.
Computer Scientist,Experience,Discuss a system you built that relied on algorithms complexity and the biggest lessons learned (with limited budget and time).
Data Scientist,Experience,Discuss a system you built that relied on time series forecasting and the biggest lessons learned.
Computer Scientist,Experience,How have you measured success when working on computational theory initiatives?
Information Systems Engineer,Leadership,Describe how you'd mentor junior engineers/designers on best practices for systems analysis.
Computer Scientist,Behavioral,Tell me about a time you faced a challenge involving compiler design and how you handled it (in a cloud-native environment).
Interactive Media Specialist,Problem Solving,"Given a scenario with game mechanics failures, outline your debugging and mitigation steps for a Interactive Media Specialist role (in a cloud-native environment)."
Computer Scientist,Leadership,How would you lead a team building a concurrency feature from concept to production in a Computer Scientist context?
Full Stack Developer,Behavioral,Share an example when you had to learn a new tool or technique for RESTful API design quickly.
Information Systems Engineer,Technical,Describe the trade-offs between different approaches to enterprise architecture for a Information Systems Engineer.
Interactive Media Specialist,Technical,How would you design a solution for UX for interactive media in the context of a Interactive Media Specialist position? (with limited budget and time).
UX/UI Designer,Leadership,How do you foster a culture of quality and security around information architecture in your team?
Information Systems Engineer,Leadership,How do you foster a culture of quality and security around database management in your team?
Frontend Developer,Experience,What experience do you have with accessibility (a11y) in past projects and what was the outcome?
Data Scientist,Problem Solving,Here's a problem: how would you approach optimizing data preprocessing for a large-scale Data Scientist system? (with limited budget and time).
Data Scientist,Technical,Walk me through the steps to implement deep learning architectures for a Data Scientist project.
Network Engineer,Technical,Describe the trade-offs between different approaches to subnetting and CIDR for a Network Engineer.
UX/UI Designer,Technical,Explain the key concepts of prototyping tools and how you would apply them in a UX/UI Designer role (considering performance at scale).
Cyber Security Engineer,Experience,Discuss a system you built that relied on incident response and the biggest lessons learned.
Information Systems Engineer,Experience,How have you measured success when working on requirements gathering initiatives? (while ensuring accessibility).
Data Scientist,Problem Solving,How would you break down a complex data preprocessing problem into smaller tasks for a Data Scientist team?
Network Engineer,Leadership,Explain how you would handle conflict between team members over approaches to switching concepts.
Interactive Media Specialist,Technical,Explain the key concepts of interactive storytelling and how you would apply them in a Interactive Media Specialist role.
Full Stack Developer,Problem Solving,How would you break down a complex RESTful API design problem into smaller tasks for a Full Stack Developer team?
Data Scientist,Behavioral,Describe how you manage competing priorities when working on data preprocessing tasks.
Backend Developer,Experience,How have you measured success when working on security best practices initiatives? (for a legacy system).
UX/UI Designer,Leadership,How do you foster a culture of quality and security around usability testing in your team?
Network Engineer,Behavioral,Share an example when you had to learn a new tool or technique for QoS quickly.
Cyber Security Engineer,Behavioral,Describe a situation where you had to collaborate with others to solve a problem related to secure coding practices.
Information Systems Engineer,Technical,How would you design a solution for requirements gathering in the context of a Information Systems Engineer position?
UX/UI Designer,Leadership,How would you lead a team building a user research methods feature from concept to production in a UX/UI Designer context?
AI Engineer,Technical,How would you design a solution for model interpretability in the context of a AI Engineer position? (in a cloud-native environment).
Frontend Developer,Leadership,How do you foster a culture of quality and security around JavaScript event handling in your team?
Interactive Media Specialist,Leadership,How do you foster a culture of quality and security around AR/VR basics in your team?
Interactive Media Specialist,Leadership,Explain how you would handle conflict between team members over approaches to game mechanics.
Data Scientist,Technical,Walk me through the steps to implement machine learning model selection for a Data Scientist project.
Information Systems Engineer,Behavioral,Describe a situation where you had to collaborate with others to solve a problem related to systems analysis (while ensuring accessibility).
Backend Developer,Leadership,Share your strategy to prioritize work and align stakeholders when implementing API versioning (for a legacy system).
Interactive Media Specialist,Experience,What experience do you have with performance optimization for media in past projects and what was the outcome?
Computer Scientist,Experience,How have you measured success when working on computational theory initiatives? (while ensuring accessibility).
Network Engineer,Experience,How have you measured success when working on VPNs initiatives?
Information Systems Engineer,Problem Solving,Here's a problem: how would you approach optimizing requirements gathering for a large-scale Information Systems Engineer system?
Information Systems Engineer,Leadership,How would you lead a team building a database management feature from concept to production in a Information Systems Engineer context?
AI Engineer,Technical,How would you design a solution for MLOps in the context of a AI Engineer position?
Cyber Security Engineer,Leadership,Describe how you'd mentor junior engineers/designers on best practices for IAM (Identity and Access Management).
Full Stack Developer,Experience,Discuss a system you built that relied on frontend-backend integration and the biggest lessons learned.
Backend Developer,Leadership,How do you foster a culture of quality and security around caching strategies in your team?
Cyber Security Engineer,Leadership,Describe how you'd mentor junior engineers/designers on best practices for network security.
Computer Scientist,Experience,Describe a project where you used concurrency and the role you played in it.
AI Engineer,Leadership,How would you lead a team building a continuously learning systems feature from concept to production in a AI Engineer context? (in a cloud-native environment).
AI Engineer,Experience,How have you measured success when working on model deployment initiatives?
UX/UI Designer,Behavioral,Share an example when you had to learn a new tool or technique for prototyping tools quickly.
Interactive Media Specialist,Problem Solving,Propose a solution to improve AR/VR basics when faced with limited resources in a Interactive Media Specialist project.
AI Engineer,Experience,Which tools or frameworks have you used for prompt engineering and which did you prefer? Why?
Frontend Developer,Behavioral,Share an example when you had to learn a new tool or technique for JavaScript event handling quickly.
Backend Developer,Technical,Describe the trade-offs between different approaches to database transactions for a Backend Developer (considering performance at scale).
Computer Scientist,Technical,How would you design a solution for distributed systems in the context of a Computer Scientist position? (with limited budget and time).
Network Engineer,Leadership,How would you lead a team building a routing protocols feature from concept to production in a Network Engineer context?
Cyber Security Engineer,Leadership,Share your strategy to prioritize work and align stakeholders when implementing incident response.
Network Engineer,Technical,Walk me through the steps to implement network troubleshooting for a Network Engineer project.
AI Engineer,Problem Solving,"Given a scenario with fine-tuning models failures, outline your debugging and mitigation steps for a AI Engineer role."
Frontend Developer,Experience,Describe a project where you used responsive design and the role you played in it (in a cloud-native environment).
Cyber Security Engineer,Behavioral,Tell me about a time you faced a challenge involving secure coding practices and how you handled it.
Full Stack Developer,Leadership,Share your strategy to prioritize work and align stakeholders when implementing frontend-backend integration.
Data Scientist,Leadership,Share your strategy to prioritize work and align stakeholders when implementing time series forecasting.
Interactive Media Specialist,Problem Solving,Propose a solution to improve game mechanics when faced with limited resources in a Interactive Media Specialist project.
Backend Developer,Problem Solving,Here's a problem: how would you approach optimizing asynchronous processing for a large-scale Backend Developer system? (with limited budget and time).
Network Engineer,Behavioral,Share an example when you had to learn a new tool or technique for network troubleshooting quickly.
Frontend Developer,Problem Solving,Propose a solution to improve cross-browser compatibility when faced with limited resources in a Frontend Developer project (considering performance at scale).
Computer Scientist,Behavioral,Tell me about a time you faced a challenge involving distributed systems and how you handled it.
Full Stack Developer,Leadership,How do you foster a culture of quality and security around database schema design in your team? (considering performance at scale).
Frontend Developer,Technical,How would you design a solution for accessibility (a11y) in the context of a Frontend Developer position? (while ensuring accessibility).
Cyber Security Engineer,Problem Solving,How would you break down a complex network security problem into smaller tasks for a Cyber Security Engineer team?
Computer Scientist,Behavioral,Share an example when you had to learn a new tool or technique for concurrency quickly.
Interactive Media Specialist,Leadership,How do you foster a culture of quality and security around audio-visual synchronization in your team?
Network Engineer,Technical,Explain the key concepts of VPNs and how you would apply them in a Network Engineer role.
Cyber Security Engineer,Leadership,Share your strategy to prioritize work and align stakeholders when implementing vulnerability assessment (with limited budget and time).
Backend Developer,Technical,What are common pitfalls when working with microservices and how do you avoid them? (for a legacy system).
Cyber Security Engineer,Problem Solving,"Given a scenario with secure coding practices failures, outline your debugging and mitigation steps for a Cyber Security Engineer role."
Data Scientist,Leadership,How would you lead a team building a deep learning architectures feature from concept to production in a Data Scientist context?
Full Stack Developer,Behavioral,Tell me about a time you faced a challenge involving performance optimization and how you handled it.
Information Systems Engineer,Technical,What are common pitfalls when working with business process modeling and how do you avoid them?
Full Stack Developer,Problem Solving,Here's a problem: how would you approach optimizing authentication for a large-scale Full Stack Developer system?
Data Scientist,Technical,Explain the key concepts of A/B testing and how you would apply them in a Data Scientist role.
UX/UI Designer,Problem Solving,Propose a solution to improve accessibility design when faced with limited resources in a UX/UI Designer project.
Computer Scientist,Experience,Describe a project where you used distributed systems and the role you played in it.
Backend Developer,Technical,How would you design a solution for asynchronous processing in the context of a Backend Developer position? (for a legacy system).
Data Scientist,Leadership,Explain how you would handle conflict between team members over approaches to model evaluation metrics (in a cloud-native environment).
Information Systems Engineer,Technical,What are common pitfalls when working with ERP systems and how do you avoid them?
Data Scientist,Behavioral,Have you ever had to persuade stakeholders about an approach to A/B testing? What happened? (for a legacy system).
Full Stack Developer,Technical,Explain the key concepts of performance optimization and how you would apply them in a Full Stack Developer role.
Cyber Security Engineer,Problem Solving,"Given a scenario with network security failures, outline your debugging and mitigation steps for a Cyber Security Engineer role (with limited budget and time)."
Backend Developer,Behavioral,Describe a situation where you had to collaborate with others to solve a problem related to database transactions (while ensuring accessibility).
AI Engineer,Leadership,How do you foster a culture of quality and security around model deployment in your team?
Computer Scientist,Behavioral,Tell me about a time you faced a challenge involving concurrency and how you handled it (with limited budget and time).
AI Engineer,Experience,Discuss a system you built that relied on prompt engineering and the biggest lessons learned.
UX/UI Designer,Technical,Explain the key concepts of usability testing and how you would apply them in a UX/UI Designer role (with limited budget and time).
UX/UI Designer,Behavioral,Tell me about a time you faced a challenge involving design systems and how you handled it.
UX/UI Designer,Problem Solving,How would you break down a complex user research methods problem into smaller tasks for a UX/UI Designer team?
Full Stack Developer,Problem Solving,Here's a problem: how would you approach optimizing RESTful API design for a large-scale Full Stack Developer system?
Information Systems Engineer,Technical,Describe the trade-offs between different approaches to ERP systems for a Information Systems Engineer (for a legacy system).
AI Engineer,Behavioral,Share an example when you had to learn a new tool or technique for model deployment quickly.
Backend Developer,Experience,Discuss a system you built that relied on database transactions and the biggest lessons learned.
Information Systems Engineer,Experience,Which tools or frameworks have you used for requirements gathering and which did you prefer? Why?
Network Engineer,Leadership,Share your strategy to prioritize work and align stakeholders when implementing QoS.
Cyber Security Engineer,Problem Solving,Propose a solution to improve vulnerability assessment when faced with limited resources in a Cyber Security Engineer project.
AI Engineer,Leadership,Describe how you'd mentor junior engineers/designers on best practices for MLOps.
Information Systems Engineer,Technical,Walk me through the steps to implement business process modeling for a Information Systems Engineer project.
Cyber Security Engineer,Technical,How would you design a solution for vulnerability assessment in the context of a Cyber Security Engineer position?
Cyber Security Engineer,Leadership,Describe how you'd mentor junior engineers/designers on best practices for incident response.
Backend Developer,Leadership,Share your strategy to prioritize work and align stakeholders when implementing security best practices.
Backend Developer,Technical,What are common pitfalls when working with scalability and how do you avoid them?
Computer Scientist,Leadership,How do you foster a culture of quality and security around computational theory in your team?
Information Systems Engineer,Problem Solving,Here's a problem: how would you approach optimizing requirements gathering for a large-scale Information Systems Engineer system?
Cyber Security Engineer,Technical,What are common pitfalls when working with vulnerability assessment and how do you avoid them?
Interactive Media Specialist,Leadership,Explain how you would handle conflict between team members over approaches to UX for interactive media (for a legacy system).
UX/UI Designer,Leadership,How would you lead a team building a usability testing feature from concept to production in a UX/UI Designer context?
UX/UI Designer,Leadership,How would you lead a team building a user research methods feature from concept to production in a UX/UI Designer context?
Network Engineer,Leadership,How do you foster a culture of quality and security around network troubleshooting in your team?
Information Systems Engineer,Technical,Walk me through the steps to implement IT governance for a Information Systems Engineer project (with limited budget and time).
AI Engineer,Problem Solving,Propose a solution to improve model deployment when faced with limited resources in a AI Engineer project (considering performance at scale).
Frontend Developer,Experience,Discuss a system you built that relied on web performance and the biggest lessons learned.
AI Engineer,Behavioral,Share an example when you had to learn a new tool or technique for transformers quickly.
Cyber Security Engineer,Experience,What experience do you have with encryption and cryptography in past projects and what was the outcome?
Data Scientist,Behavioral,Tell me about a time you faced a challenge involving data preprocessing and how you handled it.
Backend Developer,Technical,What are common pitfalls when working with API versioning and how do you avoid them?
Information Systems Engineer,Leadership,How would you lead a team building a IT governance feature from concept to production in a Information Systems Engineer context?
Information Systems Engineer,Behavioral,Have you ever had to persuade stakeholders about an approach to requirements gathering? What happened?
Network Engineer,Problem Solving,"Given a scenario with subnetting and CIDR failures, outline your debugging and mitigation steps for a Network Engineer role."
Backend Developer,Behavioral,Tell me about a time you faced a challenge involving scalability and how you handled it.
Network Engineer,Experience,What experience do you have with VPNs in past projects and what was the outcome?
Cyber Security Engineer,Problem Solving,Here's a problem: how would you approach optimizing encryption and cryptography for a large-scale Cyber Security Engineer system?
Backend Developer,Technical,Walk me through the steps to implement API versioning for a Backend Developer project (while ensuring accessibility).
Data Scientist,Behavioral,Have you ever had to persuade stakeholders about an approach to A/B testing? What happened?
Full Stack Developer,Behavioral,Share an example when you had to learn a new tool or technique for database schema design quickly.
Data Scientist,Technical,Describe the trade-offs between different approaches to machine learning model selection for a Data Scientist.
UX/UI Designer,Behavioral,Describe how you manage competing priorities when working on prototyping tools tasks.
Computer Scientist,Experience,What experience do you have with distributed systems in past projects and what was the outcome?
Data Scientist,Behavioral,Describe a situation where you had to collaborate with others to solve a problem related to time series forecasting.
Interactive Media Specialist,Experience,Discuss a system you built that relied on AR/VR basics and the biggest lessons learned (for a legacy system).
Cyber Security Engineer,Problem Solving,Here's a problem: how would you approach optimizing incident response for a large-scale Cyber Security Engineer system? (while ensuring accessibility).
AI Engineer,Leadership,How would you lead a team building a transformers feature from concept to production in a AI Engineer context?
UX/UI Designer,Behavioral,Describe a situation where you had to collaborate with others to solve a problem related to usability testing.
UX/UI Designer,Experience,How have you measured success when working on prototyping tools initiatives? (while ensuring accessibility).
AI Engineer,Problem Solving,"Given a scenario with prompt engineering failures, outline your debugging and mitigation steps for a AI Engineer role (in a cloud-native environment)."
UX/UI Designer,Leadership,Describe how you'd mentor junior engineers/designers on best practices for usability testing.
Frontend Developer,Behavioral,Share an example when you had to learn a new tool or technique for react hooks quickly (while ensuring accessibility).
Data Scientist,Leadership,Describe how you'd mentor junior engineers/designers on best practices for model evaluation metrics.
AI Engineer,Leadership,Describe how you'd mentor junior engineers/designers on best practices for continuously learning systems (while ensuring accessibility).
Computer Scientist,Leadership,How do you foster a culture of quality and security around computational theory in your team?
Frontend Developer,Behavioral,Tell me about a time you faced a challenge involving JavaScript event handling and how you handled it.
Interactive Media Specialist,Leadership,Explain how you would handle conflict between team members over approaches to performance optimization for media (considering performance at scale).
Full Stack Developer,Experience,Discuss a system you built that relied on performance optimization and the biggest lessons learned.
Full Stack Developer,Experience,What experience do you have with deployment in past projects and what was the outcome?
UX/UI Designer,Technical,Describe the trade-offs between different approaches to wireframing for a UX/UI Designer.
Computer Scientist,Problem Solving,Here's a problem: how would you approach optimizing concurrency for a large-scale Computer Scientist system?
Data Scientist,Experience,Describe a project where you used model evaluation metrics and the role you played in it (while ensuring accessibility).
Information Systems Engineer,Technical,Explain the key concepts of requirements gathering and how you would apply them in a Information Systems Engineer role.
AI Engineer,Experience,Discuss a system you built that relied on prompt engineering and the biggest lessons learned.
Full Stack Developer,Leadership,Explain how you would handle conflict between team members over approaches to frontend-backend integration (with limited budget and time).
Full Stack Developer,Technical,What are common pitfalls when working with RESTful API design and how do you avoid them? (while ensuring accessibility).
AI Engineer,Leadership,Share your strategy to prioritize work and align stakeholders when implementing fine-tuning models.
Information Systems Engineer,Experience,Discuss a system you built that relied on database management and the biggest lessons learned (while ensuring accessibility).
Cyber Security Engineer,Problem Solving,Design an algorithm or approach to solve threat modeling in a Cyber Security Engineer setting. Explain complexity (with limited budget and time).
Frontend Developer,Experience,Which tools or frameworks have you used for cross-browser compatibility and which did you prefer? Why?
Network Engineer,Technical,Describe the trade-offs between different approaches to network troubleshooting for a Network Engineer.
Frontend Developer,Behavioral,Tell me about a time you faced a challenge involving react hooks and how you handled it.
Network Engineer,Problem Solving,"Given a scenario with subnetting and CIDR failures, outline your debugging and mitigation steps for a Network Engineer role."
Backend Developer,Leadership,Share your strategy to prioritize work and align stakeholders when implementing scalability.
Full Stack Developer,Behavioral,Have you ever had to persuade stakeholders about an approach to state management? What happened?
Backend Developer,Problem Solving,"Given a scenario with API versioning failures, outline your debugging and mitigation steps for a Backend Developer role."
Full Stack Developer,Behavioral,Have you ever had to persuade stakeholders about an approach to performance optimization? What happened?
Full Stack Developer,Behavioral,Describe a situation where you had to collaborate with others to solve a problem related to frontend-backend integration.
Full Stack Developer,Technical,Walk me through the steps to implement deployment for a Full Stack Developer project.
Frontend Developer,Problem Solving,How would you break down a complex accessibility (a11y) problem into smaller tasks for a Frontend Developer team?
Backend Developer,Problem Solving,Propose a solution to improve API versioning when faced with limited resources in a Backend Developer project (for a legacy system).
Data Scientist,Problem Solving,Here's a problem: how would you approach optimizing time series forecasting for a large-scale Data Scientist system? (with limited budget and time).
AI Engineer,Problem Solving,Here's a problem: how would you approach optimizing model deployment for a large-scale AI Engineer system?
Interactive Media Specialist,Leadership,Describe how you'd mentor junior engineers/designers on best practices for audio-visual synchronization (while ensuring accessibility).
Computer Scientist,Experience,Describe a project where you used distributed systems and the role you played in it (considering performance at scale).
AI Engineer,Leadership,Describe how you'd mentor junior engineers/designers on best practices for fine-tuning models.
Full Stack Developer,Technical,Explain the key concepts of authentication and how you would apply them in a Full Stack Developer role.
Frontend Developer,Problem Solving,How would you break down a complex web performance problem into smaller tasks for a Frontend Developer team?
Frontend Developer,Technical,Walk me through the steps to implement responsive design for a Frontend Developer project.
Computer Scientist,Leadership,Describe how you'd mentor junior engineers/designers on best practices for data structures (with limited budget and time).
Interactive Media Specialist,Technical,Explain the key concepts of audio-visual synchronization and how you would apply them in a Interactive Media Specialist role (with limited budget and time).
Information Systems Engineer,Experience,How have you measured success when working on ERP systems initiatives?
Information Systems Engineer,Problem Solving,Here's a problem: how would you approach optimizing ERP systems for a large-scale Information Systems Engineer system? (with limited budget and time).
AI Engineer,Problem Solving,Propose a solution to improve prompt engineering when faced with limited resources in a AI Engineer project.
Full Stack Developer,Behavioral,Share an example when you had to learn a new tool or technique for deployment quickly.
Data Scientist,Technical,Walk me through the steps to implement feature engineering for a Data Scientist project.
UX/UI Designer,Experience,Discuss a system you built that relied on usability testing and the biggest lessons learned (while ensuring accessibility).
Data Scientist,Behavioral,Describe a situation where you had to collaborate with others to solve a problem related to machine learning model selection.
Network Engineer,Experience,Discuss a system you built that relied on network troubleshooting and the biggest lessons learned (while ensuring accessibility).
Network Engineer,Experience,How have you measured success when working on QoS initiatives?
AI Engineer,Technical,Walk me through the steps to implement transformers for a AI Engineer project.
Computer Scientist,Technical,Describe the trade-offs between different approaches to compiler design for a Computer Scientist (for a legacy system).
Full Stack Developer,Leadership,Share your strategy to prioritize work and align stakeholders when implementing deployment.
Backend Developer,Problem Solving,"Given a scenario with database transactions failures, outline your debugging and mitigation steps for a Backend Developer role."
Network Engineer,Behavioral,Have you ever had to persuade stakeholders about an approach to switching concepts? What happened?
Frontend Developer,Leadership,How do you foster a culture of quality and security around cross-browser compatibility in your team? (while ensuring accessibility).
Cyber Security Engineer,Technical,How would you design a solution for IAM (Identity and Access Management) in the context of a Cyber Security Engineer position? (while ensuring accessibility).
Cyber Security Engineer,Behavioral,Tell me about a time you faced a challenge involving encryption and cryptography and how you handled it (considering performance at scale).
Cyber Security Engineer,Technical,Describe the trade-offs between different approaches to threat modeling for a Cyber Security Engineer.
Interactive Media Specialist,Technical,How would you design a solution for UX for interactive media in the context of a Interactive Media Specialist position? (considering performance at scale).
Interactive Media Specialist,Problem Solving,"Given a scenario with audio-visual synchronization failures, outline your debugging and mitigation steps for a Interactive Media Specialist role."
Full Stack Developer,Problem Solving,Design an algorithm or approach to solve performance optimization in a Full Stack Developer setting. Explain complexity.
Cyber Security Engineer,Leadership,How would you lead a team building a vulnerability assessment feature from concept to production in a Cyber Security Engineer context?
Frontend Developer,Leadership,How would you lead a team building a react hooks feature from concept to production in a Frontend Developer context?
Cyber Security Engineer,Leadership,Explain how you would handle conflict between team members over approaches to network security (in a cloud-native environment).
Interactive Media Specialist,Experience,Describe a project where you used performance optimization for media and the role you played in it.
Data Scientist,Behavioral,Share an example when you had to learn a new tool or technique for deep learning architectures quickly (while ensuring accessibility).
Network Engineer,Experience,Which tools or frameworks have you used for network monitoring and which did you prefer? Why?
Frontend Developer,Leadership,Explain how you would handle conflict between team members over approaches to JavaScript event handling.
UX/UI Designer,Leadership,Explain how you would handle conflict between team members over approaches to user research methods.
Interactive Media Specialist,Problem Solving,How would you break down a complex audio-visual synchronization problem into smaller tasks for a Interactive Media Specialist team?
UX/UI Designer,Experience,How have you measured success when working on information architecture initiatives?
Data Scientist,Leadership,Explain how you would handle conflict between team members over approaches to machine learning model selection.
Network Engineer,Experience,Describe a project where you used QoS and the role you played in it.
Computer Scientist,Behavioral,Describe how you manage competing priorities when working on data structures tasks.
AI Engineer,Behavioral,Describe a situation where you had to collaborate with others to solve a problem related to prompt engineering.
AI Engineer,Behavioral,Describe how you manage competing priorities when working on continuously learning systems tasks.
Computer Scientist,Experience,Describe a project where you used algorithms complexity and the role you played in it (while ensuring accessibility).
Backend Developer,Problem Solving,"Given a scenario with scalability failures, outline your debugging and mitigation steps for a Backend Developer role."
UX/UI Designer,Technical,Explain the key concepts of information architecture and how you would apply them in a UX/UI Designer role.
Network Engineer,Experience,Discuss a system you built that relied on network monitoring and the biggest lessons learned.
Backend Developer,Behavioral,Describe a situation where you had to collaborate with others to solve a problem related to microservices.
Network Engineer,Leadership,Share your strategy to prioritize work and align stakeholders when implementing network troubleshooting.
Frontend Developer,Problem Solving,Design an algorithm or approach to solve JavaScript event handling in a Frontend Developer setting. Explain complexity.
Data Scientist,Technical,Walk me through the steps to implement model evaluation metrics for a Data Scientist project (for a legacy system).
UX/UI Designer,Experience,What experience do you have with usability testing in past projects and what was the outcome?
UX/UI Designer,Behavioral,Share an example when you had to learn a new tool or technique for design systems quickly.
UX/UI Designer,Technical,Walk me through the steps to implement design systems for a UX/UI Designer project.
Full Stack Developer,Leadership,How would you lead a team building a frontend-backend integration feature from concept to production in a Full Stack Developer context?
Data Scientist,Problem Solving,Here's a problem: how would you approach optimizing machine learning model selection for a large-scale Data Scientist system?
Data Scientist,Experience,Discuss a system you built that relied on machine learning model selection and the biggest lessons learned.
Interactive Media Specialist,Problem Solving,Propose a solution to improve interactive storytelling when faced with limited resources in a Interactive Media Specialist project.
Full Stack Developer,Problem Solving,"Given a scenario with state management failures, outline your debugging and mitigation steps for a Full Stack Developer role."
Interactive Media Specialist,Leadership,How would you lead a team building a performance optimization for media feature from concept to production in a Interactive Media Specialist context?
Interactive Media Specialist,Behavioral,Describe a situation where you had to collaborate with others to solve a problem related to AR/VR basics.
Information Systems Engineer,Behavioral,Describe a situation where you had to collaborate with others to solve a problem related to requirements gathering.
Data Scientist,Problem Solving,Here's a problem: how would you approach optimizing A/B testing for a large-scale Data Scientist system?
Network Engineer,Technical,What are common pitfalls when working with switching concepts and how do you avoid them?
Cyber Security Engineer,Experience,Discuss a system you built that relied on incident response and the biggest lessons learned.
AI Engineer,Experience,What experience do you have with prompt engineering in past projects and what was the outcome?
AI Engineer,Problem Solving,"Given a scenario with model deployment failures, outline your debugging and mitigation steps for a AI Engineer role."
Cyber Security Engineer,Leadership,How do you foster a culture of quality and security around incident response in your team?
Computer Scientist,Behavioral,Tell me about a time you faced a challenge involving data structures and how you handled it.
UX/UI Designer,Leadership,Explain how you would handle conflict between team members over approaches to information architecture.
Frontend Developer,Leadership,Share your strategy to prioritize work and align stakeholders when implementing cross-browser compatibility (considering performance at scale).
AI Engineer,Leadership,Describe how you'd mentor junior engineers/designers on best practices for model interpretability (for a legacy system).
Network Engineer,Experience,How have you measured success when working on QoS initiatives?
Network Engineer,Technical,Walk me through the steps to implement VPNs for a Network Engineer project.
Information Systems Engineer,Leadership,Explain how you would handle conflict between team members over approaches to requirements gathering.
Frontend Developer,Leadership,How would you lead a team building a accessibility (a11y) feature from concept to production in a Frontend Developer context?
Information Systems Engineer,Behavioral,Describe a situation where you had to collaborate with others to solve a problem related to systems analysis.
Frontend Developer,Technical,How would you design a solution for cross-browser compatibility in the context of a Frontend Developer position?
UX/UI Designer,Behavioral,Describe how you manage competing priorities when working on design systems tasks.
Network Engineer,Behavioral,Share an example when you had to learn a new tool or technique for subnetting and CIDR quickly (while ensuring accessibility).
AI Engineer,Behavioral,Share an example when you had to learn a new tool or technique for MLOps quickly.
Backend Developer,Technical,What are common pitfalls when working with scalability and how do you avoid them?
Backend Developer,Problem Solving,Here's a problem: how would you approach optimizing security best practices for a large-scale Backend Developer system? (while ensuring accessibility).
Network Engineer,Leadership,Explain how you would handle conflict between team members over approaches to subnetting and CIDR.
Computer Scientist,Behavioral,Describe a situation where you had to collaborate with others to solve a problem related to distributed systems (considering performance at scale).
Cyber Security Engineer,Technical,What are common pitfalls when working with network security and how do you avoid them?
Information Systems Engineer,Problem Solving,Design an algorithm or approach to solve ERP systems in a Information Systems Engineer setting. Explain complexity.
Data Scientist,Problem Solving,Design an algorithm or approach to solve A/B testing in a Data Scientist setting. Explain complexity (while ensuring accessibility).
Cyber Security Engineer,Behavioral,Describe how you manage competing priorities when working on threat modeling tasks.
Information Systems Engineer,Behavioral,Describe how you manage competing priorities when working on IT governance tasks.
Full Stack Developer,Behavioral,Describe how you manage competing priorities when working on state management tasks.
Full Stack Developer,Behavioral,Describe how you manage competing priorities when working on state management tasks.
Interactive Media Specialist,Leadership,Describe how you'd mentor junior engineers/designers on best practices for performance optimization for media.
UX/UI Designer,Behavioral,Describe how you manage competing priorities when working on accessibility design tasks.
Backend Developer,Leadership,Describe how you'd mentor junior engineers/designers on best practices for scalability (for a legacy system).
Interactive Media Specialist,Problem Solving,"Given a scenario with audio-visual synchronization failures, outline your debugging and mitigation steps for a Interactive Media Specialist role."
Cyber Security Engineer,Behavioral,Tell me about a time you faced a challenge involving vulnerability assessment and how you handled it (while ensuring accessibility).
UX/UI Designer,Behavioral,Describe a situation where you had to collaborate with others to solve a problem related to prototyping tools.
Interactive Media Specialist,Experience,Which tools or frameworks have you used for performance optimization for media and which did you prefer? Why?
Computer Scientist,Problem Solving,Design an algorithm or approach to solve concurrency in a Computer Scientist setting. Explain complexity.
Full Stack Developer,Technical,What are common pitfalls when working with state management and how do you avoid them?
Backend Developer,Behavioral,Describe a situation where you had to collaborate with others to solve a problem related to asynchronous processing (while ensuring accessibility).
UX/UI Designer,Leadership,How do you foster a culture of quality and security around prototyping tools in your team?
Frontend Developer,Problem Solving,How would you break down a complex responsive design problem into smaller tasks for a Frontend Developer team?
Information Systems Engineer,Problem Solving,Propose a solution to improve ERP systems when faced with limited resources in a Information Systems Engineer project.
Cyber Security Engineer,Problem Solving,How would you break down a complex incident response problem into smaller tasks for a Cyber Security Engineer team?
Backend Developer,Behavioral,Have you ever had to persuade stakeholders about an approach to security best practices? What happened?
Backend Developer,Experience,What experience do you have with asynchronous processing in past projects and what was the outcome?
Interactive Media Specialist,Behavioral,Describe a situation where you had to collaborate with others to solve a problem related to multimedia authoring tools.
Interactive Media Specialist,Problem Solving,Here's a problem: how would you approach optimizing audio-visual synchronization for a large-scale Interactive Media Specialist system?
Full Stack Developer,Experience,Discuss a system you built that relied on authentication and the biggest lessons learned.
Cyber Security Engineer,Experience,How have you measured success when working on vulnerability assessment initiatives?
Computer Scientist,Experience,How have you measured success when working on distributed systems initiatives?
Computer Scientist,Problem Solving,Here's a problem: how would you approach optimizing computational theory for a large-scale Computer Scientist system?
Information Systems Engineer,Experience,How have you measured success when working on systems analysis initiatives?
Data Scientist,Technical,How would you design a solution for deep learning architectures in the context of a Data Scientist position?
Interactive Media Specialist,Problem Solving,Propose a solution to improve multimedia authoring tools when faced with limited resources in a Interactive Media Specialist project.
Frontend Developer,Leadership,Describe how you'd mentor junior engineers/designers on best practices for cross-browser compatibility (in a cloud-native environment).
Computer Scientist,Experience,Describe a project where you used data structures and the role you played in it (in a cloud-native environment).
Interactive Media Specialist,Problem Solving,How would you break down a complex performance optimization for media problem into smaller tasks for a Interactive Media Specialist team?
UX/UI Designer,Problem Solving,"Given a scenario with prototyping tools failures, outline your debugging and mitigation steps for a UX/UI Designer role (considering performance at scale)."
Network Engineer,Experience,Discuss a system you built that relied on routing protocols and the biggest lessons learned.
Cyber Security Engineer,Behavioral,Share an example when you had to learn a new tool or technique for secure coding practices quickly.
Cyber Security Engineer,Behavioral,Describe how you manage competing priorities when working on IAM (Identity and Access Management) tasks.
UX/UI Designer,Behavioral,Have you ever had to persuade stakeholders about an approach to information architecture? What happened?
Computer Scientist,Technical,Walk me through the steps to implement distributed systems for a Computer Scientist project.
Data Scientist,Technical,Describe the trade-offs between different approaches to deep learning architectures for a Data Scientist (considering performance at scale).
Network Engineer,Experience,What experience do you have with routing protocols in past projects and what was the outcome? (for a legacy system).
Network Engineer,Problem Solving,Here's a problem: how would you approach optimizing routing protocols for a large-scale Network Engineer system?
UX/UI Designer,Technical,What are common pitfalls when working with wireframing and how do you avoid them? (while ensuring accessibility).
UX/UI Designer,Technical,Describe the trade-offs between different approaches to accessibility design for a UX/UI Designer.
Cyber Security Engineer,Behavioral,Share an example when you had to learn a new tool or technique for secure coding practices quickly.
Information Systems Engineer,Problem Solving,Propose a solution to improve ERP systems when faced with limited resources in a Information Systems Engineer project.
AI Engineer,Experience,Describe a project where you used fine-tuning models and the role you played in it.
Backend Developer,Technical,What are common pitfalls when working with microservices and how do you avoid them?
Network Engineer,Technical,How would you design a solution for switching concepts in the context of a Network Engineer position?
AI Engineer,Experience,Which tools or frameworks have you used for prompt engineering and which did you prefer? Why?
Backend Developer,Behavioral,Describe a situation where you had to collaborate with others to solve a problem related to caching strategies (considering performance at scale).
Computer Scientist,Behavioral,Share an example when you had to learn a new tool or technique for distributed systems quickly (for a legacy system).
Information Systems Engineer,Leadership,How would you lead a team building a database management feature from concept to production in a Information Systems Engineer context? (considering performance at scale).
Data Scientist,Leadership,How would you lead a team building a time series forecasting feature from concept to production in a Data Scientist context?
Frontend Developer,Leadership,Share your strategy to prioritize work and align stakeholders when implementing JavaScript event handling.
Full Stack Developer,Technical,Walk me through the steps to implement performance optimization for a Full Stack Developer project.
Computer Scientist,Experience,Describe a project where you used operating systems and the role you played in it.
AI Engineer,Technical,What are common pitfalls when working with prompt engineering and how do you avoid them?
Computer Scientist,Experience,Which tools or frameworks have you used for computational theory and which did you prefer? Why?
Full Stack Developer,Problem Solving,Here's a problem: how would you approach optimizing performance optimization for a large-scale Full Stack Developer system?
Network Engineer,Behavioral,Describe how you manage competing priorities when working on routing protocols tasks (considering performance at scale).
UX/UI Designer,Technical,Walk me through the steps to implement accessibility design for a UX/UI Designer project (with limited budget and time).
Data Scientist,Leadership,Share your strategy to prioritize work and align stakeholders when implementing data preprocessing.
Data Scientist,Behavioral,Tell me about a time you faced a challenge involving data preprocessing and how you handled it.
Interactive Media Specialist,Leadership,How do you foster a culture of quality and security around game mechanics in your team?
Computer Scientist,Experience,Discuss a system you built that relied on computational theory and the biggest lessons learned.
Computer Scientist,Problem Solving,How would you break down a complex compiler design problem into smaller tasks for a Computer Scientist team? (while ensuring accessibility).
Computer Scientist,Experience,Describe a project where you used algorithms complexity and the role you played in it.
Cyber Security Engineer,Leadership,Explain how you would handle conflict between team members over approaches to incident response.
Information Systems Engineer,Experience,Discuss a system you built that relied on systems analysis and the biggest lessons learned (considering performance at scale).
AI Engineer,Technical,Walk me through the steps to implement model interpretability for a AI Engineer project.
Information Systems Engineer,Leadership,Describe how you'd mentor junior engineers/designers on best practices for database management.
Frontend Developer,Behavioral,Have you ever had to persuade stakeholders about an approach to responsive design? What happened?
Computer Scientist,Leadership,Describe how you'd mentor junior engineers/designers on best practices for operating systems.
Information Systems Engineer,Problem Solving,Here's a problem: how would you approach optimizing IT governance for a large-scale Information Systems Engineer system?
Data Scientist,Leadership,Share your strategy to prioritize work and align stakeholders when implementing model evaluation metrics.
Full Stack Developer,Experience,Which tools or frameworks have you used for database schema design and which did you prefer? Why?
Computer Scientist,Behavioral,Have you ever had to persuade stakeholders about an approach to data structures? What happened?
Network Engineer,Problem Solving,Propose a solution to improve switching concepts when faced with limited resources in a Network Engineer project.
Frontend Developer,Technical,Explain the key concepts of responsive design and how you would apply them in a Frontend Developer role (while ensuring accessibility).
Full Stack Developer,Technical,Explain the key concepts of deployment and how you would apply them in a Full Stack Developer role (for a legacy system).
Data Scientist,Leadership,How would you lead a team building a model evaluation metrics feature from concept to production in a Data Scientist context?
Information Systems Engineer,Problem Solving,Propose a solution to improve IT governance when faced with limited resources in a Information Systems Engineer project (with limited budget and time).
Full Stack Developer,Experience,What experience do you have with authentication in past projects and what was the outcome? (with limited budget and time).
UX/UI Designer,Behavioral,Describe a situation where you had to collaborate with others to solve a problem related to wireframing (in a cloud-native environment).
Computer Scientist,Behavioral,Describe a situation where you had to collaborate with others to solve a problem related to computational theory.
Interactive Media Specialist,Problem Solving,"Given a scenario with performance optimization for media failures, outline your debugging and mitigation steps for a Interactive Media Specialist role."
Information Systems Engineer,Experience,What experience do you have with business process modeling in past projects and what was the outcome?
Cyber Security Engineer,Behavioral,Describe a situation where you had to collaborate with others to solve a problem related to incident response (in a cloud-native environment).
Cyber Security Engineer,Experience,Describe a project where you used network security and the role you played in it.
Network Engineer,Problem Solving,Design an algorithm or approach to solve routing protocols in a Network Engineer setting. Explain complexity.
Frontend Developer,Technical,Explain the key concepts of cross-browser compatibility and how you would apply them in a Frontend Developer role (for a legacy system).
AI Engineer,Experience,Describe a project where you used continuously learning systems and the role you played in it.
Interactive Media Specialist,Problem Solving,"Given a scenario with audio-visual synchronization failures, outline your debugging and mitigation steps for a Interactive Media Specialist role."
Information Systems Engineer,Leadership,How would you lead a team building a ERP systems feature from concept to production in a Information Systems Engineer context?
Full Stack Developer,Behavioral,Share an example when you had to learn a new tool or technique for frontend-backend integration quickly.
Backend Developer,Technical,What are common pitfalls when working with security best practices and how do you avoid them?
Cyber Security Engineer,Problem Solving,Here's a problem: how would you approach optimizing encryption and cryptography for a large-scale Cyber Security Engineer system? (while ensuring accessibility).
Frontend Developer,Experience,How have you measured success when working on react hooks initiatives? (in a cloud-native environment).
Full Stack Developer,Leadership,How do you foster a culture of quality and security around RESTful API design in your team? (while ensuring accessibility).
Data Scientist,Behavioral,Describe a situation where you had to collaborate with others to solve a problem related to data preprocessing.
Network Engineer,Technical,What are common pitfalls when working with QoS and how do you avoid them?
Interactive Media Specialist,Problem Solving,"Given a scenario with audio-visual synchronization failures, outline your debugging and mitigation steps for a Interactive Media Specialist role."
Frontend Developer,Problem Solving,How would you break down a complex web performance problem into smaller tasks for a Frontend Developer team?
Computer Scientist,Problem Solving,"Given a scenario with operating systems failures, outline your debugging and mitigation steps for a Computer Scientist role."
AI Engineer,Leadership,How would you lead a team building a MLOps feature from concept to production in a AI Engineer context?
Backend Developer,Leadership,Describe how you'd mentor junior engineers/designers on best practices for asynchronous processing.
Cyber Security Engineer,Leadership,How would you lead a team building a encryption and cryptography feature from concept to production in a Cyber Security Engineer context?
Information Systems Engineer,Leadership,Describe how you'd mentor junior engineers/designers on best practices for enterprise architecture (in a cloud-native environment).
UX/UI Designer,Behavioral,Have you ever had to persuade stakeholders about an approach to user research methods? What happened? (while ensuring accessibility).
Network Engineer,Leadership,Describe how you'd mentor junior engineers/designers on best practices for switching concepts (considering performance at scale).
AI Engineer,Behavioral,Describe how you manage competing priorities when working on model interpretability tasks.
Information Systems Engineer,Technical,Describe the trade-offs between different approaches to IT governance for a Information Systems Engineer (considering performance at scale).
Computer Scientist,Technical,Walk me through the steps to implement compiler design for a Computer Scientist project.
AI Engineer,Leadership,Describe how you'd mentor junior engineers/designers on best practices for fine-tuning models.
Data Scientist,Experience,How have you measured success when working on data preprocessing initiatives?
Computer Scientist,Behavioral,Share an example when you had to learn a new tool or technique for data structures quickly.
Backend Developer,Behavioral,Have you ever had to persuade stakeholders about an approach to caching strategies? What happened?
Interactive Media Specialist,Leadership,Describe how you'd mentor junior engineers/designers on best practices for performance optimization for media.
Computer Scientist,Behavioral,Have you ever had to persuade stakeholders about an approach to compiler design? What happened? (for a legacy system).
Backend Developer,Problem Solving,"Given a scenario with asynchronous processing failures, outline your debugging and mitigation steps for a Backend Developer role."
Network Engineer,Experience,How have you measured success when working on subnetting and CIDR initiatives? (while ensuring accessibility).
Full Stack Developer,Leadership,How do you foster a culture of quality and security around database schema design in your team?
Information Systems Engineer,Experience,What experience do you have with ERP systems in past projects and what was the outcome?
Network Engineer,Experience,How have you measured success when working on subnetting and CIDR initiatives? (while ensuring accessibility).
Data Scientist,Behavioral,Share an example when you had to learn a new tool or technique for model evaluation metrics quickly.
Backend Developer,Technical,How would you design a solution for database transactions in the context of a Backend Developer position?
UX/UI Designer,Experience,What experience do you have with usability testing in past projects and what was the outcome? (with limited budget and time).
Backend Developer,Behavioral,Describe how you manage competing priorities when working on database transactions tasks.
Frontend Developer,Leadership,Share your strategy to prioritize work and align stakeholders when implementing cross-browser compatibility.
Information Systems Engineer,Behavioral,Tell me about a time you faced a challenge involving IT governance and how you handled it (with limited budget and time).
AI Engineer,Problem Solving,How would you break down a complex model deployment problem into smaller tasks for a AI Engineer team? (for a legacy system).
Data Scientist,Behavioral,Describe a situation where you had to collaborate with others to solve a problem related to data preprocessing (while ensuring accessibility).
Frontend Developer,Problem Solving,Propose a solution to improve CSS layout techniques when faced with limited resources in a Frontend Developer project.
Data Scientist,Leadership,Explain how you would handle conflict between team members over approaches to feature engineering.
Full Stack Developer,Problem Solving,Here's a problem: how would you approach optimizing frontend-backend integration for a large-scale Full Stack Developer system?
Full Stack Developer,Technical,How would you design a solution for authentication in the context of a Full Stack Developer position?
Computer Scientist,Technical,How would you design a solution for data structures in the context of a Computer Scientist position?
Interactive Media Specialist,Problem Solving,"Given a scenario with performance optimization for media failures, outline your debugging and mitigation steps for a Interactive Media Specialist role."
Backend Developer,Problem Solving,"Given a scenario with security best practices failures, outline your debugging and mitigation steps for a Backend Developer role (with limited budget and time)."
Frontend Developer,Leadership,Describe how you'd mentor junior engineers/designers on best practices for cross-browser compatibility.
AI Engineer,Problem Solving,"Given a scenario with model deployment failures, outline your debugging and mitigation steps for a AI Engineer role."
Data Scientist,Technical,How would you design a solution for deep learning architectures in the context of a Data Scientist position? (considering performance at scale).
Interactive Media Specialist,Experience,What experience do you have with interactive storytelling in past projects and what was the outcome?
Data Scientist,Technical,Walk me through the steps to implement machine learning model selection for a Data Scientist project.
Frontend Developer,Behavioral,Have you ever had to persuade stakeholders about an approach to react hooks? What happened?
Computer Scientist,Behavioral,Tell me about a time you faced a challenge involving operating systems and how you handled it.
Cyber Security Engineer,Behavioral,Share an example when you had to learn a new tool or technique for encryption and cryptography quickly.
Full Stack Developer,Problem Solving,Propose a solution to improve state management when faced with limited resources in a Full Stack Developer project.
UX/UI Designer,Leadership,Describe how you'd mentor junior engineers/designers on best practices for prototyping tools (for a legacy system).
AI Engineer,Behavioral,Describe how you manage competing priorities when working on prompt engineering tasks.
Full Stack Developer,Behavioral,Have you ever had to persuade stakeholders about an approach to deployment? What happened? (with limited budget and time).
Full Stack Developer,Leadership,How would you lead a team building a authentication feature from concept to production in a Full Stack Developer context?
Full Stack Developer,Experience,What experience do you have with RESTful API design in past projects and what was the outcome?
Network Engineer,Problem Solving,How would you break down a complex VPNs problem into smaller tasks for a Network Engineer team?
Information Systems Engineer,Leadership,Describe how you'd mentor junior engineers/designers on best practices for systems analysis (considering performance at scale).
Network Engineer,Technical,Describe the trade-offs between different approaches to network troubleshooting for a Network Engineer.
AI Engineer,Behavioral,Describe a situation where you had to collaborate with others to solve a problem related to transformers (in a cloud-native environment).
Network Engineer,Leadership,Share your strategy to prioritize work and align stakeholders when implementing VPNs.
UX/UI Designer,Leadership,Share your strategy to prioritize work and align stakeholders when implementing accessibility design.
Full Stack Developer,Leadership,How would you lead a team building a deployment feature from concept to production in a Full Stack Developer context? (for a legacy system).
Backend Developer,Problem Solving,Here's a problem: how would you approach optimizing asynchronous processing for a large-scale Backend Developer system?
Information Systems Engineer,Behavioral,Describe how you manage competing priorities when working on enterprise architecture tasks (with limited budget and time).
Information Systems Engineer,Problem Solving,Here's a problem: how would you approach optimizing systems analysis for a large-scale Information Systems Engineer system? (while ensuring accessibility).
Frontend Developer,Technical,Describe the trade-offs between different approaches to react hooks for a Frontend Developer.
Interactive Media Specialist,Problem Solving,How would you break down a complex AR/VR basics problem into smaller tasks for a Interactive Media Specialist team? (while ensuring accessibility).
Cyber Security Engineer,Technical,What are common pitfalls when working with threat modeling and how do you avoid them?
Information Systems Engineer,Leadership,Explain how you would handle conflict between team members over approaches to systems analysis (in a cloud-native environment).
Full Stack Developer,Behavioral,Share an example when you had to learn a new tool or technique for authentication quickly.
Full Stack Developer,Problem Solving,"Given a scenario with state management failures, outline your debugging and mitigation steps for a Full Stack Developer role."
Data Scientist,Experience,What experience do you have with feature engineering in past projects and what was the outcome?
Backend Developer,Technical,What are common pitfalls when working with scalability and how do you avoid them?
Computer Scientist,Problem Solving,How would you break down a complex concurrency problem into smaller tasks for a Computer Scientist team?
Computer Scientist,Behavioral,Have you ever had to persuade stakeholders about an approach to algorithms complexity? What happened? (while ensuring accessibility).
Computer Scientist,Behavioral,Describe how you manage competing priorities when working on data structures tasks.
Information Systems Engineer,Experience,How have you measured success when working on requirements gathering initiatives?
Frontend Developer,Technical,How would you design a solution for web performance in the context of a Frontend Developer position? (for a legacy system).
Information Systems Engineer,Experience,How have you measured success when working on systems analysis initiatives?
Data Scientist,Leadership,Share your strategy to prioritize work and align stakeholders when implementing data preprocessing.
Frontend Developer,Behavioral,Describe a situation where you had to collaborate with others to solve a problem related to responsive design (with limited budget and time).
Computer Scientist,Leadership,How would you lead a team building a computational theory feature from concept to production in a Computer Scientist context?
Computer Scientist,Technical,How would you design a solution for distributed systems in the context of a Computer Scientist position?
Frontend Developer,Leadership,Share your strategy to prioritize work and align stakeholders when implementing responsive design.
Data Scientist,Behavioral,Tell me about a time you faced a challenge involving deep learning architectures and how you handled it.
Interactive Media Specialist,Problem Solving,Here's a problem: how would you approach optimizing audio-visual synchronization for a large-scale Interactive Media Specialist system?
Frontend Developer,Experience,What experience do you have with cross-browser compatibility in past projects and what was the outcome?
UX/UI Designer,Experience,Describe a project where you used wireframing and the role you played in it.
Data Scientist,Experience,Which tools or frameworks have you used for time series forecasting and which did you prefer? Why?
Frontend Developer,Behavioral,Share an example when you had to learn a new tool or technique for accessibility (a11y) quickly.
AI Engineer,Technical,How would you design a solution for continuously learning systems in the context of a AI Engineer position? (considering performance at scale).
AI Engineer,Technical,What are common pitfalls when working with model deployment and how do you avoid them? (for a legacy system).
Cyber Security Engineer,Problem Solving,Propose a solution to improve secure coding practices when faced with limited resources in a Cyber Security Engineer project.
AI Engineer,Technical,Walk me through the steps to implement prompt engineering for a AI Engineer project.
Interactive Media Specialist,Leadership,How would you lead a team building a audio-visual synchronization feature from concept to production in a Interactive Media Specialist context?
Cyber Security Engineer,Experience,Which tools or frameworks have you used for incident response and which did you prefer? Why?
Computer Scientist,Technical,Describe the trade-offs between different approaches to data structures for a Computer Scientist.
Full Stack Developer,Experience,Describe a project where you used state management and the role you played in it.
Data Scientist,Experience,How have you measured success when working on deep learning architectures initiatives?
Interactive Media Specialist,Behavioral,Tell me about a time you faced a challenge involving AR/VR basics and how you handled it.
Network Engineer,Leadership,How would you lead a team building a network monitoring feature from concept to production in a Network Engineer context?
Interactive Media Specialist,Leadership,Describe how you'd mentor junior engineers/designers on best practices for performance optimization for media (while ensuring accessibility).
Frontend Developer,Behavioral,Describe how you manage competing priorities when working on web performance tasks.
Interactive Media Specialist,Leadership,Share your strategy to prioritize work and align stakeholders when implementing interactive storytelling.
Cyber Security Engineer,Problem Solving,Design an algorithm or approach to solve vulnerability assessment in a Cyber Security Engineer setting. Explain complexity (considering performance at scale).
Full Stack Developer,Technical,Explain the key concepts of frontend-backend integration and how you would apply them in a Full Stack Developer role.
Network Engineer,Leadership,Share your strategy to prioritize work and align stakeholders when implementing network monitoring (with limited budget and time).
Network Engineer,Technical,Walk me through the steps to implement QoS for a Network Engineer project.
Frontend Developer,Leadership,How do you foster a culture of quality and security around react hooks in your team?
Cyber Security Engineer,Behavioral,Describe a situation where you had to collaborate with others to solve a problem related to encryption and cryptography.
Computer Scientist,Behavioral,Describe how you manage competing priorities when working on distributed systems tasks (for a legacy system).
AI Engineer,Leadership,How do you foster a culture of quality and security around prompt engineering in your team?
Data Scientist,Behavioral,Have you ever had to persuade stakeholders about an approach to model evaluation metrics? What happened?
Information Systems Engineer,Behavioral,Tell me about a time you faced a challenge involving database management and how you handled it.
Computer Scientist,Experience,Discuss a system you built that relied on concurrency and the biggest lessons learned.
UX/UI Designer,Technical,How would you design a solution for prototyping tools in the context of a UX/UI Designer position?
Computer Scientist,Leadership,Explain how you would handle conflict between team members over approaches to computational theory.
Computer Scientist,Leadership,How would you lead a team building a distributed systems feature from concept to production in a Computer Scientist context? (considering performance at scale).
Backend Developer,Experience,What experience do you have with API versioning in past projects and what was the outcome?
Cyber Security Engineer,Behavioral,Describe a situation where you had to collaborate with others to solve a problem related to secure coding practices.
Computer Scientist,Leadership,Share your strategy to prioritize work and align stakeholders when implementing compiler design.
Network Engineer,Leadership,How do you foster a culture of quality and security around QoS in your team? (in a cloud-native environment).
Network Engineer,Problem Solving,"Given a scenario with switching concepts failures, outline your debugging and mitigation steps for a Network Engineer role."
Information Systems Engineer,Leadership,Share your strategy to prioritize work and align stakeholders when implementing ERP systems.
UX/UI Designer,Leadership,Explain how you would handle conflict between team members over approaches to usability testing (while ensuring accessibility).
AI Engineer,Problem Solving,"Given a scenario with MLOps failures, outline your debugging and mitigation steps for a AI Engineer role."
Cyber Security Engineer,Problem Solving,Propose a solution to improve incident response when faced with limited resources in a Cyber Security Engineer project (with limited budget and time).
Information Systems Engineer,Leadership,Describe how you'd mentor junior engineers/designers on best practices for IT governance (with limited budget and time).
Interactive Media Specialist,Leadership,How do you foster a culture of quality and security around interactive storytelling in your team?
Cyber Security Engineer,Behavioral,Describe how you manage competing priorities when working on secure coding practices tasks.
Frontend Developer,Behavioral,Describe how you manage competing priorities when working on web performance tasks.
Frontend Developer,Behavioral,Describe a situation where you had to collaborate with others to solve a problem related to CSS layout techniques.
Data Scientist,Technical,Describe the trade-offs between different approaches to feature engineering for a Data Scientist.
Data Scientist,Technical,Walk me through the steps to implement A/B testing for a Data Scientist project (in a cloud-native environment).
AI Engineer,Technical,How would you design a solution for prompt engineering in the context of a AI Engineer position?
Interactive Media Specialist,Problem Solving,"Given a scenario with UX for interactive media failures, outline your debugging and mitigation steps for a Interactive Media Specialist role."
Interactive Media Specialist,Problem Solving,How would you break down a complex multimedia authoring tools problem into smaller tasks for a Interactive Media Specialist team?
Frontend Developer,Technical,How would you design a solution for CSS layout techniques in the context of a Frontend Developer position?
Information Systems Engineer,Technical,What are common pitfalls when working with business process modeling and how do you avoid them? (while ensuring accessibility).
Frontend Developer,Technical,How would you design a solution for cross-browser compatibility in the context of a Frontend Developer position?
AI Engineer,Experience,Which tools or frameworks have you used for prompt engineering and which did you prefer? Why?
Frontend Developer,Experience,Which tools or frameworks have you used for JavaScript event handling and which did you prefer? Why?
Full Stack Developer,Technical,Walk me through the steps to implement state management for a Full Stack Developer project.
Frontend Developer,Technical,Explain the key concepts of responsive design and how you would apply them in a Frontend Developer role (with limited budget and time).
Information Systems Engineer,Experience,Describe a project where you used requirements gathering and the role you played in it.
Data Scientist,Behavioral,Share an example when you had to learn a new tool or technique for deep learning architectures quickly.
Full Stack Developer,Problem Solving,Design an algorithm or approach to solve performance optimization in a Full Stack Developer setting. Explain complexity.
Network Engineer,Leadership,How would you lead a team building a subnetting and CIDR feature from concept to production in a Network Engineer context?
Network Engineer,Leadership,How would you lead a team building a switching concepts feature from concept to production in a Network Engineer context?
Interactive Media Specialist,Problem Solving,Propose a solution to improve game mechanics when faced with limited resources in a Interactive Media Specialist project (with limited budget and time).
Backend Developer,Leadership,Share your strategy to prioritize work and align stakeholders when implementing microservices (with limited budget and time).
Computer Scientist,Leadership,How do you foster a culture of quality and security around data structures in your team?
AI Engineer,Behavioral,Tell me about a time you faced a challenge involving continuously learning systems and how you handled it.
Full Stack Developer,Problem Solving,Design an algorithm or approach to solve deployment in a Full Stack Developer setting. Explain complexity.
AI Engineer,Technical,How would you design a solution for fine-tuning models in the context of a AI Engineer position?
Frontend Developer,Behavioral,Tell me about a time you faced a challenge involving accessibility (a11y) and how you handled it.
Full Stack Developer,Experience,Describe a project where you used performance optimization and the role you played in it (for a legacy system).
Information Systems Engineer,Leadership,How do you foster a culture of quality and security around requirements gathering in your team?
Data Scientist,Leadership,How do you foster a culture of quality and security around time series forecasting in your team? (in a cloud-native environment).
Interactive Media Specialist,Behavioral,Share an example when you had to learn a new tool or technique for interactive storytelling quickly.
UX/UI Designer,Leadership,How do you foster a culture of quality and security around user research methods in your team?
UX/UI Designer,Technical,Describe the trade-offs between different approaches to design systems for a UX/UI Designer.
Interactive Media Specialist,Experience,Which tools or frameworks have you used for AR/VR basics and which did you prefer? Why?
AI Engineer,Problem Solving,How would you break down a complex model interpretability problem into smaller tasks for a AI Engineer team?
Data Scientist,Experience,Describe a project where you used machine learning model selection and the role you played in it.
Interactive Media Specialist,Technical,Describe the trade-offs between different approaches to AR/VR basics for a Interactive Media Specialist.
AI Engineer,Experience,Discuss a system you built that relied on model interpretability and the biggest lessons learned (with limited budget and time).
Backend Developer,Experience,Which tools or frameworks have you used for database transactions and which did you prefer? Why?
Information Systems Engineer,Technical,How would you design a solution for enterprise architecture in the context of a Information Systems Engineer position?
Network Engineer,Behavioral,Tell me about a time you faced a challenge involving VPNs and how you handled it (considering performance at scale).
Frontend Developer,Problem Solving,"Given a scenario with accessibility (a11y) failures, outline your debugging and mitigation steps for a Frontend Developer role."
Full Stack Developer,Technical,How would you design a solution for RESTful API design in the context of a Full Stack Developer position?
Interactive Media Specialist,Experience,Describe a project where you used interactive storytelling and the role you played in it (in a cloud-native environment).
UX/UI Designer,Problem Solving,"Given a scenario with prototyping tools failures, outline your debugging and mitigation steps for a UX/UI Designer role (in a cloud-native environment)."
Backend Developer,Experience,Discuss a system you built that relied on caching strategies and the biggest lessons learned.
Network Engineer,Leadership,How would you lead a team building a network troubleshooting feature from concept to production in a Network Engineer context?
AI Engineer,Behavioral,Have you ever had to persuade stakeholders about an approach to model interpretability? What happened? (considering performance at scale).
Data Scientist,Leadership,How would you lead a team building a model evaluation metrics feature from concept to production in a Data Scientist context?
Full Stack Developer,Behavioral,Tell me about a time you faced a challenge involving deployment and how you handled it.
Cyber Security Engineer,Behavioral,Share an example when you had to learn a new tool or technique for incident response quickly.
Information Systems Engineer,Experience,What experience do you have with systems analysis in past projects and what was the outcome? (while ensuring accessibility).
Interactive Media Specialist,Experience,How have you measured success when working on audio-visual synchronization initiatives?
Computer Scientist,Behavioral,Describe how you manage competing priorities when working on computational theory tasks.
Backend Developer,Problem Solving,Propose a solution to improve API versioning when faced with limited resources in a Backend Developer project (for a legacy system).
UX/UI Designer,Problem Solving,How would you break down a complex information architecture problem into smaller tasks for a UX/UI Designer team?
AI Engineer,Leadership,Describe how you'd mentor junior engineers/designers on best practices for MLOps (considering performance at scale).
UX/UI Designer,Problem Solving,How would you break down a complex accessibility design problem into smaller tasks for a UX/UI Designer team?
Information Systems Engineer,Problem Solving,Propose a solution to improve business process modeling when faced with limited resources in a Information Systems Engineer project.
Information Systems Engineer,Problem Solving,How would you break down a complex IT governance problem into smaller tasks for a Information Systems Engineer team?
Cyber Security Engineer,Behavioral,Tell me about a time you faced a challenge involving encryption and cryptography and how you handled it.
Backend Developer,Behavioral,Tell me about a time you faced a challenge involving scalability and how you handled it.
Cyber Security Engineer,Behavioral,Describe how you manage competing priorities when working on threat modeling tasks (in a cloud-native environment).
Information Systems Engineer,Problem Solving,Design an algorithm or approach to solve database management in a Information Systems Engineer setting. Explain complexity.
Full Stack Developer,Experience,How have you measured success when working on state management initiatives?
Backend Developer,Problem Solving,Design an algorithm or approach to solve microservices in a Backend Developer setting. Explain complexity (for a legacy system).
Cyber Security Engineer,Technical,Describe the trade-offs between different approaches to vulnerability assessment for a Cyber Security Engineer.
Network Engineer,Technical,What are common pitfalls when working with network troubleshooting and how do you avoid them? (while ensuring accessibility).
UX/UI Designer,Leadership,Explain how you would handle conflict between team members over approaches to information architecture (with limited budget and time).
Information Systems Engineer,Behavioral,Describe a situation where you had to collaborate with others to solve a problem related to systems analysis.
Computer Scientist,Behavioral,Share an example when you had to learn a new tool or technique for data structures quickly (while ensuring accessibility).
Interactive Media Specialist,Technical,Describe the trade-offs between different approaches to audio-visual synchronization for a Interactive Media Specialist.
Computer Scientist,Experience,Which tools or frameworks have you used for algorithms complexity and which did you prefer? Why?
Backend Developer,Experience,Which tools or frameworks have you used for database transactions and which did you prefer? Why?
AI Engineer,Experience,Describe a project where you used transformers and the role you played in it.
Computer Scientist,Technical,Describe the trade-offs between different approaches to data structures for a Computer Scientist (for a legacy system).
Information Systems Engineer,Leadership,Share your strategy to prioritize work and align stakeholders when implementing enterprise architecture.
Full Stack Developer,Experience,How have you measured success when working on performance optimization initiatives? (while ensuring accessibility).
AI Engineer,Experience,How have you measured success when working on prompt engineering initiatives?
Computer Scientist,Problem Solving,Design an algorithm or approach to solve distributed systems in a Computer Scientist setting. Explain complexity.
Full Stack Developer,Behavioral,Describe how you manage competing priorities when working on authentication tasks.
Data Scientist,Experience,What experience do you have with model evaluation metrics in past projects and what was the outcome?
Backend Developer,Leadership,Describe how you'd mentor junior engineers/designers on best practices for asynchronous processing.
Interactive Media Specialist,Technical,Walk me through the steps to implement UX for interactive media for a Interactive Media Specialist project.
Information Systems Engineer,Leadership,Share your strategy to prioritize work and align stakeholders when implementing requirements gathering.
Interactive Media Specialist,Leadership,How would you lead a team building a game mechanics feature from concept to production in a Interactive Media Specialist context?
Full Stack Developer,Problem Solving,How would you break down a complex database schema design problem into smaller tasks for a Full Stack Developer team?
Data Scientist,Behavioral,Describe how you manage competing priorities when working on time series forecasting tasks.
Computer Scientist,Leadership,Describe how you'd mentor junior engineers/designers on best practices for computational theory.
Data Scientist,Leadership,Share your strategy to prioritize work and align stakeholders when implementing data preprocessing (in a cloud-native environment).
Interactive Media Specialist,Leadership,Describe how you'd mentor junior engineers/designers on best practices for performance optimization for media.
Frontend Developer,Behavioral,Have you ever had to persuade stakeholders about an approach to react hooks? What happened? (considering performance at scale).
Cyber Security Engineer,Behavioral,Have you ever had to persuade stakeholders about an approach to threat modeling? What happened?
AI Engineer,Behavioral,Describe a situation where you had to collaborate with others to solve a problem related to model deployment (in a cloud-native environment).
Full Stack Developer,Behavioral,Have you ever had to persuade stakeholders about an approach to RESTful API design? What happened?
AI Engineer,Behavioral,Describe a situation where you had to collaborate with others to solve a problem related to model interpretability.
Backend Developer,Behavioral,Describe how you manage competing priorities when working on microservices tasks.
Frontend Developer,Experience,How have you measured success when working on CSS layout techniques initiatives?
Computer Scientist,Technical,Explain the key concepts of operating systems and how you would apply them in a Computer Scientist role (for a legacy system).
Backend Developer,Problem Solving,Here's a problem: how would you approach optimizing scalability for a large-scale Backend Developer system?
Cyber Security Engineer,Technical,How would you design a solution for network security in the context of a Cyber Security Engineer position?
Frontend Developer,Technical,Describe the trade-offs between different approaches to web performance for a Frontend Developer.
Frontend Developer,Technical,Walk me through the steps to implement responsive design for a Frontend Developer project.
Data Scientist,Leadership,Explain how you would handle conflict between team members over approaches to A/B testing.
Data Scientist,Leadership,Describe how you'd mentor junior engineers/designers on best practices for data preprocessing.
Interactive Media Specialist,Experience,Which tools or frameworks have you used for UX for interactive media and which did you prefer? Why?
Data Scientist,Technical,Explain the key concepts of deep learning architectures and how you would apply them in a Data Scientist role.
Full Stack Developer,Leadership,How would you lead a team building a database schema design feature from concept to production in a Full Stack Developer context?
Computer Scientist,Experience,Describe a project where you used compiler design and the role you played in it.
Computer Scientist,Behavioral,Have you ever had to persuade stakeholders about an approach to distributed systems? What happened?
Interactive Media Specialist,Problem Solving,"Given a scenario with interactive storytelling failures, outline your debugging and mitigation steps for a Interactive Media Specialist role (with limited budget and time)."
Cyber Security Engineer,Behavioral,Tell me about a time you faced a challenge involving IAM (Identity and Access Management) and how you handled it (considering performance at scale).
Computer Scientist,Technical,Explain the key concepts of data structures and how you would apply them in a Computer Scientist role.
AI Engineer,Experience,How have you measured success when working on transformers initiatives?
Backend Developer,Problem Solving,Design an algorithm or approach to solve database transactions in a Backend Developer setting. Explain complexity.
Backend Developer,Experience,What experience do you have with microservices in past projects and what was the outcome? (while ensuring accessibility).
Backend Developer,Technical,How would you design a solution for caching strategies in the context of a Backend Developer position? (for a legacy system).
Computer Scientist,Leadership,How would you lead a team building a distributed systems feature from concept to production in a Computer Scientist context?
Network Engineer,Leadership,How do you foster a culture of quality and security around network troubleshooting in your team?
AI Engineer,Technical,How would you design a solution for continuously learning systems in the context of a AI Engineer position?
Frontend Developer,Leadership,How do you foster a culture of quality and security around CSS layout techniques in your team?
Full Stack Developer,Problem Solving,Design an algorithm or approach to solve frontend-backend integration in a Full Stack Developer setting. Explain complexity.
Backend Developer,Problem Solving,"Given a scenario with API versioning failures, outline your debugging and mitigation steps for a Backend Developer role."
UX/UI Designer,Technical,What are common pitfalls when working with prototyping tools and how do you avoid them?
Computer Scientist,Experience,Which tools or frameworks have you used for concurrency and which did you prefer? Why? (considering performance at scale).
Interactive Media Specialist,Experience,How have you measured success when working on multimedia authoring tools initiatives? (with limited budget and time).
Frontend Developer,Behavioral,Describe a situation where you had to collaborate with others to solve a problem related to CSS layout techniques.
Frontend Developer,Leadership,How do you foster a culture of quality and security around CSS layout techniques in your team?
Information Systems Engineer,Behavioral,Describe how you manage competing priorities when working on ERP systems tasks (in a cloud-native environment).
Data Scientist,Problem Solving,"Given a scenario with time series forecasting failures, outline your debugging and mitigation steps for a Data Scientist role."
Network Engineer,Leadership,Describe how you'd mentor junior engineers/designers on best practices for network monitoring.
UX/UI Designer,Behavioral,Describe a situation where you had to collaborate with others to solve a problem related to accessibility design.
Computer Scientist,Leadership,Describe how you'd mentor junior engineers/designers on best practices for concurrency.
Information Systems Engineer,Problem Solving,Here's a problem: how would you approach optimizing systems analysis for a large-scale Information Systems Engineer system? (for a legacy system).
Full Stack Developer,Problem Solving,"Given a scenario with RESTful API design failures, outline your debugging and mitigation steps for a Full Stack Developer role (considering performance at scale)."
Network Engineer,Technical,Walk me through the steps to implement routing protocols for a Network Engineer project.
Data Scientist,Leadership,Explain how you would handle conflict between team members over approaches to data preprocessing.
Full Stack Developer,Experience,What experience do you have with database schema design in past projects and what was the outcome?
UX/UI Designer,Technical,How would you design a solution for user research methods in the context of a UX/UI Designer position?
Cyber Security Engineer,Problem Solving,Design an algorithm or approach to solve threat modeling in a Cyber Security Engineer setting. Explain complexity.
Network Engineer,Technical,Explain the key concepts of network monitoring and how you would apply them in a Network Engineer role.
Interactive Media Specialist,Experience,Describe a project where you used multimedia authoring tools and the role you played in it.
Interactive Media Specialist,Problem Solving,"Given a scenario with UX for interactive media failures, outline your debugging and mitigation steps for a Interactive Media Specialist role."
Data Scientist,Leadership,How would you lead a team building a time series forecasting feature from concept to production in a Data Scientist context?
Full Stack Developer,Technical,How would you design a solution for state management in the context of a Full Stack Developer position?
Frontend Developer,Leadership,How would you lead a team building a JavaScript event handling feature from concept to production in a Frontend Developer context?
Data Scientist,Problem Solving,Design an algorithm or approach to solve time series forecasting in a Data Scientist setting. Explain complexity (considering performance at scale).
Interactive Media Specialist,Technical,Walk me through the steps to implement multimedia authoring tools for a Interactive Media Specialist project.
Computer Scientist,Problem Solving,Propose a solution to improve distributed systems when faced with limited resources in a Computer Scientist project.
Cyber Security Engineer,Experience,Describe a project where you used secure coding practices and the role you played in it.
UX/UI Designer,Problem Solving,"Given a scenario with prototyping tools failures, outline your debugging and mitigation steps for a UX/UI Designer role."
Computer Scientist,Technical,Explain the key concepts of concurrency and how you would apply them in a Computer Scientist role.
Information Systems Engineer,Leadership,Describe how you'd mentor junior engineers/designers on best practices for ERP systems (with limited budget and time).
Cyber Security Engineer,Problem Solving,"Given a scenario with encryption and cryptography failures, outline your debugging and mitigation steps for a Cyber Security Engineer role."
Information Systems Engineer,Experience,Discuss a system you built that relied on enterprise architecture and the biggest lessons learned.
Computer Scientist,Technical,Explain the key concepts of compiler design and how you would apply them in a Computer Scientist role.
AI Engineer,Leadership,How would you lead a team building a fine-tuning models feature from concept to production in a AI Engineer context?
Cyber Security Engineer,Behavioral,Describe a situation where you had to collaborate with others to solve a problem related to network security.
Full Stack Developer,Technical,What are common pitfalls when working with database schema design and how do you avoid them?
Network Engineer,Experience,What experience do you have with network monitoring in past projects and what was the outcome? (for a legacy system).
UX/UI Designer,Behavioral,Share an example when you had to learn a new tool or technique for prototyping tools quickly.
Information Systems Engineer,Behavioral,Share an example when you had to learn a new tool or technique for IT governance quickly.
Cyber Security Engineer,Experience,Discuss a system you built that relied on vulnerability assessment and the biggest lessons learned (while ensuring accessibility).
Full Stack Developer,Behavioral,Have you ever had to persuade stakeholders about an approach to state management? What happened?
Backend Developer,Leadership,Share your strategy to prioritize work and align stakeholders when implementing security best practices.
UX/UI Designer,Leadership,How would you lead a team building a user research methods feature from concept to production in a UX/UI Designer context?
Frontend Developer,Experience,How have you measured success when working on CSS layout techniques initiatives?
Cyber Security Engineer,Technical,Describe the trade-offs between different approaches to IAM (Identity and Access Management) for a Cyber Security Engineer.
Data Scientist,Experience,Describe a project where you used machine learning model selection and the role you played in it (for a legacy system).
Frontend Developer,Behavioral,Tell me about a time you faced a challenge involving CSS layout techniques and how you handled it.
Full Stack Developer,Technical,Walk me through the steps to implement database schema design for a Full Stack Developer project.
Full Stack Developer,Technical,Walk me through the steps to implement authentication for a Full Stack Developer project.
Cyber Security Engineer,Experience,What experience do you have with incident response in past projects and what was the outcome?
Network Engineer,Experience,How have you measured success when working on subnetting and CIDR initiatives? (for a legacy system).
Interactive Media Specialist,Behavioral,Have you ever had to persuade stakeholders about an approach to audio-visual synchronization? What happened?
Computer Scientist,Leadership,How would you lead a team building a operating systems feature from concept to production in a Computer Scientist context?
Network Engineer,Experience,Discuss a system you built that relied on network troubleshooting and the biggest lessons learned (considering performance at scale).
Network Engineer,Experience,What experience do you have with network monitoring in past projects and what was the outcome?
UX/UI Designer,Leadership,How would you lead a team building a wireframing feature from concept to production in a UX/UI Designer context? (for a legacy system).
Data Scientist,Leadership,Explain how you would handle conflict between team members over approaches to time series forecasting.
Frontend Developer,Problem Solving,Design an algorithm or approach to solve react hooks in a Frontend Developer setting. Explain complexity.
Backend Developer,Problem Solving,Here's a problem: how would you approach optimizing database transactions for a large-scale Backend Developer system?
Computer Scientist,Leadership,How do you foster a culture of quality and security around operating systems in your team?
Frontend Developer,Technical,How would you design a solution for responsive design in the context of a Frontend Developer position?
Computer Scientist,Problem Solving,"Given a scenario with operating systems failures, outline your debugging and mitigation steps for a Computer Scientist role."
Cyber Security Engineer,Problem Solving,"Given a scenario with incident response failures, outline your debugging and mitigation steps for a Cyber Security Engineer role (considering performance at scale)."
Frontend Developer,Leadership,How would you lead a team building a web performance feature from concept to production in a Frontend Developer context?
Frontend Developer,Problem Solving,"Given a scenario with react hooks failures, outline your debugging and mitigation steps for a Frontend Developer role."
UX/UI Designer,Leadership,Share your strategy to prioritize work and align stakeholders when implementing usability testing.
Interactive Media Specialist,Problem Solving,Design an algorithm or approach to solve UX for interactive media in a Interactive Media Specialist setting. Explain complexity.
AI Engineer,Leadership,Share your strategy to prioritize work and align stakeholders when implementing transformers.
Information Systems Engineer,Behavioral,Describe a situation where you had to collaborate with others to solve a problem related to ERP systems (while ensuring accessibility).
Interactive Media Specialist,Experience,Discuss a system you built that relied on AR/VR basics and the biggest lessons learned.
Network Engineer,Experience,How have you measured success when working on switching concepts initiatives?
Computer Scientist,Experience,Which tools or frameworks have you used for data structures and which did you prefer? Why?
Frontend Developer,Experience,How have you measured success when working on react hooks initiatives?
Cyber Security Engineer,Problem Solving,How would you break down a complex encryption and cryptography problem into smaller tasks for a Cyber Security Engineer team?
Network Engineer,Leadership,Explain how you would handle conflict between team members over approaches to network troubleshooting.
Frontend Developer,Technical,Explain the key concepts of cross-browser compatibility and how you would apply them in a Frontend Developer role (considering performance at scale).
AI Engineer,Behavioral,Describe how you manage competing priorities when working on transformers tasks.
Cyber Security Engineer,Behavioral,Share an example when you had to learn a new tool or technique for network security quickly.
Interactive Media Specialist,Technical,Describe the trade-offs between different approaches to multimedia authoring tools for a Interactive Media Specialist.
Cyber Security Engineer,Technical,How would you design a solution for secure coding practices in the context of a Cyber Security Engineer position?
Interactive Media Specialist,Technical,Explain the key concepts of audio-visual synchronization and how you would apply them in a Interactive Media Specialist role (with limited budget and time).
Full Stack Developer,Leadership,Describe how you'd mentor junior engineers/designers on best practices for authentication (while ensuring accessibility).
Cyber Security Engineer,Technical,Describe the trade-offs between different approaches to network security for a Cyber Security Engineer.
Frontend Developer,Behavioral,Describe a situation where you had to collaborate with others to solve a problem related to accessibility (a11y).
Interactive Media Specialist,Technical,Walk me through the steps to implement interactive storytelling for a Interactive Media Specialist project (in a cloud-native environment).
AI Engineer,Leadership,Explain how you would handle conflict between team members over approaches to model interpretability.
Data Scientist,Leadership,How would you lead a team building a machine learning model selection feature from concept to production in a Data Scientist context?
Interactive Media Specialist,Problem Solving,Design an algorithm or approach to solve audio-visual synchronization in a Interactive Media Specialist setting. Explain complexity (in a cloud-native environment).
Frontend Developer,Experience,Discuss a system you built that relied on responsive design and the biggest lessons learned (in a cloud-native environment).
Network Engineer,Problem Solving,Propose a solution to improve routing protocols when faced with limited resources in a Network Engineer project.
Interactive Media Specialist,Leadership,Share your strategy to prioritize work and align stakeholders when implementing multimedia authoring tools.
Full Stack Developer,Problem Solving,How would you break down a complex authentication problem into smaller tasks for a Full Stack Developer team?
Network Engineer,Behavioral,Describe how you manage competing priorities when working on QoS tasks.
Frontend Developer,Leadership,Describe how you'd mentor junior engineers/designers on best practices for react hooks.
Interactive Media Specialist,Technical,How would you design a solution for UX for interactive media in the context of a Interactive Media Specialist position?
Interactive Media Specialist,Technical,Explain the key concepts of multimedia authoring tools and how you would apply them in a Interactive Media Specialist role.
Computer Scientist,Behavioral,Have you ever had to persuade stakeholders about an approach to compiler design? What happened?
Frontend Developer,Problem Solving,Here's a problem: how would you approach optimizing web performance for a large-scale Frontend Developer system?
Information Systems Engineer,Experience,How have you measured success when working on enterprise architecture initiatives?
Frontend Developer,Leadership,How would you lead a team building a react hooks feature from concept to production in a Frontend Developer context?
AI Engineer,Behavioral,Describe how you manage competing priorities when working on MLOps tasks (considering performance at scale).
Frontend Developer,Behavioral,Have you ever had to persuade stakeholders about an approach to react hooks? What happened?
Backend Developer,Technical,Describe the trade-offs between different approaches to API versioning for a Backend Developer (considering performance at scale).
Cyber Security Engineer,Technical,Describe the trade-offs between different approaches to network security for a Cyber Security Engineer.
Backend Developer,Behavioral,Share an example when you had to learn a new tool or technique for asynchronous processing quickly.
Frontend Developer,Behavioral,Have you ever had to persuade stakeholders about an approach to responsive design? What happened?
Interactive Media Specialist,Experience,Discuss a system you built that relied on interactive storytelling and the biggest lessons learned.
Backend Developer,Problem Solving,Design an algorithm or approach to solve microservices in a Backend Developer setting. Explain complexity.
Backend Developer,Leadership,Describe how you'd mentor junior engineers/designers on best practices for caching strategies.
Cyber Security Engineer,Experience,Describe a project where you used secure coding practices and the role you played in it.
Backend Developer,Problem Solving,How would you break down a complex scalability problem into smaller tasks for a Backend Developer team?
AI Engineer,Behavioral,Share an example when you had to learn a new tool or technique for transformers quickly.
Cyber Security Engineer,Behavioral,Describe how you manage competing priorities when working on encryption and cryptography tasks (for a legacy system).
Computer Scientist,Problem Solving,How would you break down a complex operating systems problem into smaller tasks for a Computer Scientist team?
Cyber Security Engineer,Behavioral,Tell me about a time you faced a challenge involving encryption and cryptography and how you handled it.
Computer Scientist,Behavioral,Share an example when you had to learn a new tool or technique for compiler design quickly.
Cyber Security Engineer,Technical,Walk me through the steps to implement vulnerability assessment for a Cyber Security Engineer project.
UX/UI Designer,Behavioral,Tell me about a time you faced a challenge involving accessibility design and how you handled it (while ensuring accessibility).
Interactive Media Specialist,Technical,What are common pitfalls when working with AR/VR basics and how do you avoid them? (for a legacy system).
Frontend Developer,Leadership,Share your strategy to prioritize work and align stakeholders when implementing responsive design (for a legacy system).
Cyber Security Engineer,Behavioral,Tell me about a time you faced a challenge involving incident response and how you handled it.
Frontend Developer,Leadership,Explain how you would handle conflict between team members over approaches to JavaScript event handling.
Computer Scientist,Technical,Walk me through the steps to implement computational theory for a Computer Scientist project.
Data Scientist,Problem Solving,How would you break down a complex model evaluation metrics problem into smaller tasks for a Data Scientist team?
Frontend Developer,Experience,Which tools or frameworks have you used for JavaScript event handling and which did you prefer? Why?
Frontend Developer,Behavioral,Have you ever had to persuade stakeholders about an approach to web performance? What happened?
Interactive Media Specialist,Leadership,Describe how you'd mentor junior engineers/designers on best practices for UX for interactive media.
AI Engineer,Leadership,Share your strategy to prioritize work and align stakeholders when implementing fine-tuning models.
AI Engineer,Technical,How would you design a solution for MLOps in the context of a AI Engineer position? (considering performance at scale).
Backend Developer,Behavioral,Describe how you manage competing priorities when working on asynchronous processing tasks.
Interactive Media Specialist,Problem Solving,How would you break down a complex game mechanics problem into smaller tasks for a Interactive Media Specialist team?
Full Stack Developer,Behavioral,Tell me about a time you faced a challenge involving deployment and how you handled it (with limited budget and time).
UX/UI Designer,Experience,How have you measured success when working on user research methods initiatives?
Full Stack Developer,Experience,What experience do you have with database schema design in past projects and what was the outcome? (while ensuring accessibility).
Data Scientist,Problem Solving,Design an algorithm or approach to solve model evaluation metrics in a Data Scientist setting. Explain complexity.
Backend Developer,Behavioral,Tell me about a time you faced a challenge involving security best practices and how you handled it.
Backend Developer,Technical,How would you design a solution for microservices in the context of a Backend Developer position?
Information Systems Engineer,Technical,Describe the trade-offs between different approaches to database management for a Information Systems Engineer (considering performance at scale).
Data Scientist,Behavioral,Tell me about a time you faced a challenge involving time series forecasting and how you handled it.
Network Engineer,Experience,How have you measured success when working on QoS initiatives?
UX/UI Designer,Experience,Discuss a system you built that relied on accessibility design and the biggest lessons learned.
Cyber Security Engineer,Behavioral,Describe a situation where you had to collaborate with others to solve a problem related to vulnerability assessment.
Backend Developer,Behavioral,Describe a situation where you had to collaborate with others to solve a problem related to caching strategies (while ensuring accessibility).
Network Engineer,Behavioral,Share an example when you had to learn a new tool or technique for routing protocols quickly.
AI Engineer,Experience,How have you measured success when working on model interpretability initiatives?
Full Stack Developer,Experience,What experience do you have with performance optimization in past projects and what was the outcome? (considering performance at scale).
Frontend Developer,Technical,What are common pitfalls when working with cross-browser compatibility and how do you avoid them?
Frontend Developer,Problem Solving,Propose a solution to improve web performance when faced with limited resources in a Frontend Developer project (considering performance at scale).
Information Systems Engineer,Experience,Discuss a system you built that relied on ERP systems and the biggest lessons learned.
AI Engineer,Experience,How have you measured success when working on fine-tuning models initiatives? (while ensuring accessibility).
Cyber Security Engineer,Technical,Walk me through the steps to implement IAM (Identity and Access Management) for a Cyber Security Engineer project (with limited budget and time).
Full Stack Developer,Leadership,Share your strategy to prioritize work and align stakeholders when implementing database schema design.
Backend Developer,Problem Solving,How would you break down a complex microservices problem into smaller tasks for a Backend Developer team?
Cyber Security Engineer,Technical,Walk me through the steps to implement network security for a Cyber Security Engineer project.
Cyber Security Engineer,Behavioral,Describe a situation where you had to collaborate with others to solve a problem related to network security.
Cyber Security Engineer,Problem Solving,"Given a scenario with encryption and cryptography failures, outline your debugging and mitigation steps for a Cyber Security Engineer role (while ensuring accessibility)."
Computer Scientist,Behavioral,Describe a situation where you had to collaborate with others to solve a problem related to compiler design (in a cloud-native environment).
Data Scientist,Experience,How have you measured success when working on data preprocessing initiatives? (with limited budget and time).
Data Scientist,Problem Solving,Here's a problem: how would you approach optimizing machine learning model selection for a large-scale Data Scientist system?
AI Engineer,Behavioral,Describe how you manage competing priorities when working on fine-tuning models tasks.
UX/UI Designer,Technical,Explain the key concepts of accessibility design and how you would apply them in a UX/UI Designer role.
Full Stack Developer,Behavioral,Tell me about a time you faced a challenge involving authentication and how you handled it.
Cyber Security Engineer,Problem Solving,"Given a scenario with IAM (Identity and Access Management) failures, outline your debugging and mitigation steps for a Cyber Security Engineer role."
Interactive Media Specialist,Experience,How have you measured success when working on interactive storytelling initiatives?
AI Engineer,Behavioral,Share an example when you had to learn a new tool or technique for model interpretability quickly (considering performance at scale).
Interactive Media Specialist,Technical,Explain the key concepts of UX for interactive media and how you would apply them in a Interactive Media Specialist role.
Backend Developer,Technical,What are common pitfalls when working with security best practices and how do you avoid them?
Network Engineer,Behavioral,Tell me about a time you faced a challenge involving QoS and how you handled it (with limited budget and time).
Cyber Security Engineer,Leadership,Describe how you'd mentor junior engineers/designers on best practices for vulnerability assessment.
Data Scientist,Behavioral,Share an example when you had to learn a new tool or technique for feature engineering quickly.
Full Stack Developer,Experience,Which tools or frameworks have you used for frontend-backend integration and which did you prefer? Why?
UX/UI Designer,Technical,How would you design a solution for information architecture in the context of a UX/UI Designer position?
Full Stack Developer,Leadership,Describe how you'd mentor junior engineers/designers on best practices for authentication (with limited budget and time).
Network Engineer,Experience,How have you measured success when working on VPNs initiatives?
Information Systems Engineer,Problem Solving,How would you break down a complex requirements gathering problem into smaller tasks for a Information Systems Engineer team?
Backend Developer,Behavioral,Describe how you manage competing priorities when working on asynchronous processing tasks.
Frontend Developer,Leadership,How do you foster a culture of quality and security around responsive design in your team?
AI Engineer,Leadership,Describe how you'd mentor junior engineers/designers on best practices for transformers.
Data Scientist,Behavioral,Tell me about a time you faced a challenge involving data preprocessing and how you handled it (while ensuring accessibility).
Data Scientist,Behavioral,Describe a situation where you had to collaborate with others to solve a problem related to A/B testing (for a legacy system).
Frontend Developer,Leadership,Share your strategy to prioritize work and align stakeholders when implementing JavaScript event handling.
Computer Scientist,Behavioral,Have you ever had to persuade stakeholders about an approach to computational theory? What happened?
Frontend Developer,Problem Solving,Design an algorithm or approach to solve responsive design in a Frontend Developer setting. Explain complexity.
Information Systems Engineer,Problem Solving,"Given a scenario with business process modeling failures, outline your debugging and mitigation steps for a Information Systems Engineer role."
Network Engineer,Leadership,Explain how you would handle conflict between team members over approaches to routing protocols.
Backend Developer,Leadership,Explain how you would handle conflict between team members over approaches to caching strategies.
Backend Developer,Experience,How have you measured success when working on security best practices initiatives?
Interactive Media Specialist,Behavioral,Describe a situation where you had to collaborate with others to solve a problem related to UX for interactive media.
Backend Developer,Experience,How have you measured success when working on microservices initiatives? (in a cloud-native environment).
Full Stack Developer,Leadership,Explain how you would handle conflict between team members over approaches to authentication.
Computer Scientist,Technical,What are common pitfalls when working with data structures and how do you avoid them?
Backend Developer,Behavioral,Have you ever had to persuade stakeholders about an approach to caching strategies? What happened?
AI Engineer,Technical,How would you design a solution for transformers in the context of a AI Engineer position?
Interactive Media Specialist,Technical,What are common pitfalls when working with interactive storytelling and how do you avoid them? (with limited budget and time).
Computer Scientist,Leadership,How would you lead a team building a computational theory feature from concept to production in a Computer Scientist context?
Frontend Developer,Experience,How have you measured success when working on react hooks initiatives?
Interactive Media Specialist,Problem Solving,How would you break down a complex multimedia authoring tools problem into smaller tasks for a Interactive Media Specialist team? (considering performance at scale).
AI Engineer,Technical,How would you design a solution for prompt engineering in the context of a AI Engineer position?
Cyber Security Engineer,Behavioral,Describe how you manage competing priorities when working on network security tasks.
UX/UI Designer,Problem Solving,Design an algorithm or approach to solve usability testing in a UX/UI Designer setting. Explain complexity (in a cloud-native environment).
Cyber Security Engineer,Problem Solving,How would you break down a complex network security problem into smaller tasks for a Cyber Security Engineer team?
Frontend Developer,Problem Solving,Here's a problem: how would you approach optimizing accessibility (a11y) for a large-scale Frontend Developer system?
Backend Developer,Problem Solving,Design an algorithm or approach to solve database transactions in a Backend Developer setting. Explain complexity.
UX/UI Designer,Experience,Which tools or frameworks have you used for accessibility design and which did you prefer? Why?
Information Systems Engineer,Problem Solving,"Given a scenario with ERP systems failures, outline your debugging and mitigation steps for a Information Systems Engineer role."
AI Engineer,Experience,Describe a project where you used model deployment and the role you played in it.
Cyber Security Engineer,Technical,Explain the key concepts of threat modeling and how you would apply them in a Cyber Security Engineer role (considering performance at scale).
Information Systems Engineer,Leadership,Share your strategy to prioritize work and align stakeholders when implementing enterprise architecture.
AI Engineer,Technical,Describe the trade-offs between different approaches to model deployment for a AI Engineer (while ensuring accessibility).
Frontend Developer,Technical,Walk me through the steps to implement CSS layout techniques for a Frontend Developer project.
Backend Developer,Problem Solving,Here's a problem: how would you approach optimizing security best practices for a large-scale Backend Developer system?
UX/UI Designer,Experience,Which tools or frameworks have you used for accessibility design and which did you prefer? Why? (in a cloud-native environment).
Cyber Security Engineer,Leadership,How would you lead a team building a secure coding practices feature from concept to production in a Cyber Security Engineer context?
Backend Developer,Leadership,How do you foster a culture of quality and security around security best practices in your team?
Full Stack Developer,Problem Solving,Here's a problem: how would you approach optimizing database schema design for a large-scale Full Stack Developer system?
AI Engineer,Behavioral,Share an example when you had to learn a new tool or technique for continuously learning systems quickly.
Data Scientist,Experience,Discuss a system you built that relied on A/B testing and the biggest lessons learned (with limited budget and time).
Network Engineer,Experience,Discuss a system you built that relied on VPNs and the biggest lessons learned.
Data Scientist,Leadership,How would you lead a team building a deep learning architectures feature from concept to production in a Data Scientist context?
Information Systems Engineer,Leadership,Share your strategy to prioritize work and align stakeholders when implementing IT governance (in a cloud-native environment).
Information Systems Engineer,Leadership,Explain how you would handle conflict between team members over approaches to IT governance.
Information Systems Engineer,Problem Solving,Here's a problem: how would you approach optimizing requirements gathering for a large-scale Information Systems Engineer system?
Computer Scientist,Technical,Walk me through the steps to implement concurrency for a Computer Scientist project.
UX/UI Designer,Technical,What are common pitfalls when working with usability testing and how do you avoid them?
Cyber Security Engineer,Problem Solving,Design an algorithm or approach to solve vulnerability assessment in a Cyber Security Engineer setting. Explain complexity (with limited budget and time).
AI Engineer,Problem Solving,Here's a problem: how would you approach optimizing prompt engineering for a large-scale AI Engineer system? (while ensuring accessibility).
AI Engineer,Technical,How would you design a solution for fine-tuning models in the context of a AI Engineer position?
Frontend Developer,Leadership,Explain how you would handle conflict between team members over approaches to responsive design.
AI Engineer,Problem Solving,Here's a problem: how would you approach optimizing transformers for a large-scale AI Engineer system? (in a cloud-native environment).
Computer Scientist,Behavioral,Describe how you manage competing priorities when working on algorithms complexity tasks.
UX/UI Designer,Experience,Which tools or frameworks have you used for prototyping tools and which did you prefer? Why?
Information Systems Engineer,Experience,Discuss a system you built that relied on IT governance and the biggest lessons learned.
Network Engineer,Experience,Which tools or frameworks have you used for switching concepts and which did you prefer? Why?
Data Scientist,Technical,Explain the key concepts of data preprocessing and how you would apply them in a Data Scientist role.
Computer Scientist,Technical,Walk me through the steps to implement concurrency for a Computer Scientist project.
AI Engineer,Behavioral,Describe how you manage competing priorities when working on model deployment tasks (with limited budget and time).
Data Scientist,Experience,Discuss a system you built that relied on time series forecasting and the biggest lessons learned.
Cyber Security Engineer,Behavioral,Have you ever had to persuade stakeholders about an approach to secure coding practices? What happened?
Information Systems Engineer,Technical,How would you design a solution for requirements gathering in the context of a Information Systems Engineer position?
Full Stack Developer,Leadership,Share your strategy to prioritize work and align stakeholders when implementing state management.
AI Engineer,Experience,Which tools or frameworks have you used for prompt engineering and which did you prefer? Why? (with limited budget and time).
Full Stack Developer,Technical,What are common pitfalls when working with state management and how do you avoid them?
Full Stack Developer,Problem Solving,Design an algorithm or approach to solve frontend-backend integration in a Full Stack Developer setting. Explain complexity.
AI Engineer,Leadership,Describe how you'd mentor junior engineers/designers on best practices for transformers.
AI Engineer,Behavioral,Tell me about a time you faced a challenge involving fine-tuning models and how you handled it.
AI Engineer,Experience,How have you measured success when working on prompt engineering initiatives? (while ensuring accessibility).
Information Systems Engineer,Behavioral,Have you ever had to persuade stakeholders about an approach to IT governance? What happened? (while ensuring accessibility).
Cyber Security Engineer,Problem Solving,How would you break down a complex vulnerability assessment problem into smaller tasks for a Cyber Security Engineer team?
Computer Scientist,Behavioral,Describe a situation where you had to collaborate with others to solve a problem related to computational theory.
Network Engineer,Problem Solving,How would you break down a complex network monitoring problem into smaller tasks for a Network Engineer team?
Network Engineer,Experience,Describe a project where you used routing protocols and the role you played in it.
UX/UI Designer,Leadership,Share your strategy to prioritize work and align stakeholders when implementing information architecture (for a legacy system).
Interactive Media Specialist,Problem Solving,How would you break down a complex multimedia authoring tools problem into smaller tasks for a Interactive Media Specialist team?
Data Scientist,Problem Solving,How would you break down a complex feature engineering problem into smaller tasks for a Data Scientist team?
AI Engineer,Leadership,Describe how you'd mentor junior engineers/designers on best practices for model deployment.
Interactive Media Specialist,Leadership,Describe how you'd mentor junior engineers/designers on best practices for game mechanics (for a legacy system).
Frontend Developer,Technical,Explain the key concepts of react hooks and how you would apply them in a Frontend Developer role.
Backend Developer,Problem Solving,"Given a scenario with scalability failures, outline your debugging and mitigation steps for a Backend Developer role."
Network Engineer,Technical,Walk me through the steps to implement routing protocols for a Network Engineer project.
Cyber Security Engineer,Technical,Describe the trade-offs between different approaches to IAM (Identity and Access Management) for a Cyber Security Engineer (while ensuring accessibility).
Data Scientist,Technical,Explain the key concepts of data preprocessing and how you would apply them in a Data Scientist role.
Cyber Security Engineer,Technical,Describe the trade-offs between different approaches to secure coding practices for a Cyber Security Engineer.
Full Stack Developer,Technical,Explain the key concepts of performance optimization and how you would apply them in a Full Stack Developer role.
Full Stack Developer,Leadership,Describe how you'd mentor junior engineers/designers on best practices for RESTful API design (for a legacy system).
Frontend Developer,Leadership,Share your strategy to prioritize work and align stakeholders when implementing react hooks.
Network Engineer,Problem Solving,How would you break down a complex VPNs problem into smaller tasks for a Network Engineer team? (while ensuring accessibility).
Network Engineer,Problem Solving,"Given a scenario with network troubleshooting failures, outline your debugging and mitigation steps for a Network Engineer role."
Information Systems Engineer,Experience,Which tools or frameworks have you used for ERP systems and which did you prefer? Why?
Interactive Media Specialist,Technical,Walk me through the steps to implement UX for interactive media for a Interactive Media Specialist project (while ensuring accessibility).
Information Systems Engineer,Problem Solving,Design an algorithm or approach to solve database management in a Information Systems Engineer setting. Explain complexity (in a cloud-native environment).
Network Engineer,Technical,Explain the key concepts of routing protocols and how you would apply them in a Network Engineer role.
Cyber Security Engineer,Problem Solving,Design an algorithm or approach to solve encryption and cryptography in a Cyber Security Engineer setting. Explain complexity.
Interactive Media Specialist,Leadership,Explain how you would handle conflict between team members over approaches to UX for interactive media.
Full Stack Developer,Experience,Discuss a system you built that relied on authentication and the biggest lessons learned.
Interactive Media Specialist,Problem Solving,"Given a scenario with game mechanics failures, outline your debugging and mitigation steps for a Interactive Media Specialist role."
Cyber Security Engineer,Leadership,How do you foster a culture of quality and security around network security in your team? (for a legacy system).
Computer Scientist,Leadership,How do you foster a culture of quality and security around algorithms complexity in your team?
Frontend Developer,Problem Solving,Design an algorithm or approach to solve CSS layout techniques in a Frontend Developer setting. Explain complexity.
Information Systems Engineer,Technical,Explain the key concepts of requirements gathering and how you would apply them in a Information Systems Engineer role.
Backend Developer,Technical,Describe the trade-offs between different approaches to caching strategies for a Backend Developer.
UX/UI Designer,Experience,How have you measured success when working on information architecture initiatives?
Cyber Security Engineer,Leadership,How do you foster a culture of quality and security around threat modeling in your team?
UX/UI Designer,Experience,How have you measured success when working on wireframing initiatives? (with limited budget and time).
Cyber Security Engineer,Behavioral,Share an example when you had to learn a new tool or technique for network security quickly.
UX/UI Designer,Experience,How have you measured success when working on prototyping tools initiatives?
UX/UI Designer,Technical,Describe the trade-offs between different approaches to accessibility design for a UX/UI Designer.
Interactive Media Specialist,Technical,How would you design a solution for multimedia authoring tools in the context of a Interactive Media Specialist position? (in a cloud-native environment).
Cyber Security Engineer,Experience,How have you measured success when working on vulnerability assessment initiatives?
Network Engineer,Problem Solving,Here's a problem: how would you approach optimizing QoS for a large-scale Network Engineer system?
Backend Developer,Behavioral,Describe how you manage competing priorities when working on asynchronous processing tasks.
AI Engineer,Technical,How would you design a solution for model deployment in the context of a AI Engineer position?
UX/UI Designer,Problem Solving,Here's a problem: how would you approach optimizing design systems for a large-scale UX/UI Designer system? (while ensuring accessibility).
Information Systems Engineer,Problem Solving,Design an algorithm or approach to solve systems analysis in a Information Systems Engineer setting. Explain complexity.
Information Systems Engineer,Technical,Describe the trade-offs between different approaches to requirements gathering for a Information Systems Engineer.
Network Engineer,Experience,Describe a project where you used routing protocols and the role you played in it.
Backend Developer,Problem Solving,"Given a scenario with caching strategies failures, outline your debugging and mitigation steps for a Backend Developer role."
Information Systems Engineer,Problem Solving,"Given a scenario with ERP systems failures, outline your debugging and mitigation steps for a Information Systems Engineer role."
Backend Developer,Technical,Walk me through the steps to implement microservices for a Backend Developer project.
AI Engineer,Problem Solving,Propose a solution to improve model deployment when faced with limited resources in a AI Engineer project.
Full Stack Developer,Behavioral,Describe a situation where you had to collaborate with others to solve a problem related to deployment.
Network Engineer,Leadership,Share your strategy to prioritize work and align stakeholders when implementing VPNs (considering performance at scale).
Interactive Media Specialist,Problem Solving,Here's a problem: how would you approach optimizing UX for interactive media for a large-scale Interactive Media Specialist system?
Information Systems Engineer,Experience,Which tools or frameworks have you used for requirements gathering and which did you prefer? Why?
Computer Scientist,Leadership,How would you lead a team building a distributed systems feature from concept to production in a Computer Scientist context?
Data Scientist,Technical,Describe the trade-offs between different approaches to data preprocessing for a Data Scientist.
Frontend Developer,Problem Solving,Propose a solution to improve accessibility (a11y) when faced with limited resources in a Frontend Developer project.
UX/UI Designer,Leadership,Share your strategy to prioritize work and align stakeholders when implementing wireframing.
Information Systems Engineer,Behavioral,Describe a situation where you had to collaborate with others to solve a problem related to business process modeling (in a cloud-native environment).
UX/UI Designer,Problem Solving,How would you break down a complex information architecture problem into smaller tasks for a UX/UI Designer team? (for a legacy system).
Information Systems Engineer,Technical,What are common pitfalls when working with systems analysis and how do you avoid them?
Full Stack Developer,Experience,How have you measured success when working on performance optimization initiatives?
Data Scientist,Behavioral,Describe how you manage competing priorities when working on feature engineering tasks.
Full Stack Developer,Technical,Describe the trade-offs between different approaches to state management for a Full Stack Developer.
UX/UI Designer,Problem Solving,Propose a solution to improve prototyping tools when faced with limited resources in a UX/UI Designer project.
UX/UI Designer,Technical,How would you design a solution for user research methods in the context of a UX/UI Designer position?
AI Engineer,Technical,What are common pitfalls when working with fine-tuning models and how do you avoid them?
Cyber Security Engineer,Behavioral,Describe how you manage competing priorities when working on vulnerability assessment tasks.
Information Systems Engineer,Behavioral,Tell me about a time you faced a challenge involving enterprise architecture and how you handled it.
Backend Developer,Problem Solving,Design an algorithm or approach to solve scalability in a Backend Developer setting. Explain complexity.
UX/UI Designer,Problem Solving,How would you break down a complex usability testing problem into smaller tasks for a UX/UI Designer team?
Cyber Security Engineer,Problem Solving,How would you break down a complex IAM (Identity and Access Management) problem into smaller tasks for a Cyber Security Engineer team? (while ensuring accessibility).
Cyber Security Engineer,Technical,Explain the key concepts of encryption and cryptography and how you would apply them in a Cyber Security Engineer role.
UX/UI Designer,Technical,Explain the key concepts of user research methods and how you would apply them in a UX/UI Designer role.
UX/UI Designer,Experience,How have you measured success when working on accessibility design initiatives?
Backend Developer,Leadership,Describe how you'd mentor junior engineers/designers on best practices for database transactions.
Cyber Security Engineer,Problem Solving,Propose a solution to improve incident response when faced with limited resources in a Cyber Security Engineer project.
Interactive Media Specialist,Behavioral,Have you ever had to persuade stakeholders about an approach to UX for interactive media? What happened? (for a legacy system).
Information Systems Engineer,Technical,How would you design a solution for systems analysis in the context of a Information Systems Engineer position?
Backend Developer,Experience,Which tools or frameworks have you used for caching strategies and which did you prefer? Why?
Network Engineer,Technical,Describe the trade-offs between different approaches to switching concepts for a Network Engineer (for a legacy system).
Information Systems Engineer,Experience,What experience do you have with database management in past projects and what was the outcome?
Frontend Developer,Behavioral,Tell me about a time you faced a challenge involving CSS layout techniques and how you handled it.
AI Engineer,Behavioral,Describe how you manage competing priorities when working on model interpretability tasks.
Full Stack Developer,Problem Solving,Propose a solution to improve RESTful API design when faced with limited resources in a Full Stack Developer project.
AI Engineer,Behavioral,Tell me about a time you faced a challenge involving model deployment and how you handled it.
Data Scientist,Behavioral,Describe a situation where you had to collaborate with others to solve a problem related to time series forecasting.
Frontend Developer,Technical,Describe the trade-offs between different approaches to react hooks for a Frontend Developer.
Full Stack Developer,Leadership,Describe how you'd mentor junior engineers/designers on best practices for deployment.
Data Scientist,Experience,Discuss a system you built that relied on feature engineering and the biggest lessons learned (for a legacy system).
Information Systems Engineer,Problem Solving,Propose a solution to improve business process modeling when faced with limited resources in a Information Systems Engineer project.
Network Engineer,Leadership,Explain how you would handle conflict between team members over approaches to switching concepts.
Full Stack Developer,Experience,How have you measured success when working on frontend-backend integration initiatives? (while ensuring accessibility).
Data Scientist,Leadership,Explain how you would handle conflict between team members over approaches to machine learning model selection.
UX/UI Designer,Technical,How would you design a solution for usability testing in the context of a UX/UI Designer position?
Cyber Security Engineer,Experience,Describe a project where you used incident response and the role you played in it.
Computer Scientist,Problem Solving,Here's a problem: how would you approach optimizing operating systems for a large-scale Computer Scientist system?
Cyber Security Engineer,Experience,How have you measured success when working on secure coding practices initiatives?
Full Stack Developer,Problem Solving,"Given a scenario with frontend-backend integration failures, outline your debugging and mitigation steps for a Full Stack Developer role."
Data Scientist,Leadership,Share your strategy to prioritize work and align stakeholders when implementing feature engineering.
Frontend Developer,Leadership,How do you foster a culture of quality and security around web performance in your team?
Computer Scientist,Leadership,Share your strategy to prioritize work and align stakeholders when implementing operating systems.
Backend Developer,Problem Solving,Propose a solution to improve microservices when faced with limited resources in a Backend Developer project.
UX/UI Designer,Technical,Explain the key concepts of user research methods and how you would apply them in a UX/UI Designer role.
Information Systems Engineer,Experience,How have you measured success when working on database management initiatives?
Frontend Developer,Problem Solving,Propose a solution to improve accessibility (a11y) when faced with limited resources in a Frontend Developer project.
Data Scientist,Problem Solving,How would you break down a complex feature engineering problem into smaller tasks for a Data Scientist team?
Interactive Media Specialist,Leadership,Explain how you would handle conflict between team members over approaches to multimedia authoring tools.
Full Stack Developer,Experience,Describe a project where you used state management and the role you played in it.
Backend Developer,Leadership,Describe how you'd mentor junior engineers/designers on best practices for security best practices (considering performance at scale).
Network Engineer,Behavioral,Describe a situation where you had to collaborate with others to solve a problem related to subnetting and CIDR (with limited budget and time).
Interactive Media Specialist,Behavioral,Describe a situation where you had to collaborate with others to solve a problem related to UX for interactive media.
Interactive Media Specialist,Experience,What experience do you have with game mechanics in past projects and what was the outcome? (considering performance at scale).
Cyber Security Engineer,Experience,Describe a project where you used IAM (Identity and Access Management) and the role you played in it.
AI Engineer,Experience,What experience do you have with MLOps in past projects and what was the outcome?
Network Engineer,Problem Solving,Here's a problem: how would you approach optimizing network troubleshooting for a large-scale Network Engineer system?
Full Stack Developer,Technical,What are common pitfalls when working with authentication and how do you avoid them?
Information Systems Engineer,Behavioral,Have you ever had to persuade stakeholders about an approach to business process modeling? What happened? (for a legacy system).
UX/UI Designer,Experience,Discuss a system you built that relied on usability testing and the biggest lessons learned.
Computer Scientist,Leadership,Share your strategy to prioritize work and align stakeholders when implementing operating systems.
Cyber Security Engineer,Technical,Describe the trade-offs between different approaches to incident response for a Cyber Security Engineer.
Network Engineer,Problem Solving,"Given a scenario with switching concepts failures, outline your debugging and mitigation steps for a Network Engineer role (while ensuring accessibility)."
Full Stack Developer,Problem Solving,Here's a problem: how would you approach optimizing RESTful API design for a large-scale Full Stack Developer system?
AI Engineer,Problem Solving,Propose a solution to improve model interpretability when faced with limited resources in a AI Engineer project.
UX/UI Designer,Experience,Which tools or frameworks have you used for prototyping tools and which did you prefer? Why?
Computer Scientist,Behavioral,Share an example when you had to learn a new tool or technique for data structures quickly.
Full Stack Developer,Leadership,Share your strategy to prioritize work and align stakeholders when implementing state management.
AI Engineer,Technical,Walk me through the steps to implement continuously learning systems for a AI Engineer project.
Full Stack Developer,Leadership,Describe how you'd mentor junior engineers/designers on best practices for deployment (for a legacy system).
Information Systems Engineer,Experience,Describe a project where you used IT governance and the role you played in it.
Full Stack Developer,Leadership,Share your strategy to prioritize work and align stakeholders when implementing state management.
AI Engineer,Problem Solving,Propose a solution to improve MLOps when faced with limited resources in a AI Engineer project.
Cyber Security Engineer,Leadership,How would you lead a team building a network security feature from concept to production in a Cyber Security Engineer context?
Network Engineer,Technical,What are common pitfalls when working with VPNs and how do you avoid them?
Data Scientist,Experience,Which tools or frameworks have you used for deep learning architectures and which did you prefer? Why?
Interactive Media Specialist,Problem Solving,How would you break down a complex game mechanics problem into smaller tasks for a Interactive Media Specialist team? (while ensuring accessibility).
UX/UI Designer,Behavioral,Share an example when you had to learn a new tool or technique for usability testing quickly.
AI Engineer,Leadership,Describe how you'd mentor junior engineers/designers on best practices for continuously learning systems (while ensuring accessibility).
Full Stack Developer,Behavioral,Share an example when you had to learn a new tool or technique for RESTful API design quickly.
Network Engineer,Behavioral,Tell me about a time you faced a challenge involving VPNs and how you handled it.
Network Engineer,Behavioral,Share an example when you had to learn a new tool or technique for network monitoring quickly.
Interactive Media Specialist,Experience,Which tools or frameworks have you used for interactive storytelling and which did you prefer? Why?
UX/UI Designer,Problem Solving,Here's a problem: how would you approach optimizing usability testing for a large-scale UX/UI Designer system?
Computer Scientist,Leadership,Share your strategy to prioritize work and align stakeholders when implementing concurrency.
Cyber Security Engineer,Problem Solving,Design an algorithm or approach to solve secure coding practices in a Cyber Security Engineer setting. Explain complexity.
Full Stack Developer,Technical,Walk me through the steps to implement authentication for a Full Stack Developer project.
Computer Scientist,Leadership,Explain how you would handle conflict between team members over approaches to algorithms complexity.
Backend Developer,Experience,Describe a project where you used scalability and the role you played in it (with limited budget and time).
Information Systems Engineer,Behavioral,Describe a situation where you had to collaborate with others to solve a problem related to systems analysis.
Backend Developer,Problem Solving,Here's a problem: how would you approach optimizing security best practices for a large-scale Backend Developer system? (for a legacy system).
Full Stack Developer,Technical,Walk me through the steps to implement RESTful API design for a Full Stack Developer project.
Data Scientist,Behavioral,Share an example when you had to learn a new tool or technique for data preprocessing quickly.
Frontend Developer,Leadership,Explain how you would handle conflict between team members over approaches to accessibility (a11y).
Information Systems Engineer,Problem Solving,Design an algorithm or approach to solve enterprise architecture in a Information Systems Engineer setting. Explain complexity.
Information Systems Engineer,Problem Solving,How would you break down a complex database management problem into smaller tasks for a Information Systems Engineer team? (while ensuring accessibility).
Cyber Security Engineer,Leadership,How would you lead a team building a secure coding practices feature from concept to production in a Cyber Security Engineer context?
UX/UI Designer,Leadership,How do you foster a culture of quality and security around accessibility design in your team?
Cyber Security Engineer,Leadership,Share your strategy to prioritize work and align stakeholders when implementing threat modeling.
Interactive Media Specialist,Problem Solving,How would you break down a complex game mechanics problem into smaller tasks for a Interactive Media Specialist team?
Data Scientist,Experience,Discuss a system you built that relied on data preprocessing and the biggest lessons learned.
UX/UI Designer,Experience,Describe a project where you used design systems and the role you played in it.
Full Stack Developer,Problem Solving,Propose a solution to improve database schema design when faced with limited resources in a Full Stack Developer project.
UX/UI Designer,Behavioral,Tell me about a time you faced a challenge involving information architecture and how you handled it.
Interactive Media Specialist,Behavioral,Have you ever had to persuade stakeholders about an approach to interactive storytelling? What happened?
Computer Scientist,Behavioral,Describe a situation where you had to collaborate with others to solve a problem related to data structures.
UX/UI Designer,Leadership,Describe how you'd mentor junior engineers/designers on best practices for information architecture.
Data Scientist,Technical,How would you design a solution for A/B testing in the context of a Data Scientist position?
Frontend Developer,Technical,How would you design a solution for accessibility (a11y) in the context of a Frontend Developer position? (in a cloud-native environment).
Full Stack Developer,Leadership,Share your strategy to prioritize work and align stakeholders when implementing frontend-backend integration.
UX/UI Designer,Technical,How would you design a solution for design systems in the context of a UX/UI Designer position?
Interactive Media Specialist,Experience,Discuss a system you built that relied on game mechanics and the biggest lessons learned.
UX/UI Designer,Behavioral,Describe how you manage competing priorities when working on information architecture tasks.
Computer Scientist,Behavioral,Have you ever had to persuade stakeholders about an approach to operating systems? What happened? (considering performance at scale).
Data Scientist,Technical,Walk me through the steps to implement A/B testing for a Data Scientist project.
Network Engineer,Behavioral,Share an example when you had to learn a new tool or technique for subnetting and CIDR quickly.
Backend Developer,Leadership,Share your strategy to prioritize work and align stakeholders when implementing scalability.
Network Engineer,Leadership,How do you foster a culture of quality and security around routing protocols in your team?
AI Engineer,Leadership,How do you foster a culture of quality and security around model deployment in your team?
AI Engineer,Technical,What are common pitfalls when working with prompt engineering and how do you avoid them? (while ensuring accessibility).
Full Stack Developer,Leadership,Describe how you'd mentor junior engineers/designers on best practices for RESTful API design.
Computer Scientist,Experience,Discuss a system you built that relied on operating systems and the biggest lessons learned (in a cloud-native environment).
AI Engineer,Behavioral,Share an example when you had to learn a new tool or technique for fine-tuning models quickly (for a legacy system).
Backend Developer,Technical,Describe the trade-offs between different approaches to asynchronous processing for a Backend Developer (for a legacy system).
Backend Developer,Experience,How have you measured success when working on scalability initiatives?
Frontend Developer,Leadership,Explain how you would handle conflict between team members over approaches to CSS layout techniques.
AI Engineer,Leadership,Share your strategy to prioritize work and align stakeholders when implementing fine-tuning models.
Frontend Developer,Experience,What experience do you have with JavaScript event handling in past projects and what was the outcome?
UX/UI Designer,Behavioral,Describe a situation where you had to collaborate with others to solve a problem related to information architecture.
Cyber Security Engineer,Problem Solving,Here's a problem: how would you approach optimizing secure coding practices for a large-scale Cyber Security Engineer system?
Full Stack Developer,Behavioral,Describe a situation where you had to collaborate with others to solve a problem related to performance optimization.
Data Scientist,Leadership,How would you lead a team building a A/B testing feature from concept to production in a Data Scientist context?
Information Systems Engineer,Behavioral,Tell me about a time you faced a challenge involving business process modeling and how you handled it.
Frontend Developer,Behavioral,Share an example when you had to learn a new tool or technique for CSS layout techniques quickly (in a cloud-native environment).
Frontend Developer,Problem Solving,Propose a solution to improve CSS layout techniques when faced with limited resources in a Frontend Developer project.
Frontend Developer,Behavioral,Tell me about a time you faced a challenge involving web performance and how you handled it.
Backend Developer,Problem Solving,"Given a scenario with security best practices failures, outline your debugging and mitigation steps for a Backend Developer role (while ensuring accessibility)."
Backend Developer,Leadership,Describe how you'd mentor junior engineers/designers on best practices for API versioning.
Frontend Developer,Leadership,Explain how you would handle conflict between team members over approaches to react hooks (considering performance at scale).
Frontend Developer,Technical,How would you design a solution for react hooks in the context of a Frontend Developer position? (considering performance at scale).
UX/UI Designer,Experience,Describe a project where you used accessibility design and the role you played in it (for a legacy system).
Computer Scientist,Technical,Explain the key concepts of concurrency and how you would apply them in a Computer Scientist role.
Cyber Security Engineer,Technical,Describe the trade-offs between different approaches to encryption and cryptography for a Cyber Security Engineer (in a cloud-native environment).
Backend Developer,Experience,Describe a project where you used security best practices and the role you played in it (considering performance at scale).
Interactive Media Specialist,Experience,Describe a project where you used multimedia authoring tools and the role you played in it (considering performance at scale).
Computer Scientist,Technical,Walk me through the steps to implement distributed systems for a Computer Scientist project.
UX/UI Designer,Behavioral,Describe how you manage competing priorities when working on user research methods tasks.
UX/UI Designer,Problem Solving,Propose a solution to improve accessibility design when faced with limited resources in a UX/UI Designer project.
Computer Scientist,Technical,Walk me through the steps to implement computational theory for a Computer Scientist project.
Information Systems Engineer,Behavioral,Share an example when you had to learn a new tool or technique for enterprise architecture quickly (with limited budget and time).
AI Engineer,Technical,Describe the trade-offs between different approaches to model deployment for a AI Engineer (while ensuring accessibility).
Backend Developer,Leadership,Share your strategy to prioritize work and align stakeholders when implementing caching strategies.
UX/UI Designer,Experience,Discuss a system you built that relied on design systems and the biggest lessons learned (for a legacy system).
Network Engineer,Technical,Walk me through the steps to implement subnetting and CIDR for a Network Engineer project.
Full Stack Developer,Problem Solving,"Given a scenario with performance optimization failures, outline your debugging and mitigation steps for a Full Stack Developer role."
Computer Scientist,Behavioral,Have you ever had to persuade stakeholders about an approach to distributed systems? What happened?
Frontend Developer,Technical,Describe the trade-offs between different approaches to responsive design for a Frontend Developer.
Frontend Developer,Experience,What experience do you have with CSS layout techniques in past projects and what was the outcome?
Interactive Media Specialist,Technical,What are common pitfalls when working with UX for interactive media and how do you avoid them?
Data Scientist,Experience,Discuss a system you built that relied on data preprocessing and the biggest lessons learned.
Full Stack Developer,Behavioral,Tell me about a time you faced a challenge involving state management and how you handled it.
Data Scientist,Leadership,Explain how you would handle conflict between team members over approaches to time series forecasting.
Network Engineer,Problem Solving,"Given a scenario with routing protocols failures, outline your debugging and mitigation steps for a Network Engineer role."
Backend Developer,Experience,Which tools or frameworks have you used for caching strategies and which did you prefer? Why?
Frontend Developer,Experience,How have you measured success when working on JavaScript event handling initiatives?
Information Systems Engineer,Problem Solving,How would you break down a complex enterprise architecture problem into smaller tasks for a Information Systems Engineer team?
Frontend Developer,Leadership,How would you lead a team building a CSS layout techniques feature from concept to production in a Frontend Developer context?
Interactive Media Specialist,Behavioral,Describe how you manage competing priorities when working on game mechanics tasks (considering performance at scale).
AI Engineer,Problem Solving,How would you break down a complex MLOps problem into smaller tasks for a AI Engineer team?
Backend Developer,Experience,Describe a project where you used microservices and the role you played in it.
Information Systems Engineer,Problem Solving,"Given a scenario with enterprise architecture failures, outline your debugging and mitigation steps for a Information Systems Engineer role (for a legacy system)."
AI Engineer,Behavioral,Share an example when you had to learn a new tool or technique for MLOps quickly.
Interactive Media Specialist,Technical,Explain the key concepts of interactive storytelling and how you would apply them in a Interactive Media Specialist role (considering performance at scale).
Data Scientist,Leadership,Share your strategy to prioritize work and align stakeholders when implementing time series forecasting.
Full Stack Developer,Technical,Explain the key concepts of performance optimization and how you would apply them in a Full Stack Developer role.
Computer Scientist,Problem Solving,How would you break down a complex concurrency problem into smaller tasks for a Computer Scientist team?
Interactive Media Specialist,Leadership,How would you lead a team building a performance optimization for media feature from concept to production in a Interactive Media Specialist context?
Information Systems Engineer,Behavioral,Describe how you manage competing priorities when working on systems analysis tasks.
Network Engineer,Technical,How would you design a solution for VPNs in the context of a Network Engineer position?
Information Systems Engineer,Problem Solving,Propose a solution to improve IT governance when faced with limited resources in a Information Systems Engineer project.
Full Stack Developer,Leadership,How do you foster a culture of quality and security around authentication in your team? (while ensuring accessibility).
Computer Scientist,Experience,Which tools or frameworks have you used for data structures and which did you prefer? Why?
Computer Scientist,Problem Solving,How would you break down a complex algorithms complexity problem into smaller tasks for a Computer Scientist team?
UX/UI Designer,Technical,Describe the trade-offs between different approaches to usability testing for a UX/UI Designer (for a legacy system).
Frontend Developer,Problem Solving,Propose a solution to improve web performance when faced with limited resources in a Frontend Developer project.
UX/UI Designer,Behavioral,Tell me about a time you faced a challenge involving usability testing and how you handled it.
Network Engineer,Experience,Which tools or frameworks have you used for network monitoring and which did you prefer? Why?
Backend Developer,Technical,Describe the trade-offs between different approaches to microservices for a Backend Developer.
Interactive Media Specialist,Behavioral,Tell me about a time you faced a challenge involving multimedia authoring tools and how you handled it.
Network Engineer,Problem Solving,Here's a problem: how would you approach optimizing network monitoring for a large-scale Network Engineer system?
Cyber Security Engineer,Problem Solving,Design an algorithm or approach to solve secure coding practices in a Cyber Security Engineer setting. Explain complexity.
Data Scientist,Technical,How would you design a solution for machine learning model selection in the context of a Data Scientist position?
AI Engineer,Experience,What experience do you have with transformers in past projects and what was the outcome?
Backend Developer,Leadership,How do you foster a culture of quality and security around database transactions in your team?
UX/UI Designer,Problem Solving,Here's a problem: how would you approach optimizing usability testing for a large-scale UX/UI Designer system?
Computer Scientist,Technical,Explain the key concepts of data structures and how you would apply them in a Computer Scientist role.
Information Systems Engineer,Problem Solving,Propose a solution to improve business process modeling when faced with limited resources in a Information Systems Engineer project.
Backend Developer,Problem Solving,"Given a scenario with scalability failures, outline your debugging and mitigation steps for a Backend Developer role."
Frontend Developer,Technical,What are common pitfalls when working with responsive design and how do you avoid them?
UX/UI Designer,Experience,Which tools or frameworks have you used for accessibility design and which did you prefer? Why? (for a legacy system).
Backend Developer,Problem Solving,"Given a scenario with caching strategies failures, outline your debugging and mitigation steps for a Backend Developer role (in a cloud-native environment)."
Network Engineer,Experience,Which tools or frameworks have you used for QoS and which did you prefer? Why?
Network Engineer,Behavioral,Describe how you manage competing priorities when working on network monitoring tasks.
Frontend Developer,Problem Solving,Propose a solution to improve JavaScript event handling when faced with limited resources in a Frontend Developer project.
Network Engineer,Experience,How have you measured success when working on switching concepts initiatives?
UX/UI Designer,Problem Solving,Here's a problem: how would you approach optimizing wireframing for a large-scale UX/UI Designer system?
Interactive Media Specialist,Technical,Describe the trade-offs between different approaches to interactive storytelling for a Interactive Media Specialist.
Backend Developer,Problem Solving,Here's a problem: how would you approach optimizing security best practices for a large-scale Backend Developer system? (considering performance at scale).
Data Scientist,Experience,Discuss a system you built that relied on data preprocessing and the biggest lessons learned.
Backend Developer,Leadership,Share your strategy to prioritize work and align stakeholders when implementing security best practices.
Computer Scientist,Leadership,Describe how you'd mentor junior engineers/designers on best practices for compiler design.
Information Systems Engineer,Problem Solving,Design an algorithm or approach to solve requirements gathering in a Information Systems Engineer setting. Explain complexity (considering performance at scale).
Frontend Developer,Experience,How have you measured success when working on web performance initiatives? (in a cloud-native environment).
Network Engineer,Experience,Describe a project where you used switching concepts and the role you played in it.
Network Engineer,Leadership,How do you foster a culture of quality and security around network troubleshooting in your team?
AI Engineer,Experience,Which tools or frameworks have you used for prompt engineering and which did you prefer? Why? (with limited budget and time).
Backend Developer,Experience,Describe a project where you used caching strategies and the role you played in it.
Frontend Developer,Technical,How would you design a solution for CSS layout techniques in the context of a Frontend Developer position?
Backend Developer,Experience,Discuss a system you built that relied on scalability and the biggest lessons learned (with limited budget and time).
Data Scientist,Problem Solving,Design an algorithm or approach to solve A/B testing in a Data Scientist setting. Explain complexity.
Frontend Developer,Problem Solving,Design an algorithm or approach to solve web performance in a Frontend Developer setting. Explain complexity.
Interactive Media Specialist,Problem Solving,Design an algorithm or approach to solve audio-visual synchronization in a Interactive Media Specialist setting. Explain complexity.
Full Stack Developer,Behavioral,Tell me about a time you faced a challenge involving authentication and how you handled it.
Computer Scientist,Behavioral,Describe a situation where you had to collaborate with others to solve a problem related to distributed systems.
Backend Developer,Behavioral,Describe a situation where you had to collaborate with others to solve a problem related to caching strategies (while ensuring accessibility).
Frontend Developer,Behavioral,Share an example when you had to learn a new tool or technique for cross-browser compatibility quickly.
UX/UI Designer,Leadership,Share your strategy to prioritize work and align stakeholders when implementing usability testing.
Cyber Security Engineer,Behavioral,Share an example when you had to learn a new tool or technique for incident response quickly (while ensuring accessibility).
Data Scientist,Experience,How have you measured success when working on feature engineering initiatives?
Computer Scientist,Behavioral,Describe a situation where you had to collaborate with others to solve a problem related to compiler design.
Frontend Developer,Behavioral,Tell me about a time you faced a challenge involving web performance and how you handled it.
Backend Developer,Technical,Explain the key concepts of caching strategies and how you would apply them in a Backend Developer role.
Interactive Media Specialist,Problem Solving,"Given a scenario with performance optimization for media failures, outline your debugging and mitigation steps for a Interactive Media Specialist role."
Cyber Security Engineer,Behavioral,Share an example when you had to learn a new tool or technique for encryption and cryptography quickly.
Backend Developer,Experience,Discuss a system you built that relied on asynchronous processing and the biggest lessons learned (considering performance at scale).
Cyber Security Engineer,Behavioral,Have you ever had to persuade stakeholders about an approach to encryption and cryptography? What happened?
AI Engineer,Technical,Explain the key concepts of model deployment and how you would apply them in a AI Engineer role.
Frontend Developer,Leadership,Explain how you would handle conflict between team members over approaches to react hooks.
Backend Developer,Leadership,Describe how you'd mentor junior engineers/designers on best practices for API versioning (with limited budget and time).
Interactive Media Specialist,Behavioral,Share an example when you had to learn a new tool or technique for interactive storytelling quickly.
Frontend Developer,Technical,Describe the trade-offs between different approaches to JavaScript event handling for a Frontend Developer.
Information Systems Engineer,Experience,How have you measured success when working on business process modeling initiatives?
Data Scientist,Technical,Walk me through the steps to implement deep learning architectures for a Data Scientist project (with limited budget and time).
AI Engineer,Behavioral,Have you ever had to persuade stakeholders about an approach to fine-tuning models? What happened?
Information Systems Engineer,Problem Solving,Propose a solution to improve enterprise architecture when faced with limited resources in a Information Systems Engineer project.
Cyber Security Engineer,Behavioral,Share an example when you had to learn a new tool or technique for secure coding practices quickly (considering performance at scale).
Network Engineer,Leadership,Share your strategy to prioritize work and align stakeholders when implementing switching concepts (considering performance at scale).
Data Scientist,Technical,How would you design a solution for feature engineering in the context of a Data Scientist position? (considering performance at scale).
Full Stack Developer,Experience,How have you measured success when working on deployment initiatives?
AI Engineer,Experience,What experience do you have with fine-tuning models in past projects and what was the outcome?
Frontend Developer,Experience,Discuss a system you built that relied on web performance and the biggest lessons learned.
Network Engineer,Leadership,How do you foster a culture of quality and security around subnetting and CIDR in your team?
Data Scientist,Problem Solving,Design an algorithm or approach to solve model evaluation metrics in a Data Scientist setting. Explain complexity.
Full Stack Developer,Technical,Explain the key concepts of RESTful API design and how you would apply them in a Full Stack Developer role (while ensuring accessibility).
Cyber Security Engineer,Behavioral,Share an example when you had to learn a new tool or technique for incident response quickly.
Frontend Developer,Problem Solving,Propose a solution to improve web performance when faced with limited resources in a Frontend Developer project.
Data Scientist,Leadership,How do you foster a culture of quality and security around data preprocessing in your team?
Interactive Media Specialist,Problem Solving,"Given a scenario with game mechanics failures, outline your debugging and mitigation steps for a Interactive Media Specialist role."
Backend Developer,Leadership,Describe how you'd mentor junior engineers/designers on best practices for API versioning.
Backend Developer,Problem Solving,How would you break down a complex asynchronous processing problem into smaller tasks for a Backend Developer team? (with limited budget and time).
Computer Scientist,Experience,Discuss a system you built that relied on distributed systems and the biggest lessons learned.
Cyber Security Engineer,Experience,Which tools or frameworks have you used for vulnerability assessment and which did you prefer? Why? (while ensuring accessibility).
Computer Scientist,Leadership,Describe how you'd mentor junior engineers/designers on best practices for computational theory.
Computer Scientist,Leadership,Describe how you'd mentor junior engineers/designers on best practices for data structures.
AI Engineer,Problem Solving,Propose a solution to improve transformers when faced with limited resources in a AI Engineer project (for a legacy system).
Interactive Media Specialist,Experience,Discuss a system you built that relied on AR/VR basics and the biggest lessons learned (in a cloud-native environment).
Interactive Media Specialist,Behavioral,Share an example when you had to learn a new tool or technique for AR/VR basics quickly.
Interactive Media Specialist,Problem Solving,Propose a solution to improve performance optimization for media when faced with limited resources in a Interactive Media Specialist project (in a cloud-native environment).
UX/UI Designer,Technical,Walk me through the steps to implement information architecture for a UX/UI Designer project.
Frontend Developer,Experience,What experience do you have with CSS layout techniques in past projects and what was the outcome?
Network Engineer,Problem Solving,Design an algorithm or approach to solve network monitoring in a Network Engineer setting. Explain complexity.
Information Systems Engineer,Behavioral,Describe how you manage competing priorities when working on ERP systems tasks.
Data Scientist,Behavioral,Describe a situation where you had to collaborate with others to solve a problem related to model evaluation metrics (with limited budget and time).
Frontend Developer,Technical,How would you design a solution for responsive design in the context of a Frontend Developer position? (considering performance at scale).
Backend Developer,Leadership,Explain how you would handle conflict between team members over approaches to database transactions.
Interactive Media Specialist,Problem Solving,"Given a scenario with multimedia authoring tools failures, outline your debugging and mitigation steps for a Interactive Media Specialist role."
Frontend Developer,Experience,What experience do you have with JavaScript event handling in past projects and what was the outcome? (in a cloud-native environment).
Data Scientist,Problem Solving,Propose a solution to improve feature engineering when faced with limited resources in a Data Scientist project (for a legacy system).
Interactive Media Specialist,Technical,How would you design a solution for audio-visual synchronization in the context of a Interactive Media Specialist position?
Information Systems Engineer,Behavioral,Describe how you manage competing priorities when working on database management tasks.
UX/UI Designer,Technical,What are common pitfalls when working with accessibility design and how do you avoid them? (with limited budget and time).
Interactive Media Specialist,Experience,How have you measured success when working on interactive storytelling initiatives?
Information Systems Engineer,Technical,How would you design a solution for database management in the context of a Information Systems Engineer position?
Computer Scientist,Experience,Discuss a system you built that relied on algorithms complexity and the biggest lessons learned.
Backend Developer,Leadership,How would you lead a team building a security best practices feature from concept to production in a Backend Developer context?
Cyber Security Engineer,Behavioral,Tell me about a time you faced a challenge involving incident response and how you handled it (considering performance at scale).
Network Engineer,Experience,Describe a project where you used network troubleshooting and the role you played in it.
Backend Developer,Technical,Describe the trade-offs between different approaches to asynchronous processing for a Backend Developer.
Frontend Developer,Technical,Describe the trade-offs between different approaches to responsive design for a Frontend Developer.
Cyber Security Engineer,Behavioral,Have you ever had to persuade stakeholders about an approach to threat modeling? What happened?
Cyber Security Engineer,Technical,Walk me through the steps to implement IAM (Identity and Access Management) for a Cyber Security Engineer project.
Full Stack Developer,Technical,Explain the key concepts of RESTful API design and how you would apply them in a Full Stack Developer role.
Interactive Media Specialist,Technical,Explain the key concepts of interactive storytelling and how you would apply them in a Interactive Media Specialist role.
Network Engineer,Technical,Describe the trade-offs between different approaches to network monitoring for a Network Engineer.
Full Stack Developer,Experience,How have you measured success when working on state management initiatives? (for a legacy system).
Frontend Developer,Behavioral,Tell me about a time you faced a challenge involving react hooks and how you handled it (for a legacy system).
Frontend Developer,Behavioral,Describe how you manage competing priorities when working on responsive design tasks.
Backend Developer,Leadership,How would you lead a team building a scalability feature from concept to production in a Backend Developer context? (while ensuring accessibility).
Network Engineer,Problem Solving,Here's a problem: how would you approach optimizing network troubleshooting for a large-scale Network Engineer system?
Information Systems Engineer,Behavioral,Share an example when you had to learn a new tool or technique for requirements gathering quickly.
Interactive Media Specialist,Problem Solving,Propose a solution to improve audio-visual synchronization when faced with limited resources in a Interactive Media Specialist project.
Frontend Developer,Technical,Describe the trade-offs between different approaches to react hooks for a Frontend Developer.
Data Scientist,Problem Solving,Propose a solution to improve machine learning model selection when faced with limited resources in a Data Scientist project.
Data Scientist,Problem Solving,"Given a scenario with model evaluation metrics failures, outline your debugging and mitigation steps for a Data Scientist role."
Full Stack Developer,Leadership,How do you foster a culture of quality and security around state management in your team?
UX/UI Designer,Experience,How have you measured success when working on accessibility design initiatives? (while ensuring accessibility).
Interactive Media Specialist,Experience,What experience do you have with audio-visual synchronization in past projects and what was the outcome? (in a cloud-native environment).
Backend Developer,Leadership,Share your strategy to prioritize work and align stakeholders when implementing database transactions (while ensuring accessibility).
Computer Scientist,Problem Solving,Here's a problem: how would you approach optimizing concurrency for a large-scale Computer Scientist system?
Interactive Media Specialist,Problem Solving,How would you break down a complex UX for interactive media problem into smaller tasks for a Interactive Media Specialist team?
Information Systems Engineer,Technical,What are common pitfalls when working with ERP systems and how do you avoid them?
Backend Developer,Experience,How have you measured success when working on API versioning initiatives?
Cyber Security Engineer,Experience,Discuss a system you built that relied on network security and the biggest lessons learned (for a legacy system).
Cyber Security Engineer,Problem Solving,Here's a problem: how would you approach optimizing incident response for a large-scale Cyber Security Engineer system? (considering performance at scale).
Cyber Security Engineer,Leadership,Explain how you would handle conflict between team members over approaches to network security.
Frontend Developer,Technical,How would you design a solution for react hooks in the context of a Frontend Developer position?
Computer Scientist,Technical,How would you design a solution for distributed systems in the context of a Computer Scientist position?
Frontend Developer,Technical,How would you design a solution for accessibility (a11y) in the context of a Frontend Developer position?
UX/UI Designer,Behavioral,Describe how you manage competing priorities when working on wireframing tasks (considering performance at scale).
Backend Developer,Experience,Which tools or frameworks have you used for database transactions and which did you prefer? Why?
UX/UI Designer,Technical,Explain the key concepts of design systems and how you would apply them in a UX/UI Designer role (for a legacy system).
Data Scientist,Problem Solving,How would you break down a complex A/B testing problem into smaller tasks for a Data Scientist team?
Cyber Security Engineer,Technical,Describe the trade-offs between different approaches to IAM (Identity and Access Management) for a Cyber Security Engineer.
Frontend Developer,Problem Solving,"Given a scenario with cross-browser compatibility failures, outline your debugging and mitigation steps for a Frontend Developer role (considering performance at scale)."
Network Engineer,Behavioral,Share an example when you had to learn a new tool or technique for switching concepts quickly.
Backend Developer,Behavioral,Tell me about a time you faced a challenge involving database transactions and how you handled it (considering performance at scale).
UX/UI Designer,Technical,How would you design a solution for accessibility design in the context of a UX/UI Designer position? (for a legacy system).
Frontend Developer,Leadership,Describe how you'd mentor junior engineers/designers on best practices for web performance.
Network Engineer,Behavioral,Describe how you manage competing priorities when working on subnetting and CIDR tasks.
Information Systems Engineer,Leadership,Explain how you would handle conflict between team members over approaches to ERP systems (considering performance at scale).
Frontend Developer,Behavioral,Share an example when you had to learn a new tool or technique for cross-browser compatibility quickly.
UX/UI Designer,Leadership,How would you lead a team building a information architecture feature from concept to production in a UX/UI Designer context? (considering performance at scale).
Interactive Media Specialist,Leadership,How do you foster a culture of quality and security around interactive storytelling in your team?
Data Scientist,Experience,Which tools or frameworks have you used for data preprocessing and which did you prefer? Why?
UX/UI Designer,Leadership,How do you foster a culture of quality and security around accessibility design in your team? (considering performance at scale).
Frontend Developer,Leadership,How do you foster a culture of quality and security around accessibility (a11y) in your team?
Backend Developer,Behavioral,Describe how you manage competing priorities when working on API versioning tasks.
Interactive Media Specialist,Behavioral,Have you ever had to persuade stakeholders about an approach to interactive storytelling? What happened? (with limited budget and time).
Cyber Security Engineer,Experience,What experience do you have with secure coding practices in past projects and what was the outcome?
AI Engineer,Leadership,How do you foster a culture of quality and security around MLOps in your team?
Network Engineer,Technical,How would you design a solution for switching concepts in the context of a Network Engineer position? (considering performance at scale).
Network Engineer,Problem Solving,Here's a problem: how would you approach optimizing network troubleshooting for a large-scale Network Engineer system?
Cyber Security Engineer,Behavioral,Tell me about a time you faced a challenge involving network security and how you handled it.
Frontend Developer,Problem Solving,"Given a scenario with responsive design failures, outline your debugging and mitigation steps for a Frontend Developer role (in a cloud-native environment)."
Computer Scientist,Technical,Explain the key concepts of computational theory and how you would apply them in a Computer Scientist role.
Backend Developer,Technical,Describe the trade-offs between different approaches to asynchronous processing for a Backend Developer.
Network Engineer,Experience,How have you measured success when working on VPNs initiatives? (while ensuring accessibility).
Full Stack Developer,Behavioral,Describe a situation where you had to collaborate with others to solve a problem related to database schema design.
Information Systems Engineer,Technical,How would you design a solution for ERP systems in the context of a Information Systems Engineer position?
Cyber Security Engineer,Leadership,How would you lead a team building a IAM (Identity and Access Management) feature from concept to production in a Cyber Security Engineer context?
Cyber Security Engineer,Leadership,How do you foster a culture of quality and security around incident response in your team?
Data Scientist,Technical,Describe the trade-offs between different approaches to A/B testing for a Data Scientist (in a cloud-native environment).
Information Systems Engineer,Leadership,Describe how you'd mentor junior engineers/designers on best practices for systems analysis.
Data Scientist,Experience,How have you measured success when working on data preprocessing initiatives?
Network Engineer,Technical,How would you design a solution for network monitoring in the context of a Network Engineer position?
Cyber Security Engineer,Behavioral,Share an example when you had to learn a new tool or technique for incident response quickly.
Network Engineer,Problem Solving,Design an algorithm or approach to solve network troubleshooting in a Network Engineer setting. Explain complexity.
Backend Developer,Leadership,Share your strategy to prioritize work and align stakeholders when implementing scalability.
Full Stack Developer,Experience,How have you measured success when working on frontend-backend integration initiatives?
AI Engineer,Problem Solving,Design an algorithm or approach to solve transformers in a AI Engineer setting. Explain complexity.
Cyber Security Engineer,Behavioral,Tell me about a time you faced a challenge involving encryption and cryptography and how you handled it.
Backend Developer,Technical,Describe the trade-offs between different approaches to microservices for a Backend Developer.
Computer Scientist,Leadership,Describe how you'd mentor junior engineers/designers on best practices for operating systems.
Full Stack Developer,Leadership,How would you lead a team building a authentication feature from concept to production in a Full Stack Developer context?
Network Engineer,Leadership,Share your strategy to prioritize work and align stakeholders when implementing VPNs.
Information Systems Engineer,Behavioral,Share an example when you had to learn a new tool or technique for requirements gathering quickly.
Network Engineer,Behavioral,Tell me about a time you faced a challenge involving network troubleshooting and how you handled it.
Computer Scientist,Experience,Which tools or frameworks have you used for data structures and which did you prefer? Why? (while ensuring accessibility).
UX/UI Designer,Behavioral,Describe how you manage competing priorities when working on user research methods tasks.
Interactive Media Specialist,Experience,Describe a project where you used multimedia authoring tools and the role you played in it.
Network Engineer,Behavioral,Describe how you manage competing priorities when working on subnetting and CIDR tasks.
AI Engineer,Behavioral,Share an example when you had to learn a new tool or technique for fine-tuning models quickly.
UX/UI Designer,Technical,Describe the trade-offs between different approaches to information architecture for a UX/UI Designer.
Network Engineer,Leadership,How do you foster a culture of quality and security around QoS in your team?
Backend Developer,Problem Solving,Here's a problem: how would you approach optimizing asynchronous processing for a large-scale Backend Developer system?
AI Engineer,Experience,What experience do you have with fine-tuning models in past projects and what was the outcome?
UX/UI Designer,Problem Solving,Design an algorithm or approach to solve usability testing in a UX/UI Designer setting. Explain complexity.
Computer Scientist,Leadership,Share your strategy to prioritize work and align stakeholders when implementing compiler design (considering performance at scale).
Interactive Media Specialist,Leadership,Share your strategy to prioritize work and align stakeholders when implementing AR/VR basics.
AI Engineer,Technical,What are common pitfalls when working with fine-tuning models and how do you avoid them?
Interactive Media Specialist,Behavioral,Tell me about a time you faced a challenge involving multimedia authoring tools and how you handled it.
UX/UI Designer,Technical,How would you design a solution for information architecture in the context of a UX/UI Designer position?
Computer Scientist,Technical,Walk me through the steps to implement distributed systems for a Computer Scientist project.
Interactive Media Specialist,Leadership,Describe how you'd mentor junior engineers/designers on best practices for interactive storytelling.
Network Engineer,Experience,Discuss a system you built that relied on switching concepts and the biggest lessons learned.
AI Engineer,Technical,Walk me through the steps to implement prompt engineering for a AI Engineer project.
AI Engineer,Experience,How have you measured success when working on fine-tuning models initiatives?
AI Engineer,Leadership,Share your strategy to prioritize work and align stakeholders when implementing model deployment.
Computer Scientist,Leadership,Describe how you'd mentor junior engineers/designers on best practices for computational theory.
Interactive Media Specialist,Behavioral,Share an example when you had to learn a new tool or technique for interactive storytelling quickly.
Information Systems Engineer,Technical,Describe the trade-offs between different approaches to IT governance for a Information Systems Engineer.
Network Engineer,Experience,How have you measured success when working on subnetting and CIDR initiatives? (considering performance at scale).
Full Stack Developer,Experience,What experience do you have with frontend-backend integration in past projects and what was the outcome?
Full Stack Developer,Experience,Which tools or frameworks have you used for frontend-backend integration and which did you prefer? Why? (for a legacy system).
UX/UI Designer,Behavioral,Share an example when you had to learn a new tool or technique for wireframing quickly (with limited budget and time).
Data Scientist,Experience,Describe a project where you used machine learning model selection and the role you played in it.
Backend Developer,Behavioral,Describe a situation where you had to collaborate with others to solve a problem related to database transactions.
UX/UI Designer,Leadership,Explain how you would handle conflict between team members over approaches to user research methods (considering performance at scale).
UX/UI Designer,Problem Solving,Design an algorithm or approach to solve user research methods in a UX/UI Designer setting. Explain complexity (for a legacy system).
UX/UI Designer,Technical,How would you design a solution for user research methods in the context of a UX/UI Designer position?
UX/UI Designer,Behavioral,Have you ever had to persuade stakeholders about an approach to accessibility design? What happened?
Information Systems Engineer,Behavioral,Describe how you manage competing priorities when working on database management tasks.
Network Engineer,Behavioral,Describe a situation where you had to collaborate with others to solve a problem related to routing protocols.
Full Stack Developer,Behavioral,Describe a situation where you had to collaborate with others to solve a problem related to performance optimization.
Network Engineer,Technical,Describe the trade-offs between different approaches to QoS for a Network Engineer.
Backend Developer,Leadership,Share your strategy to prioritize work and align stakeholders when implementing security best practices.
Interactive Media Specialist,Technical,How would you design a solution for interactive storytelling in the context of a Interactive Media Specialist position?
Cyber Security Engineer,Problem Solving,Here's a problem: how would you approach optimizing incident response for a large-scale Cyber Security Engineer system? (considering performance at scale).
Frontend Developer,Leadership,Share your strategy to prioritize work and align stakeholders when implementing accessibility (a11y).
UX/UI Designer,Experience,How have you measured success when working on usability testing initiatives? (considering performance at scale).
Network Engineer,Experience,Which tools or frameworks have you used for subnetting and CIDR and which did you prefer? Why?
Backend Developer,Problem Solving,How would you break down a complex asynchronous processing problem into smaller tasks for a Backend Developer team?
Backend Developer,Experience,Which tools or frameworks have you used for asynchronous processing and which did you prefer? Why?
AI Engineer,Leadership,Share your strategy to prioritize work and align stakeholders when implementing MLOps.
Network Engineer,Leadership,How would you lead a team building a routing protocols feature from concept to production in a Network Engineer context?
Full Stack Developer,Experience,Discuss a system you built that relied on performance optimization and the biggest lessons learned (considering performance at scale).
Cyber Security Engineer,Experience,Which tools or frameworks have you used for network security and which did you prefer? Why? (considering performance at scale).
UX/UI Designer,Technical,Describe the trade-offs between different approaches to accessibility design for a UX/UI Designer (considering performance at scale).
Frontend Developer,Problem Solving,Here's a problem: how would you approach optimizing react hooks for a large-scale Frontend Developer system? (in a cloud-native environment).
AI Engineer,Experience,Discuss a system you built that relied on prompt engineering and the biggest lessons learned.
Full Stack Developer,Problem Solving,Propose a solution to improve authentication when faced with limited resources in a Full Stack Developer project.
Interactive Media Specialist,Technical,Describe the trade-offs between different approaches to UX for interactive media for a Interactive Media Specialist (with limited budget and time).
Information Systems Engineer,Technical,Explain the key concepts of systems analysis and how you would apply them in a Information Systems Engineer role.
Data Scientist,Technical,Walk me through the steps to implement model evaluation metrics for a Data Scientist project.
Information Systems Engineer,Problem Solving,Propose a solution to improve systems analysis when faced with limited resources in a Information Systems Engineer project.
Information Systems Engineer,Technical,Explain the key concepts of enterprise architecture and how you would apply them in a Information Systems Engineer role (in a cloud-native environment).
Full Stack Developer,Technical,How would you design a solution for state management in the context of a Full Stack Developer position?
Frontend Developer,Problem Solving,Propose a solution to improve CSS layout techniques when faced with limited resources in a Frontend Developer project.
UX/UI Designer,Problem Solving,Design an algorithm or approach to solve usability testing in a UX/UI Designer setting. Explain complexity.
Cyber Security Engineer,Behavioral,Tell me about a time you faced a challenge involving secure coding practices and how you handled it (considering performance at scale).
Network Engineer,Behavioral,Describe a situation where you had to collaborate with others to solve a problem related to network monitoring.
Frontend Developer,Behavioral,Describe a situation where you had to collaborate with others to solve a problem related to CSS layout techniques (while ensuring accessibility).
Computer Scientist,Behavioral,Have you ever had to persuade stakeholders about an approach to concurrency? What happened?
Backend Developer,Behavioral,Have you ever had to persuade stakeholders about an approach to caching strategies? What happened?
UX/UI Designer,Technical,Walk me through the steps to implement information architecture for a UX/UI Designer project.
Frontend Developer,Technical,Explain the key concepts of web performance and how you would apply them in a Frontend Developer role.
Cyber Security Engineer,Behavioral,Have you ever had to persuade stakeholders about an approach to incident response? What happened?
AI Engineer,Leadership,How do you foster a culture of quality and security around fine-tuning models in your team?
Frontend Developer,Experience,Which tools or frameworks have you used for cross-browser compatibility and which did you prefer? Why? (in a cloud-native environment).
Computer Scientist,Behavioral,Share an example when you had to learn a new tool or technique for concurrency quickly (for a legacy system).
Frontend Developer,Technical,How would you design a solution for JavaScript event handling in the context of a Frontend Developer position?
Network Engineer,Problem Solving,Design an algorithm or approach to solve network troubleshooting in a Network Engineer setting. Explain complexity.
Backend Developer,Technical,Walk me through the steps to implement scalability for a Backend Developer project.
Frontend Developer,Behavioral,Describe a situation where you had to collaborate with others to solve a problem related to cross-browser compatibility (in a cloud-native environment).
Backend Developer,Leadership,Share your strategy to prioritize work and align stakeholders when implementing asynchronous processing (while ensuring accessibility).
Interactive Media Specialist,Leadership,How would you lead a team building a UX for interactive media feature from concept to production in a Interactive Media Specialist context? (while ensuring accessibility).
Backend Developer,Leadership,Describe how you'd mentor junior engineers/designers on best practices for scalability.
Network Engineer,Experience,How have you measured success when working on switching concepts initiatives?
Cyber Security Engineer,Experience,What experience do you have with threat modeling in past projects and what was the outcome?
AI Engineer,Problem Solving,Here's a problem: how would you approach optimizing model deployment for a large-scale AI Engineer system? (while ensuring accessibility).
Network Engineer,Problem Solving,How would you break down a complex subnetting and CIDR problem into smaller tasks for a Network Engineer team? (considering performance at scale).
Computer Scientist,Leadership,Share your strategy to prioritize work and align stakeholders when implementing distributed systems.
UX/UI Designer,Technical,Explain the key concepts of information architecture and how you would apply them in a UX/UI Designer role.
Backend Developer,Experience,How have you measured success when working on scalability initiatives?
Cyber Security Engineer,Leadership,Describe how you'd mentor junior engineers/designers on best practices for incident response.
Backend Developer,Experience,Which tools or frameworks have you used for caching strategies and which did you prefer? Why?
Computer Scientist,Problem Solving,Here's a problem: how would you approach optimizing operating systems for a large-scale Computer Scientist system? (in a cloud-native environment).
AI Engineer,Experience,What experience do you have with transformers in past projects and what was the outcome? (while ensuring accessibility).
Computer Scientist,Leadership,How would you lead a team building a computational theory feature from concept to production in a Computer Scientist context?
Data Scientist,Experience,Discuss a system you built that relied on machine learning model selection and the biggest lessons learned.
Cyber Security Engineer,Technical,Explain the key concepts of secure coding practices and how you would apply them in a Cyber Security Engineer role (with limited budget and time).
UX/UI Designer,Technical,How would you design a solution for design systems in the context of a UX/UI Designer position?
Cyber Security Engineer,Experience,How have you measured success when working on secure coding practices initiatives? (considering performance at scale).
Cyber Security Engineer,Problem Solving,Propose a solution to improve incident response when faced with limited resources in a Cyber Security Engineer project (considering performance at scale).
Full Stack Developer,Problem Solving,Here's a problem: how would you approach optimizing RESTful API design for a large-scale Full Stack Developer system?
Network Engineer,Technical,Walk me through the steps to implement QoS for a Network Engineer project.
Network Engineer,Experience,Describe a project where you used subnetting and CIDR and the role you played in it (considering performance at scale).
Computer Scientist,Problem Solving,Propose a solution to improve data structures when faced with limited resources in a Computer Scientist project.
Information Systems Engineer,Experience,What experience do you have with business process modeling in past projects and what was the outcome?
Full Stack Developer,Problem Solving,Here's a problem: how would you approach optimizing frontend-backend integration for a large-scale Full Stack Developer system?
Frontend Developer,Behavioral,Describe a situation where you had to collaborate with others to solve a problem related to CSS layout techniques.
Computer Scientist,Leadership,Explain how you would handle conflict between team members over approaches to distributed systems (with limited budget and time).
AI Engineer,Technical,Walk me through the steps to implement prompt engineering for a AI Engineer project.
Network Engineer,Problem Solving,Here's a problem: how would you approach optimizing QoS for a large-scale Network Engineer system?
Data Scientist,Experience,Describe a project where you used time series forecasting and the role you played in it.
Interactive Media Specialist,Leadership,How would you lead a team building a multimedia authoring tools feature from concept to production in a Interactive Media Specialist context? (with limited budget and time).
Computer Scientist,Behavioral,Have you ever had to persuade stakeholders about an approach to data structures? What happened?
AI Engineer,Technical,What are common pitfalls when working with model deployment and how do you avoid them? (while ensuring accessibility).
Network Engineer,Technical,How would you design a solution for QoS in the context of a Network Engineer position?
Computer Scientist,Problem Solving,How would you break down a complex concurrency problem into smaller tasks for a Computer Scientist team?
Network Engineer,Technical,Describe the trade-offs between different approaches to QoS for a Network Engineer.
Full Stack Developer,Experience,Discuss a system you built that relied on deployment and the biggest lessons learned (with limited budget and time).
Information Systems Engineer,Experience,Describe a project where you used systems analysis and the role you played in it.
AI Engineer,Leadership,How do you foster a culture of quality and security around fine-tuning models in your team?
AI Engineer,Technical,How would you design a solution for transformers in the context of a AI Engineer position? (while ensuring accessibility).
Computer Scientist,Problem Solving,"Given a scenario with compiler design failures, outline your debugging and mitigation steps for a Computer Scientist role (for a legacy system)."
AI Engineer,Behavioral,Describe how you manage competing priorities when working on continuously learning systems tasks (in a cloud-native environment).
Backend Developer,Problem Solving,Propose a solution to improve scalability when faced with limited resources in a Backend Developer project (considering performance at scale).
Full Stack Developer,Leadership,How would you lead a team building a authentication feature from concept to production in a Full Stack Developer context? (while ensuring accessibility).
Frontend Developer,Leadership,Describe how you'd mentor junior engineers/designers on best practices for JavaScript event handling.
Frontend Developer,Technical,Walk me through the steps to implement react hooks for a Frontend Developer project.
Computer Scientist,Problem Solving,Here's a problem: how would you approach optimizing data structures for a large-scale Computer Scientist system?
Network Engineer,Behavioral,Describe how you manage competing priorities when working on routing protocols tasks (with limited budget and time).
Full Stack Developer,Behavioral,Describe how you manage competing priorities when working on performance optimization tasks.
UX/UI Designer,Problem Solving,Design an algorithm or approach to solve design systems in a UX/UI Designer setting. Explain complexity (considering performance at scale).
Information Systems Engineer,Behavioral,Describe a situation where you had to collaborate with others to solve a problem related to enterprise architecture (with limited budget and time).
UX/UI Designer,Experience,What experience do you have with information architecture in past projects and what was the outcome?
UX/UI Designer,Leadership,Explain how you would handle conflict between team members over approaches to usability testing.
Data Scientist,Problem Solving,Design an algorithm or approach to solve model evaluation metrics in a Data Scientist setting. Explain complexity.
Frontend Developer,Leadership,Share your strategy to prioritize work and align stakeholders when implementing responsive design.
Backend Developer,Experience,Which tools or frameworks have you used for caching strategies and which did you prefer? Why? (in a cloud-native environment).
Information Systems Engineer,Behavioral,Describe a situation where you had to collaborate with others to solve a problem related to requirements gathering.
Frontend Developer,Behavioral,Share an example when you had to learn a new tool or technique for cross-browser compatibility quickly.
Data Scientist,Leadership,How do you foster a culture of quality and security around machine learning model selection in your team?
Network Engineer,Behavioral,Share an example when you had to learn a new tool or technique for network troubleshooting quickly.
Cyber Security Engineer,Technical,What are common pitfalls when working with IAM (Identity and Access Management) and how do you avoid them? (for a legacy system).
Interactive Media Specialist,Problem Solving,Here's a problem: how would you approach optimizing interactive storytelling for a large-scale Interactive Media Specialist system?
Full Stack Developer,Experience,How have you measured success when working on RESTful API design initiatives?
Computer Scientist,Behavioral,Share an example when you had to learn a new tool or technique for algorithms complexity quickly.
Full Stack Developer,Technical,Describe the trade-offs between different approaches to authentication for a Full Stack Developer.
Frontend Developer,Problem Solving,"Given a scenario with cross-browser compatibility failures, outline your debugging and mitigation steps for a Frontend Developer role (for a legacy system)."
Data Scientist,Behavioral,Describe a situation where you had to collaborate with others to solve a problem related to model evaluation metrics.
Full Stack Developer,Leadership,Explain how you would handle conflict between team members over approaches to state management (in a cloud-native environment).
Frontend Developer,Technical,Describe the trade-offs between different approaches to responsive design for a Frontend Developer (for a legacy system).
UX/UI Designer,Behavioral,Share an example when you had to learn a new tool or technique for prototyping tools quickly.
AI Engineer,Behavioral,Describe how you manage competing priorities when working on model interpretability tasks.
AI Engineer,Experience,How have you measured success when working on continuously learning systems initiatives?
Computer Scientist,Leadership,Describe how you'd mentor junior engineers/designers on best practices for algorithms complexity.
Network Engineer,Leadership,How would you lead a team building a VPNs feature from concept to production in a Network Engineer context?
Interactive Media Specialist,Problem Solving,Design an algorithm or approach to solve AR/VR basics in a Interactive Media Specialist setting. Explain complexity.
Interactive Media Specialist,Experience,What experience do you have with game mechanics in past projects and what was the outcome?
Computer Scientist,Behavioral,Describe how you manage competing priorities when working on algorithms complexity tasks.
UX/UI Designer,Problem Solving,Here's a problem: how would you approach optimizing prototyping tools for a large-scale UX/UI Designer system?
Network Engineer,Problem Solving,Propose a solution to improve VPNs when faced with limited resources in a Network Engineer project.
Full Stack Developer,Experience,How have you measured success when working on state management initiatives?
Data Scientist,Leadership,Explain how you would handle conflict between team members over approaches to data preprocessing (with limited budget and time).
Backend Developer,Problem Solving,"Given a scenario with caching strategies failures, outline your debugging and mitigation steps for a Backend Developer role."
Computer Scientist,Experience,Discuss a system you built that relied on concurrency and the biggest lessons learned.
UX/UI Designer,Behavioral,Share an example when you had to learn a new tool or technique for design systems quickly.
Computer Scientist,Leadership,How do you foster a culture of quality and security around algorithms complexity in your team?
Data Scientist,Experience,Discuss a system you built that relied on A/B testing and the biggest lessons learned (considering performance at scale).
AI Engineer,Technical,What are common pitfalls when working with transformers and how do you avoid them?
Computer Scientist,Problem Solving,Propose a solution to improve computational theory when faced with limited resources in a Computer Scientist project.
Full Stack Developer,Technical,Walk me through the steps to implement performance optimization for a Full Stack Developer project.
AI Engineer,Leadership,Describe how you'd mentor junior engineers/designers on best practices for prompt engineering.
Frontend Developer,Leadership,How do you foster a culture of quality and security around react hooks in your team?
Data Scientist,Problem Solving,"Given a scenario with model evaluation metrics failures, outline your debugging and mitigation steps for a Data Scientist role."
Backend Developer,Leadership,How do you foster a culture of quality and security around scalability in your team? (while ensuring accessibility).
Network Engineer,Leadership,How do you foster a culture of quality and security around QoS in your team? (considering performance at scale).
UX/UI Designer,Problem Solving,Design an algorithm or approach to solve usability testing in a UX/UI Designer setting. Explain complexity.
Full Stack Developer,Technical,Describe the trade-offs between different approaches to performance optimization for a Full Stack Developer (for a legacy system).
Frontend Developer,Problem Solving,Here's a problem: how would you approach optimizing JavaScript event handling for a large-scale Frontend Developer system?
AI Engineer,Problem Solving,"Given a scenario with fine-tuning models failures, outline your debugging and mitigation steps for a AI Engineer role (considering performance at scale)."
Interactive Media Specialist,Behavioral,Describe how you manage competing priorities when working on AR/VR basics tasks.
Computer Scientist,Experience,Which tools or frameworks have you used for data structures and which did you prefer? Why?
Frontend Developer,Experience,What experience do you have with cross-browser compatibility in past projects and what was the outcome?
Frontend Developer,Behavioral,Describe a situation where you had to collaborate with others to solve a problem related to JavaScript event handling.
Backend Developer,Technical,How would you design a solution for API versioning in the context of a Backend Developer position?
Frontend Developer,Leadership,Share your strategy to prioritize work and align stakeholders when implementing JavaScript event handling.
UX/UI Designer,Experience,Discuss a system you built that relied on information architecture and the biggest lessons learned (in a cloud-native environment).
AI Engineer,Leadership,Share your strategy to prioritize work and align stakeholders when implementing prompt engineering.
Backend Developer,Behavioral,Describe how you manage competing priorities when working on database transactions tasks.
Data Scientist,Experience,Which tools or frameworks have you used for machine learning model selection and which did you prefer? Why?
Frontend Developer,Leadership,Share your strategy to prioritize work and align stakeholders when implementing CSS layout techniques.
AI Engineer,Technical,Walk me through the steps to implement fine-tuning models for a AI Engineer project.
Frontend Developer,Behavioral,Share an example when you had to learn a new tool or technique for responsive design quickly.
Data Scientist,Leadership,Explain how you would handle conflict between team members over approaches to data preprocessing.
Backend Developer,Experience,Discuss a system you built that relied on API versioning and the biggest lessons learned.
Network Engineer,Experience,What experience do you have with routing protocols in past projects and what was the outcome?
Computer Scientist,Behavioral,Have you ever had to persuade stakeholders about an approach to compiler design? What happened? (in a cloud-native environment).
Full Stack Developer,Technical,What are common pitfalls when working with deployment and how do you avoid them? (considering performance at scale).
Full Stack Developer,Experience,Describe a project where you used state management and the role you played in it.
Information Systems Engineer,Leadership,Share your strategy to prioritize work and align stakeholders when implementing enterprise architecture.
Frontend Developer,Leadership,Describe how you'd mentor junior engineers/designers on best practices for react hooks.
Backend Developer,Technical,How would you design a solution for database transactions in the context of a Backend Developer position?
AI Engineer,Leadership,Explain how you would handle conflict between team members over approaches to model deployment (in a cloud-native environment).
Interactive Media Specialist,Leadership,Explain how you would handle conflict between team members over approaches to audio-visual synchronization (for a legacy system).
Cyber Security Engineer,Leadership,Explain how you would handle conflict between team members over approaches to threat modeling (considering performance at scale).
AI Engineer,Leadership,Share your strategy to prioritize work and align stakeholders when implementing fine-tuning models.
Full Stack Developer,Technical,Explain the key concepts of frontend-backend integration and how you would apply them in a Full Stack Developer role.
UX/UI Designer,Experience,Which tools or frameworks have you used for usability testing and which did you prefer? Why?
Full Stack Developer,Problem Solving,How would you break down a complex database schema design problem into smaller tasks for a Full Stack Developer team? (considering performance at scale).
Frontend Developer,Behavioral,Describe a situation where you had to collaborate with others to solve a problem related to cross-browser compatibility.
Frontend Developer,Technical,How would you design a solution for cross-browser compatibility in the context of a Frontend Developer position? (while ensuring accessibility).
UX/UI Designer,Leadership,How would you lead a team building a wireframing feature from concept to production in a UX/UI Designer context?
Frontend Developer,Leadership,Explain how you would handle conflict between team members over approaches to accessibility (a11y).
Information Systems Engineer,Behavioral,Describe how you manage competing priorities when working on enterprise architecture tasks.
Cyber Security Engineer,Problem Solving,Design an algorithm or approach to solve network security in a Cyber Security Engineer setting. Explain complexity.
Backend Developer,Behavioral,Describe how you manage competing priorities when working on security best practices tasks (considering performance at scale).
Information Systems Engineer,Problem Solving,Propose a solution to improve business process modeling when faced with limited resources in a Information Systems Engineer project.
Backend Developer,Behavioral,Tell me about a time you faced a challenge involving security best practices and how you handled it (for a legacy system).
AI Engineer,Problem Solving,Propose a solution to improve fine-tuning models when faced with limited resources in a AI Engineer project.
Data Scientist,Leadership,Share your strategy to prioritize work and align stakeholders when implementing machine learning model selection (while ensuring accessibility).
Frontend Developer,Experience,How have you measured success when working on web performance initiatives?
Interactive Media Specialist,Behavioral,Describe how you manage competing priorities when working on performance optimization for media tasks (with limited budget and time).
AI Engineer,Leadership,Describe how you'd mentor junior engineers/designers on best practices for prompt engineering.
Frontend Developer,Technical,What are common pitfalls when working with JavaScript event handling and how do you avoid them? (with limited budget and time).
Information Systems Engineer,Experience,What experience do you have with database management in past projects and what was the outcome? (with limited budget and time).
Full Stack Developer,Behavioral,Share an example when you had to learn a new tool or technique for performance optimization quickly.
Data Scientist,Experience,What experience do you have with model evaluation metrics in past projects and what was the outcome?
Cyber Security Engineer,Leadership,Share your strategy to prioritize work and align stakeholders when implementing threat modeling (for a legacy system).
Cyber Security Engineer,Experience,Which tools or frameworks have you used for IAM (Identity and Access Management) and which did you prefer? Why? (while ensuring accessibility).
UX/UI Designer,Leadership,How would you lead a team building a wireframing feature from concept to production in a UX/UI Designer context?
Information Systems Engineer,Problem Solving,Design an algorithm or approach to solve requirements gathering in a Information Systems Engineer setting. Explain complexity (with limited budget and time).
Backend Developer,Behavioral,Have you ever had to persuade stakeholders about an approach to database transactions? What happened?
Interactive Media Specialist,Problem Solving,Propose a solution to improve AR/VR basics when faced with limited resources in a Interactive Media Specialist project.
Information Systems Engineer,Technical,Describe the trade-offs between different approaches to ERP systems for a Information Systems Engineer.
Frontend Developer,Behavioral,Describe a situation where you had to collaborate with others to solve a problem related to web performance.
Network Engineer,Technical,Explain the key concepts of QoS and how you would apply them in a Network Engineer role.
AI Engineer,Leadership,Share your strategy to prioritize work and align stakeholders when implementing fine-tuning models.
Full Stack Developer,Technical,Describe the trade-offs between different approaches to deployment for a Full Stack Developer.
Backend Developer,Leadership,Describe how you'd mentor junior engineers/designers on best practices for API versioning (for a legacy system).
Information Systems Engineer,Leadership,How would you lead a team building a systems analysis feature from concept to production in a Information Systems Engineer context?
Interactive Media Specialist,Problem Solving,How would you break down a complex game mechanics problem into smaller tasks for a Interactive Media Specialist team? (in a cloud-native environment).
UX/UI Designer,Problem Solving,"Given a scenario with accessibility design failures, outline your debugging and mitigation steps for a UX/UI Designer role (while ensuring accessibility)."
Network Engineer,Technical,Describe the trade-offs between different approaches to switching concepts for a Network Engineer.
Data Scientist,Problem Solving,"Given a scenario with A/B testing failures, outline your debugging and mitigation steps for a Data Scientist role."
Data Scientist,Technical,Walk me through the steps to implement feature engineering for a Data Scientist project.
Information Systems Engineer,Behavioral,Tell me about a time you faced a challenge involving enterprise architecture and how you handled it.
AI Engineer,Behavioral,Describe a situation where you had to collaborate with others to solve a problem related to prompt engineering.
Network Engineer,Leadership,Describe how you'd mentor junior engineers/designers on best practices for QoS (in a cloud-native environment).
Full Stack Developer,Technical,How would you design a solution for frontend-backend integration in the context of a Full Stack Developer position?
Backend Developer,Experience,How have you measured success when working on database transactions initiatives?
Interactive Media Specialist,Problem Solving,How would you break down a complex multimedia authoring tools problem into smaller tasks for a Interactive Media Specialist team?
Interactive Media Specialist,Problem Solving,How would you break down a complex UX for interactive media problem into smaller tasks for a Interactive Media Specialist team?
AI Engineer,Technical,Explain the key concepts of model deployment and how you would apply them in a AI Engineer role.
Cyber Security Engineer,Technical,How would you design a solution for IAM (Identity and Access Management) in the context of a Cyber Security Engineer position?
Full Stack Developer,Leadership,How do you foster a culture of quality and security around state management in your team?
Information Systems Engineer,Experience,Describe a project where you used IT governance and the role you played in it (for a legacy system).
Information Systems Engineer,Leadership,Describe how you'd mentor junior engineers/designers on best practices for ERP systems.
Cyber Security Engineer,Experience,How have you measured success when working on encryption and cryptography initiatives?
Network Engineer,Leadership,Share your strategy to prioritize work and align stakeholders when implementing switching concepts.
Information Systems Engineer,Experience,Discuss a system you built that relied on business process modeling and the biggest lessons learned.
Backend Developer,Leadership,Explain how you would handle conflict between team members over approaches to security best practices.
Computer Scientist,Experience,Discuss a system you built that relied on computational theory and the biggest lessons learned.
Information Systems Engineer,Experience,Which tools or frameworks have you used for IT governance and which did you prefer? Why?
Frontend Developer,Problem Solving,"Given a scenario with CSS layout techniques failures, outline your debugging and mitigation steps for a Frontend Developer role."
Full Stack Developer,Leadership,Describe how you'd mentor junior engineers/designers on best practices for deployment.
Computer Scientist,Experience,What experience do you have with computational theory in past projects and what was the outcome? (for a legacy system).
Full Stack Developer,Leadership,Share your strategy to prioritize work and align stakeholders when implementing deployment.
AI Engineer,Leadership,How do you foster a culture of quality and security around prompt engineering in your team?
Network Engineer,Problem Solving,Here's a problem: how would you approach optimizing subnetting and CIDR for a large-scale Network Engineer system?
Data Scientist,Leadership,How do you foster a culture of quality and security around machine learning model selection in your team?
Interactive Media Specialist,Experience,What experience do you have with performance optimization for media in past projects and what was the outcome? (considering performance at scale).
Information Systems Engineer,Leadership,Describe how you'd mentor junior engineers/designers on best practices for requirements gathering (while ensuring accessibility).
Frontend Developer,Behavioral,Have you ever had to persuade stakeholders about an approach to JavaScript event handling? What happened?
Information Systems Engineer,Leadership,How do you foster a culture of quality and security around IT governance in your team?
Network Engineer,Technical,How would you design a solution for subnetting and CIDR in the context of a Network Engineer position?
Full Stack Developer,Behavioral,Share an example when you had to learn a new tool or technique for state management quickly.
AI Engineer,Experience,How have you measured success when working on continuously learning systems initiatives?
Full Stack Developer,Experience,What experience do you have with performance optimization in past projects and what was the outcome?
Backend Developer,Behavioral,Describe how you manage competing priorities when working on security best practices tasks.
Computer Scientist,Leadership,How would you lead a team building a algorithms complexity feature from concept to production in a Computer Scientist context?
Backend Developer,Problem Solving,Propose a solution to improve caching strategies when faced with limited resources in a Backend Developer project (for a legacy system).
Backend Developer,Leadership,Explain how you would handle conflict between team members over approaches to API versioning.
Data Scientist,Problem Solving,Here's a problem: how would you approach optimizing feature engineering for a large-scale Data Scientist system? (for a legacy system).
AI Engineer,Problem Solving,Propose a solution to improve continuously learning systems when faced with limited resources in a AI Engineer project (while ensuring accessibility).
UX/UI Designer,Problem Solving,How would you break down a complex usability testing problem into smaller tasks for a UX/UI Designer team?
Frontend Developer,Experience,Describe a project where you used cross-browser compatibility and the role you played in it.
Network Engineer,Leadership,Describe how you'd mentor junior engineers/designers on best practices for routing protocols (while ensuring accessibility).
Full Stack Developer,Behavioral,Describe a situation where you had to collaborate with others to solve a problem related to state management.
Frontend Developer,Problem Solving,Propose a solution to improve web performance when faced with limited resources in a Frontend Developer project.
Interactive Media Specialist,Technical,Describe the trade-offs between different approaches to AR/VR basics for a Interactive Media Specialist.
Data Scientist,Leadership,How would you lead a team building a model evaluation metrics feature from concept to production in a Data Scientist context?
AI Engineer,Technical,How would you design a solution for model deployment in the context of a AI Engineer position?
Data Scientist,Behavioral,Share an example when you had to learn a new tool or technique for machine learning model selection quickly.
Interactive Media Specialist,Behavioral,Tell me about a time you faced a challenge involving multimedia authoring tools and how you handled it.
Interactive Media Specialist,Leadership,How would you lead a team building a AR/VR basics feature from concept to production in a Interactive Media Specialist context?
UX/UI Designer,Leadership,Explain how you would handle conflict between team members over approaches to information architecture.
Full Stack Developer,Behavioral,Tell me about a time you faced a challenge involving RESTful API design and how you handled it.
Backend Developer,Technical,Walk me through the steps to implement microservices for a Backend Developer project (in a cloud-native environment).
Information Systems Engineer,Leadership,How do you foster a culture of quality and security around requirements gathering in your team?
Network Engineer,Technical,What are common pitfalls when working with network monitoring and how do you avoid them?
Network Engineer,Technical,How would you design a solution for routing protocols in the context of a Network Engineer position?
Interactive Media Specialist,Technical,How would you design a solution for AR/VR basics in the context of a Interactive Media Specialist position?
Frontend Developer,Leadership,Share your strategy to prioritize work and align stakeholders when implementing CSS layout techniques.
Data Scientist,Leadership,Share your strategy to prioritize work and align stakeholders when implementing machine learning model selection.
Backend Developer,Leadership,How would you lead a team building a asynchronous processing feature from concept to production in a Backend Developer context? (in a cloud-native environment).
Computer Scientist,Behavioral,Have you ever had to persuade stakeholders about an approach to concurrency? What happened?
UX/UI Designer,Experience,What experience do you have with usability testing in past projects and what was the outcome?
UX/UI Designer,Behavioral,Tell me about a time you faced a challenge involving wireframing and how you handled it.
AI Engineer,Problem Solving,Here's a problem: how would you approach optimizing fine-tuning models for a large-scale AI Engineer system?
Computer Scientist,Leadership,Share your strategy to prioritize work and align stakeholders when implementing compiler design.
Backend Developer,Behavioral,Tell me about a time you faced a challenge involving security best practices and how you handled it.
Cyber Security Engineer,Leadership,How would you lead a team building a threat modeling feature from concept to production in a Cyber Security Engineer context?
Computer Scientist,Technical,How would you design a solution for algorithms complexity in the context of a Computer Scientist position?
Backend Developer,Leadership,Describe how you'd mentor junior engineers/designers on best practices for scalability.
Full Stack Developer,Problem Solving,"Given a scenario with frontend-backend integration failures, outline your debugging and mitigation steps for a Full Stack Developer role."
Backend Developer,Experience,Which tools or frameworks have you used for scalability and which did you prefer? Why?
AI Engineer,Behavioral,Describe a situation where you had to collaborate with others to solve a problem related to fine-tuning models.
Cyber Security Engineer,Technical,Walk me through the steps to implement encryption and cryptography for a Cyber Security Engineer project (in a cloud-native environment).
Interactive Media Specialist,Problem Solving,Propose a solution to improve performance optimization for media when faced with limited resources in a Interactive Media Specialist project (with limited budget and time).
Information Systems Engineer,Experience,Describe a project where you used requirements gathering and the role you played in it.
AI Engineer,Problem Solving,Propose a solution to improve prompt engineering when faced with limited resources in a AI Engineer project.
AI Engineer,Problem Solving,Here's a problem: how would you approach optimizing model interpretability for a large-scale AI Engineer system?
AI Engineer,Technical,Describe the trade-offs between different approaches to transformers for a AI Engineer.
Interactive Media Specialist,Technical,What are common pitfalls when working with UX for interactive media and how do you avoid them?
Network Engineer,Leadership,Describe how you'd mentor junior engineers/designers on best practices for VPNs.
Cyber Security Engineer,Behavioral,Describe a situation where you had to collaborate with others to solve a problem related to vulnerability assessment.
Data Scientist,Technical,How would you design a solution for feature engineering in the context of a Data Scientist position? (for a legacy system).
Frontend Developer,Technical,Explain the key concepts of cross-browser compatibility and how you would apply them in a Frontend Developer role.
Backend Developer,Problem Solving,"Given a scenario with database transactions failures, outline your debugging and mitigation steps for a Backend Developer role (in a cloud-native environment)."
Computer Scientist,Behavioral,Share an example when you had to learn a new tool or technique for algorithms complexity quickly (with limited budget and time).
AI Engineer,Technical,Walk me through the steps to implement prompt engineering for a AI Engineer project.
Network Engineer,Technical,What are common pitfalls when working with network troubleshooting and how do you avoid them?
Full Stack Developer,Leadership,Share your strategy to prioritize work and align stakeholders when implementing frontend-backend integration.
Frontend Developer,Experience,Which tools or frameworks have you used for cross-browser compatibility and which did you prefer? Why?
Frontend Developer,Behavioral,Describe how you manage competing priorities when working on web performance tasks (in a cloud-native environment).
Data Scientist,Behavioral,Describe how you manage competing priorities when working on data preprocessing tasks.
UX/UI Designer,Leadership,Share your strategy to prioritize work and align stakeholders when implementing information architecture (in a cloud-native environment).
UX/UI Designer,Problem Solving,"Given a scenario with usability testing failures, outline your debugging and mitigation steps for a UX/UI Designer role (in a cloud-native environment)."
Information Systems Engineer,Leadership,How do you foster a culture of quality and security around business process modeling in your team? (in a cloud-native environment).
Computer Scientist,Leadership,Share your strategy to prioritize work and align stakeholders when implementing operating systems (considering performance at scale).
AI Engineer,Problem Solving,Design an algorithm or approach to solve MLOps in a AI Engineer setting. Explain complexity.
Information Systems Engineer,Leadership,Explain how you would handle conflict between team members over approaches to systems analysis (in a cloud-native environment).
Data Scientist,Technical,Explain the key concepts of machine learning model selection and how you would apply them in a Data Scientist role (considering performance at scale).
UX/UI Designer,Leadership,Share your strategy to prioritize work and align stakeholders when implementing design systems.
Network Engineer,Experience,Discuss a system you built that relied on switching concepts and the biggest lessons learned.
Data Scientist,Experience,How have you measured success when working on A/B testing initiatives? (while ensuring accessibility).
Computer Scientist,Technical,Walk me through the steps to implement concurrency for a Computer Scientist project (with limited budget and time).
Data Scientist,Leadership,How do you foster a culture of quality and security around time series forecasting in your team?
AI Engineer,Technical,Describe the trade-offs between different approaches to MLOps for a AI Engineer (while ensuring accessibility).
Data Scientist,Experience,Which tools or frameworks have you used for data preprocessing and which did you prefer? Why?
Data Scientist,Technical,Walk me through the steps to implement deep learning architectures for a Data Scientist project (in a cloud-native environment).
Full Stack Developer,Problem Solving,Here's a problem: how would you approach optimizing performance optimization for a large-scale Full Stack Developer system?
Full Stack Developer,Behavioral,Share an example when you had to learn a new tool or technique for deployment quickly.
Cyber Security Engineer,Experience,What experience do you have with vulnerability assessment in past projects and what was the outcome?
Cyber Security Engineer,Problem Solving,Design an algorithm or approach to solve threat modeling in a Cyber Security Engineer setting. Explain complexity.
AI Engineer,Problem Solving,Design an algorithm or approach to solve prompt engineering in a AI Engineer setting. Explain complexity.
Backend Developer,Leadership,How do you foster a culture of quality and security around API versioning in your team?
Frontend Developer,Problem Solving,How would you break down a complex cross-browser compatibility problem into smaller tasks for a Frontend Developer team?
AI Engineer,Technical,Describe the trade-offs between different approaches to MLOps for a AI Engineer (considering performance at scale).
Backend Developer,Experience,Describe a project where you used caching strategies and the role you played in it.
Full Stack Developer,Problem Solving,Here's a problem: how would you approach optimizing database schema design for a large-scale Full Stack Developer system?
AI Engineer,Leadership,Share your strategy to prioritize work and align stakeholders when implementing MLOps.
Backend Developer,Leadership,Explain how you would handle conflict between team members over approaches to database transactions.
UX/UI Designer,Experience,How have you measured success when working on user research methods initiatives?
Information Systems Engineer,Technical,Describe the trade-offs between different approaches to ERP systems for a Information Systems Engineer (for a legacy system).
Interactive Media Specialist,Technical,Explain the key concepts of multimedia authoring tools and how you would apply them in a Interactive Media Specialist role.
Full Stack Developer,Problem Solving,Design an algorithm or approach to solve frontend-backend integration in a Full Stack Developer setting. Explain complexity (considering performance at scale).
Cyber Security Engineer,Problem Solving,How would you break down a complex threat modeling problem into smaller tasks for a Cyber Security Engineer team?
Backend Developer,Behavioral,Describe how you manage competing priorities when working on asynchronous processing tasks.
Computer Scientist,Leadership,Describe how you'd mentor junior engineers/designers on best practices for computational theory.
Frontend Developer,Leadership,How do you foster a culture of quality and security around JavaScript event handling in your team?
UX/UI Designer,Technical,How would you design a solution for usability testing in the context of a UX/UI Designer position? (while ensuring accessibility).
Cyber Security Engineer,Problem Solving,Propose a solution to improve incident response when faced with limited resources in a Cyber Security Engineer project.
Network Engineer,Technical,Walk me through the steps to implement network troubleshooting for a Network Engineer project.
Backend Developer,Behavioral,Describe a situation where you had to collaborate with others to solve a problem related to scalability (while ensuring accessibility).
Interactive Media Specialist,Technical,Explain the key concepts of game mechanics and how you would apply them in a Interactive Media Specialist role.
Full Stack Developer,Behavioral,Share an example when you had to learn a new tool or technique for deployment quickly.
Data Scientist,Technical,How would you design a solution for model evaluation metrics in the context of a Data Scientist position?
Network Engineer,Leadership,Explain how you would handle conflict between team members over approaches to network monitoring.
Frontend Developer,Experience,Which tools or frameworks have you used for react hooks and which did you prefer? Why? (considering performance at scale).
Backend Developer,Behavioral,Tell me about a time you faced a challenge involving API versioning and how you handled it.
Data Scientist,Problem Solving,Propose a solution to improve time series forecasting when faced with limited resources in a Data Scientist project (in a cloud-native environment).
Cyber Security Engineer,Experience,Describe a project where you used incident response and the role you played in it.
Network Engineer,Leadership,Explain how you would handle conflict between team members over approaches to network troubleshooting (in a cloud-native environment).
Frontend Developer,Behavioral,Tell me about a time you faced a challenge involving web performance and how you handled it.
Network Engineer,Technical,Explain the key concepts of network monitoring and how you would apply them in a Network Engineer role (in a cloud-native environment).
Interactive Media Specialist,Leadership,Share your strategy to prioritize work and align stakeholders when implementing performance optimization for media.
Interactive Media Specialist,Behavioral,Tell me about a time you faced a challenge involving multimedia authoring tools and how you handled it.
AI Engineer,Behavioral,Describe how you manage competing priorities when working on model interpretability tasks.
Data Scientist,Leadership,How do you foster a culture of quality and security around model evaluation metrics in your team?
Data Scientist,Leadership,Explain how you would handle conflict between team members over approaches to A/B testing.
UX/UI Designer,Experience,Describe a project where you used design systems and the role you played in it.
Network Engineer,Problem Solving,"Given a scenario with VPNs failures, outline your debugging and mitigation steps for a Network Engineer role."
AI Engineer,Behavioral,Share an example when you had to learn a new tool or technique for fine-tuning models quickly.
Cyber Security Engineer,Technical,Describe the trade-offs between different approaches to threat modeling for a Cyber Security Engineer.
Cyber Security Engineer,Technical,Walk me through the steps to implement encryption and cryptography for a Cyber Security Engineer project (considering performance at scale).
AI Engineer,Behavioral,Tell me about a time you faced a challenge involving model interpretability and how you handled it.
Backend Developer,Leadership,How would you lead a team building a caching strategies feature from concept to production in a Backend Developer context?
Backend Developer,Leadership,How would you lead a team building a security best practices feature from concept to production in a Backend Developer context?
Frontend Developer,Problem Solving,Propose a solution to improve web performance when faced with limited resources in a Frontend Developer project.
UX/UI Designer,Problem Solving,Propose a solution to improve information architecture when faced with limited resources in a UX/UI Designer project.
Information Systems Engineer,Problem Solving,Propose a solution to improve systems analysis when faced with limited resources in a Information Systems Engineer project.
Interactive Media Specialist,Experience,How have you measured success when working on UX for interactive media initiatives?
UX/UI Designer,Problem Solving,Design an algorithm or approach to solve information architecture in a UX/UI Designer setting. Explain complexity.
Data Scientist,Leadership,Describe how you'd mentor junior engineers/designers on best practices for time series forecasting.
UX/UI Designer,Experience,Which tools or frameworks have you used for user research methods and which did you prefer? Why?
Interactive Media Specialist,Experience,Discuss a system you built that relied on audio-visual synchronization and the biggest lessons learned.
Computer Scientist,Technical,What are common pitfalls when working with distributed systems and how do you avoid them?
Network Engineer,Experience,How have you measured success when working on network troubleshooting initiatives?
Information Systems Engineer,Experience,Describe a project where you used database management and the role you played in it (for a legacy system).
Full Stack Developer,Leadership,Share your strategy to prioritize work and align stakeholders when implementing authentication.
Full Stack Developer,Behavioral,Describe how you manage competing priorities when working on performance optimization tasks.
Information Systems Engineer,Leadership,Share your strategy to prioritize work and align stakeholders when implementing database management (with limited budget and time).
Computer Scientist,Behavioral,Describe how you manage competing priorities when working on operating systems tasks.
AI Engineer,Technical,Explain the key concepts of prompt engineering and how you would apply them in a AI Engineer role (for a legacy system).
Computer Scientist,Leadership,Explain how you would handle conflict between team members over approaches to algorithms complexity.
Data Scientist,Technical,How would you design a solution for deep learning architectures in the context of a Data Scientist position?
Data Scientist,Technical,What are common pitfalls when working with time series forecasting and how do you avoid them?
AI Engineer,Leadership,How would you lead a team building a fine-tuning models feature from concept to production in a AI Engineer context?
AI Engineer,Leadership,Share your strategy to prioritize work and align stakeholders when implementing prompt engineering.
Interactive Media Specialist,Problem Solving,Design an algorithm or approach to solve game mechanics in a Interactive Media Specialist setting. Explain complexity.
Computer Scientist,Experience,How have you measured success when working on algorithms complexity initiatives?
Full Stack Developer,Behavioral,Share an example when you had to learn a new tool or technique for authentication quickly.
Data Scientist,Behavioral,Tell me about a time you faced a challenge involving A/B testing and how you handled it.
Full Stack Developer,Behavioral,Describe a situation where you had to collaborate with others to solve a problem related to performance optimization.
AI Engineer,Technical,Walk me through the steps to implement MLOps for a AI Engineer project.
Network Engineer,Leadership,How would you lead a team building a QoS feature from concept to production in a Network Engineer context?
Data Scientist,Experience,Discuss a system you built that relied on time series forecasting and the biggest lessons learned.
Frontend Developer,Behavioral,Describe a situation where you had to collaborate with others to solve a problem related to responsive design.
Network Engineer,Problem Solving,Design an algorithm or approach to solve network troubleshooting in a Network Engineer setting. Explain complexity (considering performance at scale).
AI Engineer,Behavioral,Describe how you manage competing priorities when working on continuously learning systems tasks.
Network Engineer,Problem Solving,Design an algorithm or approach to solve VPNs in a Network Engineer setting. Explain complexity.
UX/UI Designer,Experience,How have you measured success when working on prototyping tools initiatives?
Network Engineer,Behavioral,Describe a situation where you had to collaborate with others to solve a problem related to routing protocols (considering performance at scale).
Network Engineer,Technical,How would you design a solution for network troubleshooting in the context of a Network Engineer position?
Information Systems Engineer,Experience,Discuss a system you built that relied on systems analysis and the biggest lessons learned.
Backend Developer,Behavioral,Tell me about a time you faced a challenge involving security best practices and how you handled it.
Network Engineer,Problem Solving,How would you break down a complex network troubleshooting problem into smaller tasks for a Network Engineer team?
Backend Developer,Leadership,Share your strategy to prioritize work and align stakeholders when implementing scalability.
Full Stack Developer,Technical,Describe the trade-offs between different approaches to RESTful API design for a Full Stack Developer.
Cyber Security Engineer,Experience,Describe a project where you used vulnerability assessment and the role you played in it.
Information Systems Engineer,Leadership,Share your strategy to prioritize work and align stakeholders when implementing requirements gathering.
Full Stack Developer,Technical,What are common pitfalls when working with authentication and how do you avoid them?
Full Stack Developer,Problem Solving,How would you break down a complex database schema design problem into smaller tasks for a Full Stack Developer team?
Cyber Security Engineer,Experience,Describe a project where you used encryption and cryptography and the role you played in it.
Information Systems Engineer,Experience,Describe a project where you used enterprise architecture and the role you played in it.
Data Scientist,Technical,What are common pitfalls when working with data preprocessing and how do you avoid them?
Computer Scientist,Behavioral,Describe how you manage competing priorities when working on compiler design tasks.
AI Engineer,Behavioral,Describe a situation where you had to collaborate with others to solve a problem related to MLOps (considering performance at scale).
Data Scientist,Behavioral,Share an example when you had to learn a new tool or technique for time series forecasting quickly.
Frontend Developer,Leadership,How do you foster a culture of quality and security around accessibility (a11y) in your team? (with limited budget and time).
Network Engineer,Technical,Describe the trade-offs between different approaches to routing protocols for a Network Engineer.
UX/UI Designer,Problem Solving,How would you break down a complex user research methods problem into smaller tasks for a UX/UI Designer team?
Data Scientist,Leadership,How would you lead a team building a data preprocessing feature from concept to production in a Data Scientist context?
Frontend Developer,Behavioral,Describe how you manage competing priorities when working on web performance tasks (considering performance at scale).
AI Engineer,Leadership,How do you foster a culture of quality and security around continuously learning systems in your team?
Backend Developer,Technical,Explain the key concepts of database transactions and how you would apply them in a Backend Developer role (considering performance at scale).
Data Scientist,Problem Solving,Design an algorithm or approach to solve model evaluation metrics in a Data Scientist setting. Explain complexity.
Cyber Security Engineer,Problem Solving,"Given a scenario with vulnerability assessment failures, outline your debugging and mitigation steps for a Cyber Security Engineer role."
Backend Developer,Leadership,Share your strategy to prioritize work and align stakeholders when implementing caching strategies.
Cyber Security Engineer,Behavioral,Tell me about a time you faced a challenge involving threat modeling and how you handled it.
Computer Scientist,Behavioral,Have you ever had to persuade stakeholders about an approach to compiler design? What happened?
AI Engineer,Problem Solving,Here's a problem: how would you approach optimizing prompt engineering for a large-scale AI Engineer system?
Data Scientist,Leadership,How do you foster a culture of quality and security around feature engineering in your team?
Full Stack Developer,Problem Solving,"Given a scenario with authentication failures, outline your debugging and mitigation steps for a Full Stack Developer role."
UX/UI Designer,Experience,Which tools or frameworks have you used for usability testing and which did you prefer? Why?
Data Scientist,Problem Solving,"Given a scenario with machine learning model selection failures, outline your debugging and mitigation steps for a Data Scientist role."
Network Engineer,Leadership,Explain how you would handle conflict between team members over approaches to VPNs.
AI Engineer,Problem Solving,Design an algorithm or approach to solve model deployment in a AI Engineer setting. Explain complexity.
Network Engineer,Technical,How would you design a solution for network monitoring in the context of a Network Engineer position?
Data Scientist,Experience,Describe a project where you used machine learning model selection and the role you played in it.
Information Systems Engineer,Experience,Which tools or frameworks have you used for systems analysis and which did you prefer? Why?
AI Engineer,Problem Solving,"Given a scenario with prompt engineering failures, outline your debugging and mitigation steps for a AI Engineer role (while ensuring accessibility)."
Interactive Media Specialist,Leadership,Describe how you'd mentor junior engineers/designers on best practices for game mechanics (in a cloud-native environment).
Frontend Developer,Technical,Explain the key concepts of accessibility (a11y) and how you would apply them in a Frontend Developer role.
Backend Developer,Experience,Discuss a system you built that relied on API versioning and the biggest lessons learned (with limited budget and time).
Computer Scientist,Experience,How have you measured success when working on algorithms complexity initiatives?
Full Stack Developer,Leadership,Describe how you'd mentor junior engineers/designers on best practices for performance optimization (for a legacy system).
Interactive Media Specialist,Problem Solving,How would you break down a complex multimedia authoring tools problem into smaller tasks for a Interactive Media Specialist team?
Data Scientist,Technical,Describe the trade-offs between different approaches to data preprocessing for a Data Scientist.
Cyber Security Engineer,Leadership,Explain how you would handle conflict between team members over approaches to encryption and cryptography.
Computer Scientist,Behavioral,Tell me about a time you faced a challenge involving data structures and how you handled it.
Data Scientist,Problem Solving,Propose a solution to improve model evaluation metrics when faced with limited resources in a Data Scientist project (for a legacy system).
Network Engineer,Experience,What experience do you have with routing protocols in past projects and what was the outcome?
Computer Scientist,Technical,Walk me through the steps to implement computational theory for a Computer Scientist project.
UX/UI Designer,Behavioral,Describe how you manage competing priorities when working on prototyping tools tasks.
AI Engineer,Behavioral,Describe how you manage competing priorities when working on continuously learning systems tasks.
Network Engineer,Leadership,Explain how you would handle conflict between team members over approaches to VPNs.
Backend Developer,Problem Solving,Here's a problem: how would you approach optimizing security best practices for a large-scale Backend Developer system?
Backend Developer,Problem Solving,How would you break down a complex scalability problem into smaller tasks for a Backend Developer team?
Network Engineer,Technical,Describe the trade-offs between different approaches to network troubleshooting for a Network Engineer.
Full Stack Developer,Experience,Discuss a system you built that relied on authentication and the biggest lessons learned.
Cyber Security Engineer,Technical,Walk me through the steps to implement vulnerability assessment for a Cyber Security Engineer project.
Full Stack Developer,Leadership,Explain how you would handle conflict between team members over approaches to authentication (considering performance at scale).
Data Scientist,Leadership,How do you foster a culture of quality and security around A/B testing in your team?
Computer Scientist,Experience,Describe a project where you used algorithms complexity and the role you played in it (while ensuring accessibility).
Frontend Developer,Technical,Describe the trade-offs between different approaches to accessibility (a11y) for a Frontend Developer (in a cloud-native environment).
Data Scientist,Experience,Discuss a system you built that relied on feature engineering and the biggest lessons learned.
Full Stack Developer,Experience,Describe a project where you used authentication and the role you played in it.
Network Engineer,Leadership,Share your strategy to prioritize work and align stakeholders when implementing subnetting and CIDR (considering performance at scale).
AI Engineer,Problem Solving,Propose a solution to improve prompt engineering when faced with limited resources in a AI Engineer project.
Cyber Security Engineer,Leadership,Explain how you would handle conflict between team members over approaches to network security.
Computer Scientist,Behavioral,Tell me about a time you faced a challenge involving operating systems and how you handled it (with limited budget and time).
Backend Developer,Leadership,Explain how you would handle conflict between team members over approaches to asynchronous processing.
Frontend Developer,Problem Solving,Here's a problem: how would you approach optimizing web performance for a large-scale Frontend Developer system? (for a legacy system).
Full Stack Developer,Leadership,Explain how you would handle conflict between team members over approaches to state management.
Data Scientist,Technical,How would you design a solution for deep learning architectures in the context of a Data Scientist position?
AI Engineer,Leadership,Explain how you would handle conflict between team members over approaches to MLOps.
Full Stack Developer,Problem Solving,Here's a problem: how would you approach optimizing database schema design for a large-scale Full Stack Developer system?
UX/UI Designer,Behavioral,Describe a situation where you had to collaborate with others to solve a problem related to wireframing.
Cyber Security Engineer,Behavioral,Tell me about a time you faced a challenge involving network security and how you handled it.
UX/UI Designer,Technical,Explain the key concepts of accessibility design and how you would apply them in a UX/UI Designer role.
Network Engineer,Experience,Discuss a system you built that relied on switching concepts and the biggest lessons learned.
Computer Scientist,Experience,What experience do you have with compiler design in past projects and what was the outcome?
Data Scientist,Technical,Explain the key concepts of time series forecasting and how you would apply them in a Data Scientist role (in a cloud-native environment).
Backend Developer,Problem Solving,Here's a problem: how would you approach optimizing microservices for a large-scale Backend Developer system?
Backend Developer,Problem Solving,Propose a solution to improve database transactions when faced with limited resources in a Backend Developer project (in a cloud-native environment).
Data Scientist,Behavioral,Have you ever had to persuade stakeholders about an approach to time series forecasting? What happened?
Computer Scientist,Experience,What experience do you have with compiler design in past projects and what was the outcome?
Interactive Media Specialist,Leadership,Describe how you'd mentor junior engineers/designers on best practices for AR/VR basics.
Cyber Security Engineer,Experience,Describe a project where you used IAM (Identity and Access Management) and the role you played in it.
Cyber Security Engineer,Technical,Walk me through the steps to implement incident response for a Cyber Security Engineer project (while ensuring accessibility).
Frontend Developer,Technical,How would you design a solution for cross-browser compatibility in the context of a Frontend Developer position?
Data Scientist,Experience,How have you measured success when working on feature engineering initiatives?
AI Engineer,Problem Solving,How would you break down a complex prompt engineering problem into smaller tasks for a AI Engineer team?
Full Stack Developer,Problem Solving,"Given a scenario with database schema design failures, outline your debugging and mitigation steps for a Full Stack Developer role (considering performance at scale)."
Network Engineer,Behavioral,Tell me about a time you faced a challenge involving switching concepts and how you handled it.
Information Systems Engineer,Technical,What are common pitfalls when working with business process modeling and how do you avoid them?
Interactive Media Specialist,Problem Solving,How would you break down a complex UX for interactive media problem into smaller tasks for a Interactive Media Specialist team?
Full Stack Developer,Technical,Explain the key concepts of database schema design and how you would apply them in a Full Stack Developer role.
Full Stack Developer,Behavioral,Describe how you manage competing priorities when working on frontend-backend integration tasks (in a cloud-native environment).
Full Stack Developer,Behavioral,Have you ever had to persuade stakeholders about an approach to authentication? What happened?
UX/UI Designer,Leadership,Explain how you would handle conflict between team members over approaches to user research methods.
Full Stack Developer,Behavioral,Have you ever had to persuade stakeholders about an approach to authentication? What happened?
AI Engineer,Behavioral,Share an example when you had to learn a new tool or technique for model interpretability quickly.
Data Scientist,Technical,Describe the trade-offs between different approaches to feature engineering for a Data Scientist.
Cyber Security Engineer,Technical,What are common pitfalls when working with secure coding practices and how do you avoid them?
Interactive Media Specialist,Experience,Describe a project where you used UX for interactive media and the role you played in it.
Data Scientist,Behavioral,Have you ever had to persuade stakeholders about an approach to deep learning architectures? What happened?
Full Stack Developer,Leadership,Explain how you would handle conflict between team members over approaches to performance optimization (in a cloud-native environment).
Cyber Security Engineer,Problem Solving,Here's a problem: how would you approach optimizing threat modeling for a large-scale Cyber Security Engineer system?
Network Engineer,Leadership,How would you lead a team building a VPNs feature from concept to production in a Network Engineer context? (for a legacy system).
Information Systems Engineer,Leadership,How do you foster a culture of quality and security around business process modeling in your team? (while ensuring accessibility).
Data Scientist,Experience,Which tools or frameworks have you used for A/B testing and which did you prefer? Why?
AI Engineer,Experience,Which tools or frameworks have you used for prompt engineering and which did you prefer? Why? (for a legacy system).
Data Scientist,Experience,What experience do you have with A/B testing in past projects and what was the outcome?
Backend Developer,Problem Solving,How would you break down a complex scalability problem into smaller tasks for a Backend Developer team?
AI Engineer,Behavioral,Describe a situation where you had to collaborate with others to solve a problem related to MLOps.
Backend Developer,Problem Solving,How would you break down a complex scalability problem into smaller tasks for a Backend Developer team?
Frontend Developer,Problem Solving,How would you break down a complex JavaScript event handling problem into smaller tasks for a Frontend Developer team?
Computer Scientist,Experience,Discuss a system you built that relied on algorithms complexity and the biggest lessons learned (considering performance at scale).
Network Engineer,Technical,Walk me through the steps to implement network troubleshooting for a Network Engineer project.
Full Stack Developer,Leadership,Explain how you would handle conflict between team members over approaches to authentication (while ensuring accessibility).
Network Engineer,Problem Solving,Propose a solution to improve routing protocols when faced with limited resources in a Network Engineer project (for a legacy system).
Network Engineer,Leadership,How do you foster a culture of quality and security around routing protocols in your team?
Interactive Media Specialist,Technical,Walk me through the steps to implement UX for interactive media for a Interactive Media Specialist project (with limited budget and time).
Network Engineer,Technical,What are common pitfalls when working with QoS and how do you avoid them?
Computer Scientist,Leadership,Explain how you would handle conflict between team members over approaches to computational theory.
Data Scientist,Technical,Describe the trade-offs between different approaches to deep learning architectures for a Data Scientist.
UX/UI Designer,Problem Solving,"Given a scenario with information architecture failures, outline your debugging and mitigation steps for a UX/UI Designer role."
Interactive Media Specialist,Leadership,Share your strategy to prioritize work and align stakeholders when implementing performance optimization for media.
Interactive Media Specialist,Problem Solving,How would you break down a complex multimedia authoring tools problem into smaller tasks for a Interactive Media Specialist team? (in a cloud-native environment).
Data Scientist,Experience,How have you measured success when working on model evaluation metrics initiatives?
Network Engineer,Experience,How have you measured success when working on subnetting and CIDR initiatives?
Cyber Security Engineer,Behavioral,Have you ever had to persuade stakeholders about an approach to incident response? What happened? (for a legacy system).
Data Scientist,Leadership,Share your strategy to prioritize work and align stakeholders when implementing machine learning model selection.
Information Systems Engineer,Leadership,Share your strategy to prioritize work and align stakeholders when implementing IT governance.
Frontend Developer,Experience,Describe a project where you used responsive design and the role you played in it.
Computer Scientist,Behavioral,Describe how you manage competing priorities when working on operating systems tasks.
Cyber Security Engineer,Technical,Walk me through the steps to implement IAM (Identity and Access Management) for a Cyber Security Engineer project.
Network Engineer,Problem Solving,How would you break down a complex routing protocols problem into smaller tasks for a Network Engineer team?
UX/UI Designer,Behavioral,Tell me about a time you faced a challenge involving usability testing and how you handled it.
Cyber Security Engineer,Problem Solving,Design an algorithm or approach to solve encryption and cryptography in a Cyber Security Engineer setting. Explain complexity.
Backend Developer,Experience,Which tools or frameworks have you used for API versioning and which did you prefer? Why?
Cyber Security Engineer,Behavioral,Describe how you manage competing priorities when working on secure coding practices tasks.
Information Systems Engineer,Technical,Explain the key concepts of business process modeling and how you would apply them in a Information Systems Engineer role (for a legacy system).
Backend Developer,Behavioral,Describe how you manage competing priorities when working on scalability tasks.
Information Systems Engineer,Experience,What experience do you have with systems analysis in past projects and what was the outcome?
Information Systems Engineer,Technical,Walk me through the steps to implement IT governance for a Information Systems Engineer project (with limited budget and time).
Cyber Security Engineer,Behavioral,Describe how you manage competing priorities when working on threat modeling tasks.
UX/UI Designer,Leadership,How do you foster a culture of quality and security around accessibility design in your team?
